{"stats":{"minecraft:broken":{"minecraft:stone_pickaxe":1,"toughasnails:copper_water_canteen":2,"toughasnails:gold_water_canteen":2,"minecraft:iron_pickaxe":5},"minecraft:killed_by":{"zombies_plus:bow_zombie":5,"minecraft:drowned":5,"mozombies_wave:zombie_chef":3,"mozombies_wave:zombie_pirate":2,"undeadnights:horde_zombie":3,"mozombies_wave:zombie_notch":1,"minecraft:vindicator":2,"zombies_plus:brute_zombie":2,"mozombies_wave:zombie_cyborg":2,"mozombies_wave:zombie_herobrine":2,"minecraft:zombie":8,"minecraft:player":12,"zombies_plus:runner_zombie":7,"zombies_plus:sword_zombie":2,"mozombies_wave:zombie_dwarf":2,"mozombies_wave:disco_zombie":2,"mozombies_wave:zombie_pa":2,"zombies_plus:leaper_zombie":3,"zombies_plus:axe_zombie":1,"mozombies_wave:zombie_miner":4},"minecraft:custom":{"minecraft:interact_with_crafting_table":105,"minecraft:open_barrel":2,"minecraft:leave_game":21,"minecraft:time_since_death":11644,"minecraft:sprint_one_cm":1841240,"minecraft:damage_blocked_by_shield":2627,"minecraft:drop":569,"minecraft:play_noteblock":8,"minecraft:talked_to_villager":52,"minecraft:play_time":874397,"minecraft:deaths":82,"minecraft:jump":14817,"minecraft:walk_on_water_one_cm":400402,"minecraft:interact_with_furnace":330,"minecraft:traded_with_villager":93,"minecraft:sleep_in_bed":16,"minecraft:damage_dealt":162588,"minecraft:player_kills":10,"minecraft:crouch_one_cm":305981,"minecraft:interact_with_smoker":103,"minecraft:interact_with_anvil":4,"minecraft:mob_kills":962,"minecraft:climb_one_cm":16208,"minecraft:walk_one_cm":1563726,"minecraft:sneak_time":101987,"minecraft:walk_under_water_one_cm":269812,"minecraft:boat_one_cm":1165292,"minecraft:interact_with_blast_furnace":133,"minecraft:total_world_time":874397,"minecraft:tune_noteblock":1,"minecraft:time_since_rest":11672,"minecraft:damage_taken":91524,"minecraft:swim_one_cm":517941,"minecraft:fly_one_cm":2646298,"minecraft:open_chest":636,"minecraft:fall_one_cm":275184},"minecraft:dropped":{"minecraft:iron_sword":4,"minecraft:dark_oak_stairs":2,"minecraft:cooked_beef":5,"minecraft:diamond":2,"minecraft:crafting_table":5,"minecraft:dark_oak_sapling":2,"minecraft:dark_oak_slab":2,"biomesoplenty:mahogany_planks":125,"hwg:bullets":9,"plentyofarmors:copper_boots":1,"minecraft:leather":7,"minecraft:rail":11,"minecraft:leather_helmet":4,"minecraft:emerald":29,"biomesoplenty:fir_sapling":106,"minecraft:cod":2,"minecraft:flint":1,"minecraft:dirt":106,"plentyofarmors:lapis_boots":2,"minecraft:mutton":2,"biomesoplenty:mahogany_boat":1,"minecraft:wooden_sword":1,"minecraft:gold_nugget":17,"minecraft:phantom_membrane":2,"minecraft:sand":2,"minecraft:sugar":1,"minecraft:iron_pickaxe":1,"minecraft:dark_oak_planks":11,"minecraft:white_wool":2,"minecraft:gold_ingot":2,"biomesoplenty:mahogany_slab":10,"minecraft:bone":17,"minecraft:gravel":18,"minecraft:note_block":5,"minecraft:stone_axe":2,"plentyofarmors:copper_chestplate":3,"plentyofarmors:ice_shard":2,"minecraft:sugar_cane":1,"minecraft:iron_nugget":12,"minecraft:golden_chestplate":2,"minecraft:detector_rail":4,"minecraft:cobbled_deepslate":19,"minecraft:obsidian":1,"hwg:pistol":1,"minecraft:rotten_flesh":407,"minecraft:black_terracotta":2,"universal_graves:grave_compass":13,"minecraft:oak_planks":2,"minecraft:cooked_mutton":5,"toughasnails:copper_water_canteen":2,"minecraft:carrot":10,"minecraft:leather_chestplate":2,"minecraft:gunpowder":103,"minecraft:leather_boots":1,"minecraft:beetroot_seeds":2,"minecraft:stone_brick_wall":2,"minecraft:chest":1,"minecraft:leather_leggings":10,"minecraft:spruce_slab":12,"mozombies_wave:disco_glasses":1,"biomesoplenty:mahogany_sapling":9,"minecraft:beef":14,"minecraft:stone_brick_stairs":3,"biomesoplenty:mahogany_log":21,"minecraft:enchanted_book":1,"minecraft:golden_boots":6,"minecraft:iron_ingot":8,"minecraft:bread":1,"travelersbackpack:cow":1,"minecraft:wheat_seeds":5,"minecraft:golden_helmet":8,"plentyofarmors:lapis_helmet":1,"biomesoplenty:fir_boat":2,"hwg:shotgun":1,"minecraft:feather":2,"minecraft:iron_helmet":2,"minecraft:cobblestone":29,"minecraft:book":11,"minecraft:amethyst_block":2,"minecraft:apple":4,"minecraft:granite":1,"minecraft:copper_ingot":6,"minecraft:spruce_door":1,"contagion:heat_treated_flesh":3,"minecraft:grass_block":3,"minecraft:spruce_stairs":2,"biomesoplenty:fir_slab":60,"minecraft:chainmail_helmet":2,"minecraft:coal":37,"contagion:contagious_flesh":18,"minecraft:stick":12,"minecraft:oxeye_daisy":2,"minecraft:deepslate_brick_stairs":3,"plentyofarmors:copper_helmet":1,"minecraft:torch":27,"biomesoplenty:fir_trapdoor":2,"minecraft:wooden_axe":3,"minecraft:iron_leggings":3,"tacz:modern_kinetic_gun":4,"minecraft:iron_axe":2,"minecraft:iron_shovel":3,"minecraft:string":6,"minecraft:lily_pad":1,"minecraft:spruce_sapling":1,"minecraft:redstone":3,"minecraft:smooth_basalt":6,"minecraft:furnace":4,"minecraft:blue_terracotta":2,"toughasnails:leather_water_canteen":2,"minecraft:kelp":42,"minecraft:green_terracotta":1,"minecraft:stone_sword":1,"minecraft:raw_copper":20,"minecraft:jukebox":1,"minecraft:tuff":4,"minecraft:raw_iron":13,"minecraft:chicken":1,"minecraft:white_carpet":1,"minecraft:light_gray_wool":3,"minecraft:iron_boots":2,"minecraft:smoker":2,"minecraft:stone_slab":2,"minecraft:potato":209,"minecraft:shield":3,"minecraft:flower_pot":1,"biomesoplenty:fir_planks":102,"minecraft:mossy_stone_bricks":2,"minecraft:golden_leggings":1,"minecraft:oak_boat":2,"minecraft:oak_sapling":12,"minecraft:redstone_torch":3,"minecraft:stone_bricks":4,"minecraft:spider_eye":7,"minecraft:sandstone":1,"biomesoplenty:fir_pressure_plate":1,"minecraft:wooden_pickaxe":4,"minecraft:stone_pickaxe":4,"minecraft:calcite":1,"biomesoplenty:fir_log":135},"minecraft:killed":{"zombies_plus:slow_zombie":14,"mozombies_wave:zombie_king":4,"zombies_plus:shrieker_zombie":6,"mozombies_wave:zombie_chef":14,"minecraft:witch":2,"mozombies_wave:nether_zombie":8,"zombies_plus:cave_zombie":41,"minecraft:silverfish":1,"mozombies_wave:zombie_knight":3,"mozombies_wave:zombie_notch":2,"mozombies_wave:disco_zombie":6,"undeadnights:horde_zombie":84,"minecraft:zombie_villager":8,"mozombies_wave:zombie_creeper":1,"mozombies_wave:zombie_miner":11,"minecraft:sheep":2,"zombies_plus:crossbow_zombie":1,"hwg:merc":1,"minecraft:zombie":250,"mozombies_wave:zombie_dwarf":33,"minecraft:cow":15,"zombies_plus:brute_zombie":14,"zombies_plus:runner_zombie":100,"undeadnights:demolition_zombie":3,"zombies_plus:weak_zombie":23,"minecraft:slime":3,"mozombies_wave:zombie_pa":7,"minecraft:drowned":125,"mozombies_wave:zombie_cyborg":7,"zombies_plus:sword_zombie":27,"mozombies_wave:zombie_pirate":10,"minecraft:husk":10,"zombies_plus:crawler_zombie":35,"zombies_plus:leaper_zombie":21,"minecraft:bat":3,"zombies_plus:axe_zombie":33,"minecraft:squid":4,"undeadnights:elite_zombie":2,"minecraft:polar_bear":3,"hwg:spy":1,"minecraft:player":10,"zombies_plus:bow_zombie":1},"minecraft:crafted":{"biomesoplenty:fir_trapdoor":2,"minecraft:black_dye":10,"minecraft:oak_planks":76,"minecraft:dark_oak_boat":1,"toughasnails:empty_iron_canteen":1,"minecraft:stone":12,"minecraft:lever":1,"biomesoplenty:mahogany_slab":12,"minecraft:bookshelf":30,"minecraft:iron_bars":16,"minecraft:cooked_mutton":5,"toughasnails:empty_copper_canteen":2,"minecraft:glass":93,"minecraft:hopper":1,"minecraft:repeater":1,"minecraft:iron_boots":1,"biomesoplenty:fir_slab":372,"minecraft:chest":9,"hwg:tommy_gun":1,"minecraft:emerald":91,"minecraft:cooked_porkchop":15,"minecraft:diamond_axe":1,"minecraft:crafting_table":11,"minecraft:spruce_planks":108,"travelersbackpack:standard":1,"minecraft:wooden_pickaxe":3,"minecraft:baked_potato":63,"minecraft:iron_helmet":1,"hwg:gun_table":1,"minecraft:copper_ingot":446,"minecraft:fletching_table":1,"biomesoplenty:fir_planks":1884,"plentyofarmors:copper_helmet":1,"minecraft:diamond_pickaxe":2,"minecraft:charcoal":279,"minecraft:shield":3,"minecraft:stone_slab":6,"minecraft:stick":2840,"biomesoplenty:fir_pressure_plate":1,"plentyofarmors:copper_leggings":2,"minecraft:iron_ingot":202,"minecraft:iron_pickaxe":6,"minecraft:iron_block":1,"minecraft:stone_sword":1,"biomesoplenty:mahogany_boat":1,"minecraft:gold_ingot":114,"minecraft:redstone_torch":2,"minecraft:composter":1,"minecraft:wooden_sword":1,"minecraft:iron_nugget":108,"biomesoplenty:mahogany_planks":268,"toughasnails:empty_gold_canteen":1,"contagion:heat_treated_flesh":4,"minecraft:furnace":5,"minecraft:piston":24,"hwg:bullets":10,"minecraft:bone_meal":54,"toughasnails:empty_leather_canteen":1,"minecraft:flint_and_steel":1,"minecraft:terracotta":11,"travelersbackpack:white_sleeping_bag":1,"minecraft:black_terracotta":8,"minecraft:iron_axe":1,"minecraft:spruce_slab":60,"minecraft:stone_pickaxe":3,"plentyofarmors:copper_boots":1,"minecraft:dark_oak_planks":36,"plentyofarmors:copper_chestplate":3,"minecraft:observer":24,"minecraft:cooked_beef":36,"minecraft:sugar":57,"minecraft:cooked_cod":9,"minecraft:diamond_sword":1,"biomesoplenty:fir_boat":3,"minecraft:enchanting_table":1,"travelersbackpack:backpack_tank":2,"minecraft:iron_sword":2,"tacz:gun_smith_table":1,"minecraft:bucket":2,"minecraft:stone_axe":1,"minecraft:enchanted_book":2,"minecraft:air":0,"minecraft:black_stained_glass":8,"minecraft:oak_boat":2,"minecraft:gold_nugget":126,"minecraft:gunpowder":99,"minecraft:wooden_axe":2,"minecraft:iron_shovel":1,"minecraft:iron_leggings":1,"minecraft:torch":140,"minecraft:clay":11},"minecraft:mined":{"minecraft:dark_oak_planks":16,"minecraft:spruce_planks":20,"minecraft:cobblestone_stairs":4,"minecraft:brewing_stand":1,"minecraft:obsidian":14,"minecraft:spruce_trapdoor":1,"minecraft:granite":1,"biomesoplenty:fir_slab":401,"minecraft:grass_block":102,"minecraft:stone_brick_wall":2,"biomesoplenty:stripped_mahogany_log":3,"minecraft:light_gray_bed":1,"minecraft:deepslate_bricks":2,"minecraft:soul_soil":1,"tacz:gun_smith_table":1,"minecraft:spawner":1,"minecraft:dark_oak_trapdoor":2,"minecraft:iron_ore":65,"minecraft:fire":8,"minecraft:cobbled_deepslate":30,"minecraft:anvil":2,"minecraft:deepslate_lapis_ore":30,"minecraft:fletching_table":5,"minecraft:dark_oak_stairs":6,"minecraft:water_cauldron":1,"minecraft:deepslate_brick_stairs":6,"minecraft:spruce_slab":17,"minecraft:tripwire":4,"minecraft:deepslate_redstone_ore":26,"hwg:gun_table":2,"minecraft:kelp_plant":11,"minecraft:red_bed":10,"minecraft:amethyst_cluster":2,"minecraft:smoker":6,"minecraft:clay":11,"minecraft:torch":12,"minecraft:light_gray_terracotta":1,"minecraft:note_block":6,"minecraft:blast_furnace":5,"minecraft:calcite":1,"minecraft:chest":9,"minecraft:glass":1,"minecraft:nether_quartz_ore":44,"minecraft:cobblestone":210,"minecraft:oak_planks":3,"minecraft:grindstone":2,"minecraft:sugar_cane":20,"minecraft:wall_torch":8,"minecraft:amethyst_block":2,"minecraft:deepslate_copper_ore":7,"minecraft:blue_terracotta":2,"minecraft:dark_oak_slab":4,"minecraft:light_gray_wool":3,"biomesoplenty:fir_log":1,"minecraft:stone_brick_stairs":3,"minecraft:grass":20,"minecraft:yellow_stained_glass_pane":6,"minecraft:oak_log":4,"minecraft:loom":1,"minecraft:sand":99,"minecraft:dirt":60,"minecraft:smooth_basalt":3,"minecraft:netherrack":13,"minecraft:piston":1,"minecraft:oak_leaves":5,"minecraft:deepslate":352,"minecraft:nether_gold_ore":4,"minecraft:tuff":4,"minecraft:mossy_cobblestone":1,"minecraft:deepslate_diamond_ore":27,"minecraft:dark_oak_log":3,"minecraft:glow_lichen":1,"minecraft:kelp":29,"minecraft:spruce_leaves":8,"biomesoplenty:mahogany_sapling":1,"minecraft:sandstone":34,"minecraft:redstone_ore":2,"minecraft:furnace":10,"minecraft:green_terracotta":1,"minecraft:stripped_spruce_log":7,"minecraft:gold_block":2,"minecraft:bookshelf":41,"minecraft:potatoes":2,"minecraft:deepslate_iron_ore":125,"biomesoplenty:mahogany_leaves":13,"minecraft:stone":848,"biomesoplenty:rose_quartz_cluster":2,"minecraft:white_wool":9,"minecraft:smithing_table":1,"minecraft:light_gray_carpet":1,"minecraft:stripped_dark_oak_log":6,"minecraft:spruce_door":1,"minecraft:observer":2,"minecraft:crafting_table":17,"biomesoplenty:fir_planks":12,"biomesoplenty:mahogany_planks":25,"minecraft:lectern":5,"minecraft:copper_ore":75,"minecraft:potted_oxeye_daisy":1,"minecraft:tall_grass":8,"minecraft:deepslate_gold_ore":58,"minecraft:spruce_stairs":6,"minecraft:red_terracotta":1,"biomesoplenty:mahogany_log":16,"minecraft:white_carpet":1,"minecraft:spruce_log":2,"minecraft:coal_ore":128,"biomesoplenty:fir_leaves":4,"minecraft:gravel":408,"minecraft:cobweb":8,"minecraft:brown_terracotta":2,"minecraft:cracked_stone_bricks":2,"minecraft:stone_bricks":26,"minecraft:mossy_stone_bricks":4,"minecraft:gold_ore":17,"minecraft:infested_stone":1,"minecraft:fern":13},"minecraft:picked_up":{"contagion:contagious_flesh":23,"minecraft:anvil":2,"minecraft:flower_pot":2,"minecraft:smithing_table":1,"minecraft:stone_slab":2,"minecraft:diamond_sword":2,"minecraft:enchanted_book":9,"minecraft:stone_brick_stairs":3,"minecraft:brewing_stand":1,"minecraft:amethyst_block":2,"travelersbackpack:diamond":1,"minecraft:string":20,"minecraft:raw_copper":439,"biomesoplenty:stripped_mahogany_log":3,"minecraft:iron_leggings":1,"universal_graves:grave_compass":4,"minecraft:pufferfish":1,"minecraft:gold_nugget":40,"minecraft:cobbled_deepslate":349,"biomesoplenty:fir_planks":19,"minecraft:spruce_planks":14,"minecraft:redstone_torch":3,"toughasnails:copper_water_canteen":1,"minecraft:calcite":1,"minecraft:iron_pickaxe":1,"minecraft:iron_boots":1,"minecraft:furnace":14,"minecraft:golden_helmet":8,"minecraft:stick":78,"minecraft:jukebox":2,"minecraft:brown_terracotta":2,"minecraft:torch":65,"minecraft:spruce_stairs":6,"minecraft:porkchop":17,"tacz:attachment":3,"minecraft:golden_chestplate":2,"minecraft:green_terracotta":1,"minecraft:cauldron":1,"minecraft:light_gray_bed":1,"minecraft:rotten_flesh":500,"biomesoplenty:rose_quartz_chunk":10,"biomesoplenty:mahogany_sapling":15,"biomesoplenty:fir_slab":840,"minecraft:golden_leggings":1,"minecraft:deepslate_brick_stairs":6,"minecraft:obsidian":17,"minecraft:cod":5,"minecraft:cobblestone":1075,"minecraft:leather_chestplate":2,"minecraft:feather":2,"minecraft:dark_oak_boat":1,"minecraft:potato":278,"biomesoplenty:fir_log":515,"minecraft:smoker":9,"biomesoplenty:fir_sapling":106,"minecraft:flint":47,"biomesoplenty:mahogany_boat":1,"minecraft:tuff":4,"minecraft:dirt":154,"minecraft:lapis_lazuli":203,"hwg:pistol":2,"minecraft:lantern":1,"minecraft:leather_boots":1,"minecraft:glass":1,"minecraft:bone":26,"minecraft:wheat_seeds":8,"biomesoplenty:fir_boat":12,"minecraft:raw_gold":91,"minecraft:grindstone":2,"minecraft:mossy_stone_bricks":2,"minecraft:fletching_table":5,"tacz:gun_smith_table":1,"minecraft:oak_planks":4,"biomesoplenty:mahogany_planks":146,"minecraft:cooked_porkchop":12,"minecraft:music_disc_13":1,"hwg:gun_table":2,"minecraft:sand":95,"minecraft:stripped_spruce_log":6,"minecraft:ink_sac":10,"minecraft:grass_block":3,"toughasnails:leather_water_canteen":1,"minecraft:dark_oak_log":3,"plentyofarmors:lapis_helmet":3,"minecraft:light_gray_terracotta":1,"minecraft:blue_terracotta":2,"minecraft:sugar":1,"minecraft:diamond":28,"minecraft:slime_block":2,"minecraft:granite":1,"minecraft:chainmail_helmet":2,"minecraft:emerald":1,"minecraft:bread":35,"hwg:bullets":9,"minecraft:oak_sapling":16,"minecraft:netherrack":13,"minecraft:crafting_table":19,"minecraft:chicken":1,"minecraft:nether_wart":1,"minecraft:clay_ball":44,"minecraft:chest_minecart":1,"minecraft:leather_leggings":10,"minecraft:wooden_pickaxe":3,"minecraft:stone_brick_wall":2,"minecraft:gold_block":4,"minecraft:shield":2,"minecraft:red_bed":10,"minecraft:iron_axe":2,"hwg:shotgun_shell":2,"tacz:ammo":720,"minecraft:white_carpet":2,"minecraft:iron_shovel":2,"minecraft:detector_rail":4,"minecraft:beef":46,"minecraft:oak_boat":11,"minecraft:light_gray_wool":3,"minecraft:observer":2,"minecraft:iron_nugget":37,"minecraft:spruce_slab":17,"minecraft:lectern":7,"minecraft:sugar_cane":45,"minecraft:chest":13,"minecraft:spruce_trapdoor":1,"minecraft:piston":1,"minecraft:phantom_membrane":6,"minecraft:dark_oak_sapling":4,"minecraft:raw_iron":215,"minecraft:sandstone":2,"minecraft:copper_ingot":12,"minecraft:note_block":17,"mozombies_wave:disco_glasses":1,"fwaystones:waystone":17,"minecraft:carrot":13,"minecraft:redstone":120,"minecraft:dark_oak_planks":26,"minecraft:tnt":7,"minecraft:beetroot_seeds":2,"minecraft:deepslate_bricks":2,"minecraft:gold_ingot":10,"minecraft:saddle":1,"minecraft:mutton":2,"minecraft:rail":11,"minecraft:white_wool":20,"minecraft:oxeye_daisy":3,"minecraft:leather":34,"minecraft:oak_log":19,"plentyofarmors:lapis_chestplate":1,"minecraft:lily_pad":1,"minecraft:golden_boots":6,"minecraft:gunpowder":70,"minecraft:cobblestone_stairs":1,"biomesoplenty:mahogany_slab":7,"travelersbackpack:cow":1,"minecraft:apple":9,"minecraft:stone_bricks":9,"minecraft:kelp":46,"minecraft:iron_ingot":20,"minecraft:stone_pickaxe":2,"plentyofarmors:ice_shard":2,"hwg:shotgun":1,"minecraft:iron_sword":2,"minecraft:dark_oak_stairs":4,"minecraft:book":228,"minecraft:smooth_basalt":6,"minecraft:dark_oak_slab":4,"minecraft:quartz":44,"minecraft:gravel":329,"minecraft:amethyst_shard":8,"minecraft:spruce_sapling":1,"minecraft:blast_furnace":6,"minecraft:spruce_log":6,"minecraft:spider_eye":8,"minecraft:spruce_door":2,"minecraft:leather_helmet":4,"biomesoplenty:mahogany_log":91,"minecraft:diamond_shovel":2,"minecraft:stone_axe":1,"tacz:modern_kinetic_gun":5,"minecraft:iron_helmet":2,"plentyofarmors:lapis_boots":3,"minecraft:baked_potato":35,"minecraft:stripped_dark_oak_log":6,"minecraft:coal":291,"minecraft:ender_pearl":3,"minecraft:wooden_axe":2},"minecraft:used":{"fwaystones:waystone":7,"minecraft:iron_shovel":221,"minecraft:spruce_slab":53,"biomesoplenty:mahogany_slab":5,"minecraft:chest":15,"minecraft:shield":77,"minecraft:iron_sword":471,"minecraft:rotten_flesh":1,"minecraft:obsidian":12,"minecraft:glass":74,"minecraft:lava_bucket":169,"minecraft:dark_oak_slab":18,"minecraft:stone_bricks":5,"biomesoplenty:mahogany_sapling":6,"toughasnails:leather_water_canteen":16,"minecraft:dark_oak_boat":1,"minecraft:oak_sapling":3,"minecraft:furnace":12,"minecraft:potato":2,"minecraft:oak_planks":3,"minecraft:sugar_cane":32,"minecraft:stone_pickaxe":142,"minecraft:wooden_pickaxe":42,"minecraft:dark_oak_stairs":2,"minecraft:diamond_axe":495,"minecraft:composter":1,"biomesoplenty:fir_boat":13,"biomesoplenty:fir_planks":88,"minecraft:ender_pearl":1,"minecraft:chainmail_helmet":1,"contagion:heat_treated_flesh":1,"toughasnails:copper_water_canteen":87,"minecraft:blast_furnace":4,"minecraft:note_block":9,"toughasnails:gold_water_canteen":262,"minecraft:bread":107,"minecraft:string":3,"minecraft:lectern":5,"minecraft:gravel":34,"minecraft:wooden_sword":4,"minecraft:diamond_sword":1973,"minecraft:smithing_table":1,"minecraft:oak_boat":11,"toughasnails:iron_water_canteen":16,"biomesoplenty:mahogany_planks":35,"minecraft:stone_sword":76,"minecraft:enchanting_table":1,"minecraft:flint_and_steel":2,"minecraft:redstone":25,"minecraft:spruce_planks":21,"tacz:gun_smith_table":2,"toughasnails:empty_copper_canteen":4,"minecraft:torch":151,"minecraft:dirt":62,"minecraft:anvil":1,"toughasnails:empty_iron_canteen":1,"minecraft:hopper":1,"plentyofarmors:copper_chestplate":2,"minecraft:dark_oak_planks":33,"minecraft:wooden_axe":20,"minecraft:bookshelf":30,"minecraft:iron_axe":124,"minecraft:cooked_beef":31,"minecraft:cobbled_deepslate":234,"minecraft:observer":26,"minecraft:light_gray_bed":1,"toughasnails:empty_leather_canteen":1,"minecraft:water_bucket":176,"minecraft:cobblestone_stairs":1,"minecraft:baked_potato":44,"minecraft:fletching_table":4,"biomesoplenty:mahogany_log":3,"biomesoplenty:fir_slab":1034,"minecraft:oak_slab":4,"minecraft:crafting_table":22,"minecraft:red_bed":9,"minecraft:spruce_log":7,"minecraft:smoker":6,"toughasnails:empty_gold_canteen":3,"minecraft:piston":25,"minecraft:diamond_pickaxe":913,"minecraft:apple":4,"minecraft:diamond_shovel":404,"plentyofarmors:lapis_boots":1,"minecraft:iron_pickaxe":1253,"minecraft:stone_axe":161,"biomesoplenty:mahogany_boat":1,"plentyofarmors:lapis_helmet":1,"minecraft:cobblestone":668,"travelersbackpack:standard":4,"minecraft:bucket":346,"minecraft:cooked_porkchop":15,"hwg:gun_table":3,"minecraft:kelp":4,"minecraft:splash_potion":1,"minecraft:jukebox":1,"biomesoplenty:fir_log":1}},"DataVersion":3465}