{"stats":{"minecraft:picked_up":{"contagion:contagious_flesh":14,"minecraft:flower_pot":2,"minecraft:anvil":1,"minecraft:smithing_table":1,"minecraft:stone_slab":2,"minecraft:diamond_sword":1,"minecraft:enchanted_book":9,"minecraft:brewing_stand":1,"minecraft:amethyst_block":2,"minecraft:string":11,"minecraft:raw_copper":182,"biomesoplenty:stripped_mahogany_log":3,"minecraft:iron_leggings":1,"universal_graves:grave_compass":4,"minecraft:pufferfish":1,"minecraft:gold_nugget":9,"minecraft:cobbled_deepslate":313,"minecraft:spruce_planks":8,"minecraft:redstone_torch":3,"toughasnails:copper_water_canteen":1,"minecraft:calcite":1,"minecraft:iron_pickaxe":1,"minecraft:iron_boots":1,"minecraft:furnace":11,"minecraft:golden_helmet":1,"minecraft:stick":20,"minecraft:jukebox":1,"minecraft:torch":55,"minecraft:porkchop":17,"tacz:attachment":1,"minecraft:green_terracotta":1,"minecraft:cauldron":1,"minecraft:light_gray_bed":1,"minecraft:rotten_flesh":355,"biomesoplenty:mahogany_sapling":15,"biomesoplenty:fir_slab":618,"minecraft:deepslate_brick_stairs":4,"minecraft:obsidian":5,"minecraft:cod":5,"minecraft:cobblestone":580,"minecraft:leather_chestplate":2,"minecraft:feather":2,"minecraft:dark_oak_boat":1,"minecraft:smoker":6,"minecraft:potato":72,"biomesoplenty:fir_log":1,"minecraft:flint":2,"minecraft:tuff":2,"biomesoplenty:mahogany_boat":1,"minecraft:lapis_lazuli":173,"minecraft:dirt":132,"hwg:pistol":2,"minecraft:bone":17,"minecraft:wheat_seeds":8,"minecraft:raw_gold":54,"minecraft:grindstone":1,"minecraft:mossy_stone_bricks":2,"minecraft:fletching_table":1,"tacz:gun_smith_table":1,"minecraft:oak_planks":4,"biomesoplenty:mahogany_planks":146,"minecraft:cooked_porkchop":12,"hwg:gun_table":2,"minecraft:sand":95,"minecraft:stripped_spruce_log":6,"minecraft:ink_sac":10,"toughasnails:leather_water_canteen":1,"minecraft:dark_oak_log":3,"plentyofarmors:lapis_helmet":1,"minecraft:sugar":1,"minecraft:diamond":22,"minecraft:slime_block":2,"minecraft:granite":1,"minecraft:emerald":1,"minecraft:bread":34,"hwg:bullets":9,"minecraft:oak_sapling":16,"minecraft:crafting_table":8,"minecraft:clay_ball":44,"minecraft:chest_minecart":1,"minecraft:leather_leggings":5,"minecraft:wooden_pickaxe":3,"minecraft:gold_block":4,"minecraft:shield":2,"minecraft:red_bed":4,"minecraft:iron_axe":2,"hwg:shotgun_shell":2,"tacz:ammo":405,"minecraft:white_carpet":2,"minecraft:detector_rail":4,"minecraft:beef":39,"minecraft:oak_boat":6,"minecraft:spruce_slab":1,"minecraft:iron_nugget":37,"minecraft:light_gray_wool":3,"minecraft:lectern":4,"minecraft:sugar_cane":35,"minecraft:chest":12,"minecraft:phantom_membrane":4,"minecraft:dark_oak_sapling":4,"minecraft:raw_iron":166,"minecraft:sandstone":1,"minecraft:copper_ingot":11,"minecraft:note_block":5,"mozombies_wave:disco_glasses":1,"fwaystones:waystone":12,"minecraft:carrot":11,"minecraft:redstone":107,"minecraft:dark_oak_planks":23,"minecraft:tnt":7,"minecraft:beetroot_seeds":2,"minecraft:deepslate_bricks":2,"minecraft:saddle":1,"minecraft:gold_ingot":5,"minecraft:mutton":2,"minecraft:rail":11,"minecraft:white_wool":20,"minecraft:oxeye_daisy":3,"minecraft:leather":23,"minecraft:oak_log":19,"minecraft:golden_boots":3,"minecraft:gunpowder":42,"minecraft:cobblestone_stairs":1,"biomesoplenty:mahogany_slab":7,"minecraft:apple":7,"travelersbackpack:cow":1,"minecraft:stone_bricks":7,"minecraft:kelp":24,"minecraft:iron_ingot":19,"minecraft:stone_pickaxe":2,"plentyofarmors:ice_shard":2,"hwg:shotgun":1,"minecraft:iron_sword":1,"minecraft:dark_oak_stairs":4,"minecraft:book":222,"minecraft:smooth_basalt":6,"minecraft:dark_oak_slab":2,"minecraft:gravel":27,"minecraft:amethyst_shard":8,"minecraft:blast_furnace":4,"minecraft:spruce_log":6,"minecraft:spider_eye":5,"minecraft:leather_helmet":3,"biomesoplenty:mahogany_log":91,"minecraft:stone_axe":1,"tacz:modern_kinetic_gun":5,"minecraft:iron_helmet":2,"plentyofarmors:lapis_boots":1,"minecraft:stripped_dark_oak_log":6,"minecraft:coal":238,"minecraft:wooden_axe":2,"minecraft:ender_pearl":2},"minecraft:custom":{"minecraft:interact_with_crafting_table":75,"minecraft:open_barrel":2,"minecraft:leave_game":13,"minecraft:time_since_death":71581,"minecraft:sprint_one_cm":1158391,"minecraft:damage_blocked_by_shield":2512,"minecraft:drop":274,"minecraft:talked_to_villager":7,"minecraft:play_time":540171,"minecraft:deaths":58,"minecraft:jump":9786,"minecraft:walk_on_water_one_cm":262191,"minecraft:interact_with_furnace":175,"minecraft:sleep_in_bed":10,"minecraft:damage_dealt":99830,"minecraft:player_kills":10,"minecraft:crouch_one_cm":184278,"minecraft:interact_with_smoker":53,"minecraft:mob_kills":645,"minecraft:climb_one_cm":8235,"minecraft:walk_one_cm":850246,"minecraft:sneak_time":64016,"minecraft:walk_under_water_one_cm":173293,"minecraft:boat_one_cm":916380,"minecraft:interact_with_blast_furnace":45,"minecraft:total_world_time":540171,"minecraft:time_since_rest":16412,"minecraft:damage_taken":21811,"minecraft:swim_one_cm":459534,"minecraft:fly_one_cm":1710170,"minecraft:open_chest":382,"minecraft:fall_one_cm":176660},"minecraft:killed":{"zombies_plus:slow_zombie":12,"mozombies_wave:zombie_king":2,"zombies_plus:shrieker_zombie":4,"mozombies_wave:zombie_chef":13,"minecraft:witch":2,"zombies_plus:cave_zombie":27,"minecraft:silverfish":1,"mozombies_wave:zombie_knight":3,"mozombies_wave:zombie_notch":1,"mozombies_wave:disco_zombie":2,"undeadnights:horde_zombie":49,"minecraft:zombie_villager":8,"mozombies_wave:zombie_creeper":1,"mozombies_wave:zombie_miner":3,"minecraft:sheep":2,"zombies_plus:crossbow_zombie":1,"hwg:merc":1,"minecraft:zombie":143,"mozombies_wave:zombie_dwarf":25,"minecraft:cow":12,"zombies_plus:brute_zombie":11,"zombies_plus:runner_zombie":84,"undeadnights:demolition_zombie":2,"zombies_plus:weak_zombie":17,"minecraft:slime":3,"mozombies_wave:zombie_pa":5,"minecraft:drowned":96,"zombies_plus:sword_zombie":17,"mozombies_wave:zombie_cyborg":3,"mozombies_wave:zombie_pirate":3,"minecraft:husk":3,"zombies_plus:crawler_zombie":20,"zombies_plus:leaper_zombie":14,"minecraft:bat":3,"zombies_plus:axe_zombie":22,"minecraft:squid":4,"undeadnights:elite_zombie":2,"minecraft:polar_bear":3,"hwg:spy":1,"minecraft:player":10,"zombies_plus:bow_zombie":1},"minecraft:killed_by":{"zombies_plus:bow_zombie":5,"minecraft:drowned":5,"mozombies_wave:zombie_chef":2,"undeadnights:horde_zombie":3,"mozombies_wave:zombie_notch":1,"minecraft:vindicator":2,"zombies_plus:brute_zombie":1,"mozombies_wave:zombie_cyborg":2,"mozombies_wave:zombie_herobrine":1,"minecraft:zombie":4,"minecraft:player":9,"zombies_plus:runner_zombie":7,"zombies_plus:sword_zombie":2,"mozombies_wave:zombie_dwarf":1,"mozombies_wave:disco_zombie":1,"mozombies_wave:zombie_pa":2,"zombies_plus:leaper_zombie":1,"zombies_plus:axe_zombie":1,"mozombies_wave:zombie_miner":4},"minecraft:used":{"fwaystones:waystone":4,"minecraft:iron_shovel":221,"minecraft:spruce_slab":12,"biomesoplenty:mahogany_slab":2,"minecraft:chest":13,"minecraft:shield":70,"minecraft:iron_sword":471,"minecraft:obsidian":2,"minecraft:lava_bucket":5,"minecraft:dark_oak_slab":16,"minecraft:stone_bricks":5,"biomesoplenty:mahogany_sapling":6,"toughasnails:leather_water_canteen":16,"minecraft:dark_oak_boat":1,"minecraft:oak_sapling":3,"minecraft:furnace":9,"minecraft:dark_oak_stairs":2,"minecraft:oak_planks":3,"minecraft:stone_pickaxe":142,"minecraft:ender_pearl":1,"minecraft:wooden_pickaxe":42,"minecraft:composter":1,"minecraft:diamond_axe":194,"toughasnails:copper_water_canteen":87,"minecraft:blast_furnace":3,"toughasnails:gold_water_canteen":108,"minecraft:bread":59,"minecraft:string":3,"minecraft:gravel":1,"minecraft:diamond_sword":1081,"minecraft:wooden_sword":4,"minecraft:smithing_table":1,"minecraft:oak_boat":7,"toughasnails:iron_water_canteen":16,"biomesoplenty:mahogany_planks":35,"minecraft:stone_sword":76,"minecraft:spruce_planks":5,"tacz:gun_smith_table":2,"toughasnails:empty_copper_canteen":4,"minecraft:torch":116,"minecraft:dirt":5,"minecraft:anvil":1,"toughasnails:empty_iron_canteen":1,"plentyofarmors:copper_chestplate":2,"minecraft:dark_oak_planks":33,"minecraft:wooden_axe":20,"minecraft:bookshelf":22,"minecraft:iron_axe":124,"minecraft:cooked_beef":28,"minecraft:cobbled_deepslate":214,"minecraft:light_gray_bed":1,"toughasnails:empty_leather_canteen":1,"minecraft:water_bucket":51,"minecraft:cobblestone_stairs":1,"biomesoplenty:mahogany_log":3,"biomesoplenty:fir_slab":502,"minecraft:oak_slab":4,"minecraft:crafting_table":13,"minecraft:red_bed":4,"minecraft:spruce_log":7,"minecraft:smoker":3,"toughasnails:empty_gold_canteen":1,"minecraft:diamond_pickaxe":120,"minecraft:apple":4,"plentyofarmors:lapis_boots":1,"minecraft:iron_pickaxe":1253,"biomesoplenty:mahogany_boat":1,"minecraft:stone_axe":102,"plentyofarmors:lapis_helmet":1,"minecraft:cobblestone":375,"travelersbackpack:standard":4,"minecraft:cooked_porkchop":15,"minecraft:bucket":57,"hwg:gun_table":3,"biomesoplenty:fir_log":1,"minecraft:kelp":4},"minecraft:crafted":{"minecraft:black_dye":10,"minecraft:oak_planks":76,"minecraft:dark_oak_boat":1,"toughasnails:empty_iron_canteen":1,"minecraft:stone":12,"minecraft:lever":1,"biomesoplenty:mahogany_slab":12,"minecraft:bookshelf":27,"minecraft:cooked_mutton":5,"minecraft:iron_bars":16,"toughasnails:empty_copper_canteen":2,"minecraft:glass":93,"minecraft:hopper":1,"minecraft:repeater":1,"minecraft:iron_boots":1,"minecraft:chest":9,"hwg:tommy_gun":1,"minecraft:cooked_porkchop":15,"minecraft:diamond_axe":1,"minecraft:crafting_table":8,"minecraft:spruce_planks":108,"travelersbackpack:standard":1,"minecraft:wooden_pickaxe":3,"minecraft:iron_helmet":1,"hwg:gun_table":1,"minecraft:copper_ingot":172,"plentyofarmors:copper_helmet":1,"minecraft:diamond_pickaxe":1,"minecraft:charcoal":64,"minecraft:shield":3,"minecraft:stick":72,"minecraft:stone_slab":6,"plentyofarmors:copper_leggings":1,"minecraft:iron_ingot":146,"minecraft:iron_pickaxe":6,"minecraft:iron_block":1,"minecraft:stone_sword":1,"biomesoplenty:mahogany_boat":1,"minecraft:gold_ingot":20,"minecraft:redstone_torch":2,"minecraft:composter":1,"minecraft:wooden_sword":1,"minecraft:iron_nugget":108,"biomesoplenty:mahogany_planks":268,"toughasnails:empty_gold_canteen":1,"minecraft:furnace":3,"hwg:bullets":10,"toughasnails:empty_leather_canteen":1,"minecraft:terracotta":11,"travelersbackpack:white_sleeping_bag":1,"minecraft:black_terracotta":8,"minecraft:iron_axe":1,"minecraft:spruce_slab":60,"minecraft:stone_pickaxe":3,"plentyofarmors:copper_boots":1,"minecraft:dark_oak_planks":36,"plentyofarmors:copper_chestplate":3,"minecraft:cooked_beef":36,"minecraft:cooked_cod":9,"minecraft:diamond_sword":1,"travelersbackpack:backpack_tank":2,"minecraft:iron_sword":2,"tacz:gun_smith_table":1,"minecraft:bucket":2,"minecraft:stone_axe":1,"minecraft:air":0,"minecraft:black_stained_glass":8,"minecraft:oak_boat":2,"minecraft:gold_nugget":126,"minecraft:wooden_axe":2,"minecraft:iron_shovel":1,"minecraft:iron_leggings":1,"minecraft:torch":104,"minecraft:clay":11},"minecraft:dropped":{"biomesoplenty:fir_log":135,"minecraft:iron_sword":3,"minecraft:dark_oak_stairs":2,"minecraft:diamond":2,"minecraft:crafting_table":1,"minecraft:dark_oak_sapling":2,"hwg:bullets":9,"biomesoplenty:mahogany_planks":125,"minecraft:leather":1,"minecraft:rail":11,"minecraft:leather_helmet":2,"minecraft:flint":1,"minecraft:cod":2,"minecraft:emerald":1,"minecraft:dirt":103,"minecraft:mutton":2,"biomesoplenty:mahogany_boat":1,"minecraft:gold_nugget":5,"minecraft:wooden_sword":1,"minecraft:phantom_membrane":1,"minecraft:sand":2,"minecraft:sugar":1,"minecraft:iron_pickaxe":1,"minecraft:dark_oak_planks":6,"minecraft:white_wool":2,"biomesoplenty:mahogany_slab":10,"minecraft:bone":7,"minecraft:gravel":18,"minecraft:stone_axe":1,"plentyofarmors:copper_chestplate":2,"plentyofarmors:ice_shard":2,"minecraft:sugar_cane":1,"minecraft:iron_nugget":12,"minecraft:detector_rail":4,"minecraft:cobbled_deepslate":11,"hwg:pistol":1,"minecraft:black_terracotta":2,"minecraft:rotten_flesh":266,"universal_graves:grave_compass":13,"toughasnails:copper_water_canteen":2,"minecraft:carrot":7,"minecraft:leather_chestplate":1,"minecraft:beetroot_seeds":2,"minecraft:leather_leggings":5,"mozombies_wave:disco_glasses":1,"minecraft:beef":7,"biomesoplenty:mahogany_sapling":9,"biomesoplenty:mahogany_log":21,"minecraft:enchanted_book":1,"minecraft:golden_boots":3,"minecraft:iron_ingot":8,"minecraft:bread":1,"travelersbackpack:cow":1,"minecraft:wheat_seeds":5,"minecraft:golden_helmet":1,"hwg:shotgun":1,"minecraft:iron_helmet":2,"minecraft:feather":2,"minecraft:cobblestone":5,"minecraft:amethyst_block":2,"minecraft:apple":4,"minecraft:granite":1,"minecraft:copper_ingot":6,"biomesoplenty:fir_slab":2,"minecraft:coal":17,"contagion:contagious_flesh":13,"minecraft:stick":6,"minecraft:oxeye_daisy":2,"minecraft:deepslate_brick_stairs":1,"minecraft:torch":27,"minecraft:wooden_axe":3,"minecraft:iron_leggings":2,"tacz:modern_kinetic_gun":4,"minecraft:iron_axe":2,"minecraft:iron_shovel":1,"minecraft:string":1,"minecraft:redstone":1,"minecraft:smooth_basalt":6,"minecraft:furnace":4,"toughasnails:leather_water_canteen":2,"minecraft:kelp":16,"minecraft:green_terracotta":1,"minecraft:stone_sword":1,"minecraft:raw_copper":20,"minecraft:tuff":2,"minecraft:raw_iron":13,"minecraft:white_carpet":1,"minecraft:light_gray_wool":3,"minecraft:iron_boots":2,"minecraft:smoker":2,"minecraft:stone_slab":2,"minecraft:potato":62,"minecraft:shield":3,"minecraft:flower_pot":1,"minecraft:mossy_stone_bricks":2,"minecraft:oak_boat":1,"minecraft:oak_sapling":12,"minecraft:spider_eye":4,"minecraft:stone_bricks":2,"minecraft:wooden_pickaxe":4,"minecraft:stone_pickaxe":4,"minecraft:calcite":1},"minecraft:mined":{"minecraft:dark_oak_planks":13,"minecraft:spruce_planks":15,"minecraft:cobblestone_stairs":4,"minecraft:brewing_stand":1,"minecraft:obsidian":2,"minecraft:granite":1,"biomesoplenty:fir_slab":172,"minecraft:grass_block":97,"biomesoplenty:stripped_mahogany_log":3,"minecraft:light_gray_bed":1,"minecraft:deepslate_bricks":2,"tacz:gun_smith_table":1,"minecraft:spawner":1,"minecraft:dark_oak_trapdoor":2,"minecraft:iron_ore":49,"minecraft:fire":2,"minecraft:cobbled_deepslate":22,"minecraft:anvil":1,"minecraft:deepslate_lapis_ore":25,"minecraft:fletching_table":1,"minecraft:dark_oak_stairs":6,"minecraft:water_cauldron":1,"minecraft:deepslate_brick_stairs":4,"minecraft:spruce_slab":1,"minecraft:tripwire":4,"minecraft:deepslate_redstone_ore":24,"hwg:gun_table":2,"minecraft:red_bed":3,"minecraft:kelp_plant":7,"minecraft:amethyst_cluster":2,"minecraft:smoker":3,"minecraft:clay":11,"minecraft:torch":9,"minecraft:blast_furnace":3,"minecraft:calcite":1,"minecraft:chest":8,"minecraft:cobblestone":100,"minecraft:oak_planks":3,"minecraft:grindstone":1,"minecraft:sugar_cane":12,"minecraft:wall_torch":5,"minecraft:amethyst_block":2,"minecraft:deepslate_copper_ore":5,"minecraft:dark_oak_slab":2,"minecraft:light_gray_wool":3,"biomesoplenty:fir_log":1,"minecraft:grass":18,"minecraft:yellow_stained_glass_pane":6,"minecraft:oak_log":4,"minecraft:loom":1,"minecraft:sand":99,"minecraft:dirt":41,"minecraft:smooth_basalt":3,"minecraft:oak_leaves":5,"minecraft:deepslate":323,"minecraft:tuff":2,"minecraft:mossy_cobblestone":1,"minecraft:deepslate_diamond_ore":21,"minecraft:dark_oak_log":3,"minecraft:glow_lichen":1,"minecraft:spruce_leaves":7,"biomesoplenty:mahogany_sapling":1,"minecraft:kelp":19,"minecraft:sandstone":33,"minecraft:redstone_ore":2,"minecraft:furnace":7,"minecraft:green_terracotta":1,"minecraft:stripped_spruce_log":6,"minecraft:gold_block":2,"minecraft:bookshelf":37,"minecraft:deepslate_iron_ore":104,"biomesoplenty:mahogany_leaves":13,"minecraft:stone":471,"minecraft:white_wool":9,"minecraft:smithing_table":1,"minecraft:light_gray_carpet":1,"minecraft:stripped_dark_oak_log":6,"minecraft:crafting_table":7,"biomesoplenty:mahogany_planks":25,"minecraft:lectern":2,"minecraft:copper_ore":40,"minecraft:potted_oxeye_daisy":1,"minecraft:tall_grass":8,"minecraft:deepslate_gold_ore":45,"biomesoplenty:mahogany_log":16,"minecraft:white_carpet":1,"minecraft:spruce_log":2,"minecraft:coal_ore":96,"biomesoplenty:fir_leaves":4,"minecraft:gravel":16,"minecraft:cobweb":4,"minecraft:cracked_stone_bricks":2,"minecraft:stone_bricks":24,"minecraft:mossy_stone_bricks":4,"minecraft:gold_ore":9,"minecraft:fern":13,"minecraft:infested_stone":1},"minecraft:broken":{"minecraft:stone_pickaxe":1,"toughasnails:copper_water_canteen":2,"minecraft:iron_pickaxe":5}},"DataVersion":3465}