{"stats":{"minecraft:dropped":{"minecraft:wheat_seeds":2,"minecraft:birch_sapling":7,"minecraft:oak_sapling":13,"gravestone:obituary":8,"minecraft:oak_planks":48},"minecraft:custom":{"minecraft:time_since_rest":0,"minecraft:sprint_one_cm":109425,"minecraft:damage_taken":2250,"minecraft:walk_one_cm":46687,"minecraft:drop":16,"minecraft:damage_dealt":253,"minecraft:swim_one_cm":17947,"minecraft:interact_with_crafting_table":3,"minecraft:fly_one_cm":227430,"minecraft:open_chest":3,"minecraft:crouch_one_cm":4318,"minecraft:play_time":35066,"minecraft:deaths":6,"minecraft:sneak_time":1949,"minecraft:walk_under_water_one_cm":1216,"minecraft:jump":1038,"minecraft:damage_dealt_resisted":2,"minecraft:leave_game":8,"minecraft:time_since_death":6759,"minecraft:walk_on_water_one_cm":3984,"minecraft:sleep_in_bed":1,"minecraft:total_world_time":35066,"minecraft:fall_one_cm":96025},"minecraft:crafted":{"minecraft:oak_planks":124,"minecraft:crafting_table":2,"minecraft:stick":8,"minecraft:wooden_pickaxe":1,"minecraft:wooden_axe":2,"minecraft:birch_planks":48},"minecraft:mined":{"minecraft:hay_block":2,"minecraft:white_bed":3,"minecraft:birch_log":7,"minecraft:fire":2,"minecraft:yellow_bed":5,"minecraft:crafting_table":2,"minecraft:grass":33,"minecraft:blast_furnace":1,"minecraft:grass_block":10,"minecraft:oak_log":21,"minecraft:dirt":1,"minecraft:tall_grass":10,"creepingwoods:creeping_birch_log":2},"minecraft:picked_up":{"minecraft:birch_log":12,"minecraft:stick":6,"minecraft:crafting_table":2,"minecraft:oak_log":31,"gravestone:obituary":2,"minecraft:blast_furnace":1,"minecraft:yellow_bed":5,"minecraft:white_bed":3,"minecraft:dirt":12,"minecraft:rotten_flesh":1,"minecraft:wheat_seeds":2,"minecraft:hay_block":1,"minecraft:oak_sapling":13,"minecraft:birch_sapling":7},"minecraft:killed_by":{"minecraft:skeleton":1,"minecraft:creeper":1,"rootoffear:wilted":1},"minecraft:used":{"minecraft:wooden_axe":30,"minecraft:apple":1,"minecraft:birch_planks":16,"minecraft:wooden_pickaxe":1,"minecraft:rotten_flesh":1,"minecraft:dirt":12,"minecraft:crafting_table":2,"minecraft:white_bed":1,"minecraft:yellow_bed":3}},"DataVersion":3120}