{"stats":{"minecraft:dropped":{"minecraft:dark_oak_stairs":1,"minecraft:crafting_table":1,"minecraft:dark_oak_sapling":2,"biomesoplenty:mahogany_planks":55,"minecraft:rail":11,"minecraft:leather_helmet":2,"minecraft:flint":1,"minecraft:dirt":2,"minecraft:gold_nugget":5,"minecraft:wooden_sword":1,"minecraft:sand":2,"minecraft:iron_pickaxe":1,"minecraft:dark_oak_planks":6,"biomesoplenty:mahogany_slab":10,"minecraft:bone":1,"minecraft:gravel":18,"minecraft:stone_axe":1,"plentyofarmors:copper_chestplate":1,"minecraft:iron_nugget":12,"minecraft:detector_rail":4,"minecraft:rotten_flesh":9,"universal_graves:grave_compass":9,"minecraft:beetroot_seeds":2,"minecraft:leather_leggings":1,"minecraft:beef":5,"biomesoplenty:mahogany_sapling":2,"minecraft:enchanted_book":1,"minecraft:golden_boots":1,"minecraft:iron_ingot":4,"minecraft:wheat_seeds":2,"minecraft:feather":2,"minecraft:cobblestone":5,"minecraft:apple":2,"minecraft:copper_ingot":4,"biomesoplenty:fir_slab":2,"minecraft:stick":4,"minecraft:oxeye_daisy":2,"minecraft:torch":5,"minecraft:wooden_axe":3,"minecraft:furnace":1,"toughasnails:leather_water_canteen":2,"minecraft:kelp":4,"minecraft:stone_sword":1,"minecraft:raw_copper":20,"minecraft:light_gray_wool":3,"minecraft:smoker":2,"minecraft:shield":2,"minecraft:flower_pot":1,"minecraft:mossy_stone_bricks":2,"minecraft:stone_bricks":2,"minecraft:stone_pickaxe":4,"minecraft:wooden_pickaxe":2},"minecraft:crafted":{"minecraft:black_dye":10,"minecraft:oak_planks":8,"minecraft:dark_oak_boat":1,"minecraft:stone":12,"minecraft:lever":1,"biomesoplenty:mahogany_slab":12,"minecraft:iron_bars":16,"toughasnails:empty_copper_canteen":2,"minecraft:glass":20,"minecraft:repeater":1,"minecraft:iron_boots":1,"minecraft:chest":1,"hwg:tommy_gun":1,"minecraft:cooked_porkchop":15,"minecraft:crafting_table":5,"minecraft:spruce_planks":4,"minecraft:wooden_pickaxe":2,"travelersbackpack:standard":1,"minecraft:iron_helmet":1,"hwg:gun_table":1,"minecraft:copper_ingot":41,"minecraft:shield":2,"minecraft:stick":40,"minecraft:stone_slab":6,"minecraft:iron_ingot":77,"minecraft:iron_pickaxe":6,"biomesoplenty:mahogany_boat":1,"minecraft:gold_ingot":18,"minecraft:redstone_torch":2,"minecraft:composter":1,"minecraft:wooden_sword":1,"minecraft:iron_nugget":9,"biomesoplenty:mahogany_planks":204,"hwg:bullets":10,"toughasnails:empty_leather_canteen":1,"minecraft:terracotta":11,"travelersbackpack:white_sleeping_bag":1,"minecraft:black_terracotta":8,"minecraft:iron_axe":1,"minecraft:stone_pickaxe":2,"minecraft:dark_oak_planks":36,"plentyofarmors:copper_chestplate":2,"minecraft:cooked_beef":19,"minecraft:cooked_cod":9,"travelersbackpack:backpack_tank":2,"minecraft:iron_sword":1,"minecraft:bucket":1,"minecraft:stone_axe":1,"minecraft:air":0,"minecraft:gold_nugget":9,"minecraft:wooden_axe":2,"minecraft:iron_shovel":1,"minecraft:iron_leggings":1,"minecraft:torch":20,"minecraft:clay":11},"minecraft:killed":{"zombies_plus:slow_zombie":1,"zombies_plus:cave_zombie":4,"minecraft:silverfish":1,"mozombies_wave:zombie_knight":1,"minecraft:zombie_villager":3,"mozombies_wave:zombie_miner":1,"zombies_plus:crossbow_zombie":1,"hwg:merc":1,"minecraft:zombie":18,"mozombies_wave:zombie_dwarf":3,"minecraft:cow":12,"zombies_plus:runner_zombie":8,"zombies_plus:weak_zombie":2,"minecraft:drowned":9,"zombies_plus:sword_zombie":3,"zombies_plus:crawler_zombie":5,"zombies_plus:leaper_zombie":2,"zombies_plus:axe_zombie":1,"minecraft:squid":4,"hwg:spy":1,"minecraft:player":6},"minecraft:picked_up":{"minecraft:wooden_axe":2,"minecraft:flower_pot":2,"minecraft:enchanted_book":9,"minecraft:string":9,"minecraft:raw_copper":56,"universal_graves:grave_compass":4,"minecraft:pufferfish":1,"minecraft:cobbled_deepslate":259,"minecraft:iron_pickaxe":1,"minecraft:furnace":2,"minecraft:stick":9,"minecraft:torch":19,"minecraft:porkchop":15,"minecraft:light_gray_bed":1,"minecraft:rotten_flesh":19,"biomesoplenty:mahogany_sapling":8,"biomesoplenty:fir_slab":5,"minecraft:deepslate_brick_stairs":2,"minecraft:obsidian":2,"minecraft:cod":3,"minecraft:cobblestone":490,"minecraft:feather":2,"minecraft:dark_oak_boat":1,"minecraft:smoker":4,"minecraft:potato":3,"minecraft:flint":2,"biomesoplenty:mahogany_boat":1,"hwg:pistol":1,"minecraft:dirt":7,"minecraft:lapis_lazuli":25,"minecraft:bone":1,"minecraft:wheat_seeds":2,"minecraft:mossy_stone_bricks":2,"minecraft:oak_planks":2,"biomesoplenty:mahogany_planks":75,"minecraft:cooked_porkchop":12,"minecraft:sand":22,"minecraft:ink_sac":10,"toughasnails:leather_water_canteen":1,"minecraft:dark_oak_log":3,"minecraft:diamond":15,"minecraft:slime_block":2,"minecraft:bread":34,"hwg:bullets":9,"minecraft:oak_sapling":4,"minecraft:crafting_table":6,"minecraft:clay_ball":44,"minecraft:chest_minecart":1,"minecraft:leather_leggings":1,"minecraft:wooden_pickaxe":2,"minecraft:gold_block":4,"minecraft:shield":2,"minecraft:red_bed":2,"minecraft:iron_axe":1,"minecraft:detector_rail":4,"minecraft:beef":24,"minecraft:iron_nugget":32,"minecraft:light_gray_wool":3,"minecraft:lectern":4,"minecraft:chest":12,"minecraft:sugar_cane":20,"minecraft:dark_oak_sapling":4,"minecraft:raw_iron":82,"minecraft:sandstone":1,"minecraft:copper_ingot":8,"fwaystones:waystone":6,"minecraft:redstone":9,"minecraft:dark_oak_planks":23,"minecraft:beetroot_seeds":2,"minecraft:deepslate_bricks":2,"minecraft:saddle":1,"minecraft:rail":11,"minecraft:white_wool":18,"minecraft:oxeye_daisy":3,"minecraft:leather":10,"minecraft:oak_log":2,"minecraft:golden_boots":1,"minecraft:gunpowder":6,"minecraft:cobblestone_stairs":1,"biomesoplenty:mahogany_slab":7,"minecraft:apple":5,"minecraft:stone_bricks":7,"minecraft:kelp":8,"minecraft:iron_ingot":8,"minecraft:stone_pickaxe":2,"minecraft:dark_oak_stairs":3,"minecraft:book":222,"minecraft:gravel":27,"minecraft:blast_furnace":2,"minecraft:spruce_log":1,"minecraft:leather_helmet":2,"biomesoplenty:mahogany_log":51,"minecraft:stone_axe":1,"minecraft:stripped_dark_oak_log":6,"minecraft:coal":70,"minecraft:ender_pearl":1},"minecraft:custom":{"minecraft:interact_with_crafting_table":41,"minecraft:open_barrel":1,"minecraft:leave_game":9,"minecraft:time_since_death":8373,"minecraft:sprint_one_cm":556210,"minecraft:damage_blocked_by_shield":1312,"minecraft:drop":93,"minecraft:talked_to_villager":4,"minecraft:play_time":239884,"minecraft:deaths":33,"minecraft:jump":4257,"minecraft:walk_on_water_one_cm":88772,"minecraft:interact_with_furnace":73,"minecraft:sleep_in_bed":4,"minecraft:damage_dealt":16116,"minecraft:player_kills":6,"minecraft:crouch_one_cm":59041,"minecraft:interact_with_smoker":24,"minecraft:mob_kills":82,"minecraft:climb_one_cm":2803,"minecraft:walk_one_cm":345225,"minecraft:sneak_time":24234,"minecraft:walk_under_water_one_cm":104442,"minecraft:boat_one_cm":728606,"minecraft:interact_with_blast_furnace":24,"minecraft:total_world_time":239884,"minecraft:time_since_rest":8398,"minecraft:damage_taken":10423,"minecraft:swim_one_cm":306171,"minecraft:fly_one_cm":707250,"minecraft:open_chest":108,"minecraft:fall_one_cm":84944},"minecraft:killed_by":{"zombies_plus:bow_zombie":5,"minecraft:drowned":1,"undeadnights:horde_zombie":2,"minecraft:vindicator":2,"mozombies_wave:zombie_cyborg":1,"minecraft:zombie":2,"minecraft:player":3,"zombies_plus:runner_zombie":5,"zombies_plus:sword_zombie":1,"mozombies_wave:zombie_dwarf":1,"mozombies_wave:disco_zombie":1,"mozombies_wave:zombie_pa":1,"zombies_plus:axe_zombie":1,"mozombies_wave:zombie_miner":4},"minecraft:used":{"fwaystones:waystone":2,"minecraft:iron_shovel":11,"biomesoplenty:mahogany_slab":2,"minecraft:chest":8,"minecraft:shield":41,"minecraft:iron_sword":152,"minecraft:obsidian":2,"minecraft:stone_bricks":5,"biomesoplenty:mahogany_sapling":6,"toughasnails:leather_water_canteen":16,"minecraft:dark_oak_boat":1,"minecraft:oak_sapling":3,"minecraft:dark_oak_stairs":2,"minecraft:stone_pickaxe":45,"minecraft:oak_planks":2,"minecraft:wooden_pickaxe":15,"minecraft:composter":1,"toughasnails:copper_water_canteen":76,"minecraft:blast_furnace":1,"minecraft:bread":17,"minecraft:string":3,"minecraft:gravel":1,"minecraft:wooden_sword":4,"biomesoplenty:mahogany_planks":32,"minecraft:stone_sword":19,"minecraft:spruce_planks":4,"toughasnails:empty_copper_canteen":4,"minecraft:torch":17,"minecraft:dirt":5,"plentyofarmors:copper_chestplate":1,"minecraft:wooden_axe":20,"minecraft:dark_oak_planks":33,"minecraft:iron_axe":95,"minecraft:cobbled_deepslate":102,"minecraft:light_gray_bed":1,"toughasnails:empty_leather_canteen":1,"minecraft:water_bucket":14,"minecraft:cobblestone_stairs":1,"biomesoplenty:fir_slab":2,"minecraft:crafting_table":10,"minecraft:red_bed":2,"minecraft:smoker":1,"minecraft:apple":4,"minecraft:iron_pickaxe":1015,"biomesoplenty:mahogany_boat":1,"minecraft:stone_axe":102,"minecraft:cobblestone":212,"travelersbackpack:standard":1,"minecraft:cooked_porkchop":15,"minecraft:bucket":15,"hwg:gun_table":1,"minecraft:kelp":4},"minecraft:broken":{"toughasnails:copper_water_canteen":2,"minecraft:iron_pickaxe":4},"minecraft:mined":{"minecraft:dark_oak_planks":12,"minecraft:cobblestone_stairs":4,"biomesoplenty:fir_slab":1,"minecraft:grass_block":3,"minecraft:light_gray_bed":1,"minecraft:deepslate_bricks":2,"minecraft:iron_ore":32,"minecraft:cobbled_deepslate":16,"minecraft:deepslate_lapis_ore":4,"minecraft:dark_oak_stairs":3,"minecraft:deepslate_brick_stairs":2,"minecraft:tripwire":3,"minecraft:red_bed":2,"minecraft:kelp_plant":1,"minecraft:smoker":1,"minecraft:clay":11,"minecraft:torch":1,"minecraft:blast_furnace":1,"minecraft:chest":8,"minecraft:cobblestone":66,"minecraft:sugar_cane":4,"minecraft:oak_planks":2,"minecraft:wall_torch":3,"minecraft:light_gray_wool":3,"minecraft:yellow_stained_glass_pane":6,"minecraft:grass":6,"minecraft:oak_log":4,"minecraft:sand":22,"minecraft:dirt":10,"minecraft:oak_leaves":5,"minecraft:deepslate":280,"minecraft:mossy_cobblestone":1,"minecraft:deepslate_diamond_ore":15,"minecraft:dark_oak_log":3,"minecraft:spruce_leaves":7,"biomesoplenty:mahogany_sapling":1,"minecraft:kelp":1,"minecraft:sandstone":33,"minecraft:redstone_ore":2,"minecraft:furnace":1,"minecraft:gold_block":2,"minecraft:bookshelf":37,"minecraft:deepslate_iron_ore":50,"biomesoplenty:mahogany_leaves":10,"minecraft:stone":420,"minecraft:white_wool":9,"minecraft:stripped_dark_oak_log":6,"minecraft:crafting_table":5,"biomesoplenty:mahogany_planks":20,"minecraft:lectern":2,"minecraft:potted_oxeye_daisy":1,"minecraft:tall_grass":3,"minecraft:copper_ore":18,"biomesoplenty:mahogany_log":15,"minecraft:spruce_log":1,"minecraft:coal_ore":58,"biomesoplenty:fir_leaves":4,"minecraft:gravel":16,"minecraft:cobweb":4,"minecraft:cracked_stone_bricks":2,"minecraft:stone_bricks":24,"minecraft:mossy_stone_bricks":4,"minecraft:infested_stone":1,"minecraft:fern":13}},"DataVersion":3465}