{"stats":{"minecraft:used":{"minecraft:polished_deepslate":1,"minecraft:shield":25,"minecraft:white_terracotta":79,"minecraft:rotten_flesh":35,"minecraft:mutton":4,"minecraft:carrot":6,"soulsweapons:draugr":22,"minecraft:cyan_terracotta":69,"minecraft:stone_bricks":1,"minecraft:sweet_berries":90,"minecraft:furnace":2,"minecraft:egg":1,"minecraft:stone_pickaxe":62,"minecraft:oak_planks":22,"minecraft:wooden_pickaxe":9,"minecraft:clay":35,"minecraft:white_wool":1,"minecraft:dripstone_block":2,"minecraft:bread":10,"tombstone:grave_key":1,"minecraft:diamond_sword":194,"minecraft:coal_block":4,"minecraft:andesite":6,"minecraft:cobweb":14,"minecraft:iron_bars":3,"minecraft:spruce_planks":216,"minecraft:torch":212,"minecraft:dirt":4,"minecraft:wooden_axe":34,"minecraft:iron_axe":495,"minecraft:iron_boots":1,"minecraft:smooth_quartz":1,"minecraft:barrel":1,"minecraft:diamond_chestplate":1,"tombstone:gift":10,"minecraft:cobbled_deepslate":2,"soulsweapons:nightfall":238,"minecraft:water_bucket":127,"minecraft:polished_andesite":48,"minecraft:cauldron":1,"minecraft:mossy_cobblestone":5,"minecraft:crafting_table":15,"minecraft:white_bed":5,"minecraft:dark_prismarine":1,"minecraft:diamond_pickaxe":577,"minecraft:diamond_shovel":19,"minecraft:iron_pickaxe":581,"minecraft:stone_axe":133,"minecraft:cobblestone":184,"minecraft:potion":1,"minecraft:cooked_porkchop":2,"minecraft:porkchop":2,"minecraft:bucket":128,"minecraft:smooth_stone":68},"minecraft:dropped":{"minecraft:brown_mushroom":2,"minecraft:glass_bottle":2,"minecraft:crafting_table":1,"minecraft:leather":2,"minecraft:item_frame":1,"minecraft:emerald":1,"minecraft:flint":57,"minecraft:cyan_terracotta":10,"minecraft:dirt":20,"minecraft:amethyst_shard":12,"minecraft:black_concrete":1,"minecraft:bone":9,"minecraft:deepslate_brick_slab":6,"minecraft:rotten_flesh":15,"minecraft:diamond_shovel":2,"minecraft:poppy":1,"minecraft:rabbit_hide":1,"minecraft:skeleton_skull":3,"soulsweapons:draugr":1,"minecraft:spruce_slab":15,"minecraft:iron_bars":12,"minecraft:stone_brick_stairs":1,"minecraft:enchanted_book":1,"minecraft:iron_ingot":16,"minecraft:wheat_seeds":2,"minecraft:dripstone_block":1,"minecraft:cobblestone":21,"minecraft:book":10,"minecraft:granite":1,"minecraft:coal":75,"minecraft:coal_block":41,"minecraft:polished_andesite":2,"minecraft:stick":12,"minecraft:iron_trapdoor":1,"minecraft:diorite":4,"minecraft:torch":39,"minecraft:brown_wool":2,"minecraft:smooth_quartz":1,"minecraft:potion":2,"minecraft:iron_leggings":1,"minecraft:smooth_sandstone_slab":2,"minecraft:smooth_stone":2,"minecraft:smooth_sandstone":2,"minecraft:string":30,"minecraft:polished_deepslate_wall":1,"minecraft:spruce_sapling":34,"minecraft:polished_deepslate":2,"minecraft:redstone":1,"minecraft:nether_wart":50,"minecraft:tuff":2,"sophisticatedbackpacks:backpack":1,"minecraft:deepslate_bricks":2,"minecraft:cobblestone_slab":15,"minecraft:diamond_chestplate":1,"minecraft:bundle":1,"minecraft:spruce_planks":90,"minecraft:andesite":24,"minecraft:oak_sapling":3,"minecraft:barrel":1,"minecraft:spruce_log":3,"minecraft:stone_pickaxe":1,"minecraft:wooden_pickaxe":2,"minecraft:cracked_deepslate_bricks":1,"minecraft:quartz_slab":2},"minecraft:broken":{"minecraft:iron_boots":1,"minecraft:stone_axe":2,"minecraft:wooden_axe":1,"minecraft:shield":1,"minecraft:iron_axe":2,"minecraft:iron_pickaxe":2},"minecraft:custom":{"minecraft:interact_with_crafting_table":40,"minecraft:open_barrel":67,"minecraft:leave_game":2,"minecraft:time_since_death":3355,"minecraft:damage_resisted":38,"minecraft:sprint_one_cm":573289,"minecraft:damage_blocked_by_shield":615,"minecraft:drop":124,"minecraft:play_noteblock":11,"minecraft:play_time":220792,"minecraft:deaths":30,"minecraft:jump":3981,"minecraft:walk_on_water_one_cm":29442,"minecraft:interact_with_furnace":21,"minecraft:sleep_in_bed":6,"minecraft:waystone_activated":1,"minecraft:damage_dealt":30331,"minecraft:crouch_one_cm":81245,"tombstone:undead_killed":100,"minecraft:mob_kills":131,"minecraft:damage_dealt_resisted":51,"minecraft:climb_one_cm":1667,"minecraft:walk_one_cm":443618,"minecraft:sneak_time":28364,"minecraft:walk_under_water_one_cm":5711,"minecraft:total_world_time":220792,"minecraft:time_since_rest":3121,"minecraft:damage_taken":9978,"minecraft:damage_absorbed":139,"minecraft:swim_one_cm":10117,"minecraft:fly_one_cm":698140,"minecraft:open_chest":57,"minecraft:fall_one_cm":91323},"minecraft:killed":{"soulsweapons:night_shade":1,"minecraft:spider":9,"minecraft:skeleton":11,"minecraft:magma_cube":4,"minecraft:pig":1,"minecraft:creeper":1,"minecraft:sheep":4,"minecraft:zombie":88,"soulsweapons:draugr_boss":1,"soulsweapons:remnant":3},"minecraft:killed_by":{"minecraft:zombified_piglin":1,"minecraft:piglin_brute":1,"soulsweapons:draugr_boss":1,"minecraft:zombie":10,"minecraft:player":1,"soulsweapons:night_shade":12,"minecraft:skeleton":1},"minecraft:picked_up":{"soulsweapons:lord_soul_dark":1,"minecraft:iron_trapdoor":1,"soulsweapons:moonstone":3,"minecraft:enchanted_book":1,"minecraft:potion":1,"minecraft:stone_brick_stairs":1,"minecraft:polished_deepslate_wall":1,"minecraft:polished_deepslate":4,"minecraft:string":42,"minecraft:raw_copper":87,"minecraft:iron_leggings":1,"minecraft:cobbled_deepslate":62,"minecraft:smooth_stone":70,"minecraft:spruce_planks":140,"samurai_dynasty:raw_silver":11,"minecraft:cobblestone_slab":15,"minecraft:smooth_quartz":2,"minecraft:coal_block":45,"minecraft:stick":16,"minecraft:oak_fence":3,"minecraft:torch":64,"minecraft:porkchop":6,"tombstone:grave_dust":12,"minecraft:pointed_dripstone":2,"minecraft:diorite":4,"minecraft:cauldron":1,"minecraft:rotten_flesh":69,"minecraft:cyan_terracotta":79,"minecraft:white_terracotta":79,"minecraft:iron_bars":15,"minecraft:cobblestone":326,"minecraft:andesite":30,"minecraft:brown_wool":2,"minecraft:tuff":2,"minecraft:lapis_lazuli":64,"minecraft:dirt":31,"minecraft:bone":12,"minecraft:wheat_seeds":2,"minecraft:deepslate_brick_slab":5,"minecraft:raw_gold":10,"minecraft:oak_planks":4,"minecraft:mossy_cobblestone":5,"minecraft:barrel":1,"minecraft:dark_prismarine":1,"minecraft:polished_andesite":50,"minecraft:diamond":8,"minecraft:black_concrete":2,"minecraft:lever":1,"minecraft:granite":1,"soulsweapons:verglas":16,"minecraft:oak_sapling":3,"minecraft:waxed_oxidized_cut_copper":2,"minecraft:crafting_table":10,"minecraft:nether_wart":114,"minecraft:clay_ball":140,"minecraft:brown_mushroom":2,"minecraft:wooden_pickaxe":1,"minecraft:gold_block":2,"minecraft:red_bed":1,"minecraft:quartz_slab":2,"minecraft:dark_prismarine_stairs":3,"minecraft:poppy":1,"minecraft:spruce_slab":15,"minecraft:lectern":2,"crittersandcompanions:clam":1,"minecraft:egg":1,"minecraft:raw_iron":20,"minecraft:raw_gold_block":28,"minecraft:note_block":6,"sophisticatedbackpacks:backpack":1,"minecraft:redstone":36,"minecraft:smooth_sandstone_slab":4,"minecraft:tnt":79,"crittersandcompanions:silk":4,"minecraft:deepslate_bricks":1,"minecraft:cracked_deepslate_bricks":1,"soulsweapons:draugr":1,"tombstone:essence_of_undeath":1,"minecraft:mutton":4,"minecraft:white_wool":4,"minecraft:skeleton_skull":2,"minecraft:leather":2,"soulsweapons:essence_of_eventide":1,"minecraft:oak_log":12,"minecraft:gunpowder":2,"soulsweapons:soul_ingot":1,"tombstone:gift":4,"minecraft:smooth_sandstone":2,"minecraft:rabbit_hide":1,"minecraft:iron_ingot":20,"minecraft:cobweb":6,"minecraft:glass_bottle":1,"minecraft:soul_sand":30,"minecraft:book":5,"minecraft:sweet_berries":76,"minecraft:dripstone_block":3,"minecraft:amethyst_shard":24,"minecraft:spruce_sapling":34,"minecraft:white_bed":4,"minecraft:spruce_log":138,"minecraft:spider_eye":2,"minecraft:diamond_shovel":1,"tombstone:magic_scroll":1,"minecraft:coal":68},"minecraft:mined":{"minecraft:dark_prismarine_stairs":3,"minecraft:large_amethyst_bud":1,"minecraft:spruce_planks":40,"minecraft:white_bed":4,"minecraft:granite":3,"minecraft:grass_block":8,"minecraft:stone_brick_wall":1,"minecraft:coal_block":2,"minecraft:deepslate_bricks":2,"minecraft:nether_wart":30,"minecraft:spawner":15,"minecraft:smooth_stone":70,"minecraft:iron_ore":4,"minecraft:barrel":1,"minecraft:deepslate_lapis_ore":3,"minecraft:pointed_dripstone":4,"minecraft:quartz_slab":2,"minecraft:iron_bars":10,"minecraft:deepslate_redstone_ore":8,"minecraft:red_bed":1,"minecraft:cyan_terracotta":81,"soulsweapons:verglas_ore_deepslate":13,"minecraft:amethyst_cluster":4,"minecraft:clay":37,"minecraft:torch":7,"minecraft:note_block":6,"minecraft:calcite":2,"minecraft:poppy":1,"minecraft:polished_andesite_stairs":2,"minecraft:cobblestone":64,"minecraft:oak_planks":6,"minecraft:smooth_sandstone_slab":3,"minecraft:wall_torch":10,"minecraft:amethyst_block":1,"minecraft:cauldron":1,"minecraft:skeleton_skull":2,"minecraft:white_terracotta":86,"samurai_dynasty:deepslate_silver_ore":11,"minecraft:tnt":79,"minecraft:stone_brick_stairs":2,"minecraft:smooth_stone_slab":6,"minecraft:grass":5,"minecraft:dirt":32,"minecraft:smooth_quartz":2,"minecraft:smooth_basalt":1,"minecraft:polished_deepslate_wall":1,"minecraft:oak_leaves":3,"minecraft:deepslate":64,"soulsweapons:verglas_ore":3,"minecraft:dark_prismarine":1,"samurai_dynasty:ruby_ore":2,"minecraft:diamond_ore":2,"minecraft:tuff":3,"minecraft:mossy_cobblestone":13,"minecraft:deepslate_diamond_ore":4,"minecraft:white_stained_glass":2,"minecraft:redstone_wire":1,"minecraft:spruce_leaves":19,"minecraft:large_fern":1,"minecraft:deepslate_brick_slab":6,"minecraft:waxed_oxidized_cut_copper":3,"minecraft:raw_gold_block":29,"minecraft:black_concrete":1,"minecraft:andesite":21,"treechop:chopped_log":10,"minecraft:gold_block":2,"minecraft:polished_deepslate":3,"soulsweapons:moonstone_ore_deepslate":3,"minecraft:cobblestone_slab":22,"minecraft:deepslate_iron_ore":16,"crittersandcompanions:silk_cocoon":1,"minecraft:stone":339,"minecraft:white_wool":1,"minecraft:podzol":1,"minecraft:mangrove_stairs":1,"minecraft:soul_sand":30,"minecraft:smooth_sandstone":2,"minecraft:crafting_table":10,"minecraft:lectern":2,"minecraft:copper_ore":32,"minecraft:lapis_ore":6,"minecraft:deepslate_gold_ore":10,"minecraft:cracked_deepslate_bricks":1,"minecraft:diorite":4,"minecraft:sweet_berry_bush":29,"minecraft:spruce_log":11,"minecraft:quartz_pillar":1,"minecraft:coal_ore":2,"minecraft:dripstone_block":5,"minecraft:cracked_stone_bricks":1,"minecraft:polished_andesite":66,"minecraft:stone_bricks":1,"minecraft:mossy_stone_bricks":1,"minecraft:iron_trapdoor":1,"minecraft:fern":5},"minecraft:crafted":{"minecraft:oak_planks":48,"soulsweapons:soul_ingot":3,"minecraft:iron_boots":1,"sophisticatedbackpacks:backpack":1,"minecraft:cooked_porkchop":2,"minecraft:crafting_table":7,"minecraft:spruce_planks":540,"minecraft:wooden_pickaxe":1,"soulsweapons:lost_soul":20,"minecraft:diamond_pickaxe":1,"minecraft:shield":2,"minecraft:stick":156,"minecraft:iron_pickaxe":2,"minecraft:iron_block":5,"minecraft:coal":54,"minecraft:iron_nugget":18,"soulsweapons:darkmoon_longbow":1,"minecraft:furnace":2,"minecraft:iron_axe":4,"minecraft:stone_pickaxe":1,"soulsweapons:nightfall":1,"quark:spruce_chest":1,"sophisticatedbackpacks:iron_backpack":1,"minecraft:coal_block":14,"sophisticatedbackpacks:gold_backpack":1,"minecraft:bucket":1,"minecraft:stone_axe":2,"minecraft:air":0,"minecraft:wooden_axe":1,"minecraft:iron_leggings":1,"minecraft:white_bed":1,"minecraft:torch":372,"soulsweapons:hunter_pistol":1,"minecraft:clay":35}},"DataVersion":3465}