{"stats":{"minecraft:dropped":{"minecraft:enchanted_book":1,"minecraft:iron_ingot":4,"minecraft:dark_oak_stairs":1,"minecraft:wheat_seeds":2,"minecraft:crafting_table":1,"minecraft:dark_oak_sapling":2,"minecraft:feather":2,"minecraft:cobblestone":5,"biomesoplenty:mahogany_planks":55,"minecraft:apple":2,"minecraft:copper_ingot":4,"minecraft:rail":11,"biomesoplenty:fir_slab":2,"minecraft:leather_helmet":2,"minecraft:flint":1,"minecraft:stick":4,"minecraft:oxeye_daisy":2,"minecraft:dirt":2,"minecraft:torch":5,"minecraft:wooden_axe":3,"minecraft:wooden_sword":1,"minecraft:sand":2,"minecraft:iron_pickaxe":1,"minecraft:dark_oak_planks":6,"biomesoplenty:mahogany_slab":10,"minecraft:bone":1,"minecraft:gravel":18,"toughasnails:leather_water_canteen":2,"minecraft:furnace":1,"minecraft:stone_axe":1,"minecraft:kelp":4,"plentyofarmors:copper_chestplate":1,"minecraft:iron_nugget":5,"minecraft:detector_rail":4,"minecraft:raw_copper":20,"minecraft:rotten_flesh":7,"universal_graves:grave_compass":9,"minecraft:light_gray_wool":3,"minecraft:smoker":2,"minecraft:shield":2,"minecraft:flower_pot":1,"minecraft:beetroot_seeds":2,"minecraft:mossy_stone_bricks":2,"minecraft:stone_bricks":2,"biomesoplenty:mahogany_sapling":2,"minecraft:beef":5,"minecraft:stone_pickaxe":4,"minecraft:wooden_pickaxe":2},"minecraft:crafted":{"minecraft:black_dye":10,"minecraft:wooden_sword":1,"minecraft:oak_planks":8,"minecraft:dark_oak_boat":1,"biomesoplenty:mahogany_planks":204,"minecraft:stone":12,"biomesoplenty:mahogany_slab":12,"toughasnails:empty_leather_canteen":1,"minecraft:iron_bars":16,"toughasnails:empty_copper_canteen":2,"minecraft:terracotta":11,"minecraft:glass":20,"travelersbackpack:white_sleeping_bag":1,"minecraft:iron_boots":1,"minecraft:black_terracotta":8,"minecraft:iron_axe":1,"minecraft:stone_pickaxe":2,"minecraft:chest":1,"minecraft:dark_oak_planks":36,"plentyofarmors:copper_chestplate":2,"minecraft:cooked_beef":19,"minecraft:cooked_cod":9,"minecraft:cooked_porkchop":15,"minecraft:crafting_table":5,"minecraft:spruce_planks":4,"travelersbackpack:backpack_tank":2,"minecraft:iron_helmet":1,"travelersbackpack:standard":1,"minecraft:wooden_pickaxe":2,"minecraft:iron_sword":1,"hwg:gun_table":1,"minecraft:copper_ingot":41,"minecraft:bucket":1,"minecraft:stone_axe":1,"minecraft:air":0,"minecraft:shield":2,"minecraft:stone_slab":6,"minecraft:stick":36,"minecraft:iron_ingot":73,"minecraft:iron_pickaxe":6,"minecraft:wooden_axe":2,"biomesoplenty:mahogany_boat":1,"minecraft:iron_shovel":1,"minecraft:iron_leggings":1,"minecraft:gold_ingot":18,"minecraft:composter":1,"minecraft:torch":20,"minecraft:clay":11},"minecraft:killed":{"zombies_plus:runner_zombie":5,"zombies_plus:weak_zombie":2,"zombies_plus:cave_zombie":4,"minecraft:silverfish":1,"mozombies_wave:zombie_knight":1,"minecraft:drowned":9,"zombies_plus:sword_zombie":2,"zombies_plus:crawler_zombie":5,"minecraft:zombie_villager":3,"zombies_plus:leaper_zombie":2,"zombies_plus:axe_zombie":1,"minecraft:squid":4,"zombies_plus:crossbow_zombie":1,"hwg:merc":1,"minecraft:zombie":17,"hwg:spy":1,"mozombies_wave:zombie_dwarf":3,"minecraft:player":6,"minecraft:cow":12},"minecraft:picked_up":{"minecraft:wooden_axe":2,"minecraft:crafting_table":6,"minecraft:leather_leggings":1,"minecraft:flower_pot":2,"minecraft:clay_ball":44,"minecraft:chest_minecart":1,"minecraft:wooden_pickaxe":2,"minecraft:gold_block":4,"minecraft:enchanted_book":9,"minecraft:shield":2,"minecraft:string":9,"minecraft:red_bed":2,"minecraft:raw_copper":56,"minecraft:iron_axe":1,"universal_graves:grave_compass":4,"minecraft:pufferfish":1,"minecraft:detector_rail":4,"minecraft:cobbled_deepslate":259,"minecraft:beef":24,"minecraft:iron_pickaxe":1,"minecraft:iron_nugget":32,"minecraft:light_gray_wool":3,"minecraft:lectern":4,"minecraft:sugar_cane":20,"minecraft:chest":12,"minecraft:furnace":2,"minecraft:dark_oak_sapling":4,"minecraft:stick":9,"minecraft:raw_iron":82,"minecraft:sandstone":1,"minecraft:copper_ingot":8,"minecraft:torch":19,"minecraft:porkchop":15,"fwaystones:waystone":6,"minecraft:dark_oak_planks":23,"minecraft:light_gray_bed":1,"minecraft:rotten_flesh":17,"minecraft:beetroot_seeds":2,"biomesoplenty:mahogany_sapling":8,"minecraft:deepslate_bricks":2,"biomesoplenty:fir_slab":5,"minecraft:saddle":1,"minecraft:deepslate_brick_stairs":2,"minecraft:obsidian":2,"minecraft:white_wool":18,"minecraft:cod":3,"minecraft:rail":11,"minecraft:cobblestone":489,"minecraft:oxeye_daisy":3,"minecraft:feather":2,"minecraft:leather":10,"minecraft:dark_oak_boat":1,"minecraft:smoker":4,"minecraft:potato":3,"minecraft:flint":2,"minecraft:oak_log":2,"biomesoplenty:mahogany_boat":1,"minecraft:gunpowder":6,"minecraft:cobblestone_stairs":1,"minecraft:lapis_lazuli":25,"minecraft:dirt":7,"hwg:pistol":1,"biomesoplenty:mahogany_slab":7,"minecraft:bone":1,"minecraft:apple":5,"minecraft:stone_bricks":7,"minecraft:kelp":8,"minecraft:wheat_seeds":2,"minecraft:iron_ingot":8,"minecraft:stone_pickaxe":2,"minecraft:mossy_stone_bricks":2,"minecraft:oak_planks":2,"biomesoplenty:mahogany_planks":75,"minecraft:dark_oak_stairs":3,"minecraft:book":222,"minecraft:cooked_porkchop":12,"minecraft:gravel":27,"minecraft:sand":22,"toughasnails:leather_water_canteen":1,"minecraft:spruce_log":1,"minecraft:ink_sac":10,"minecraft:blast_furnace":2,"minecraft:dark_oak_log":3,"minecraft:leather_helmet":2,"biomesoplenty:mahogany_log":51,"minecraft:diamond":15,"minecraft:stone_axe":1,"minecraft:slime_block":2,"minecraft:bread":34,"hwg:bullets":9,"minecraft:oak_sapling":4,"minecraft:stripped_dark_oak_log":6,"minecraft:coal":70,"minecraft:ender_pearl":1},"minecraft:custom":{"minecraft:mob_kills":75,"minecraft:interact_with_crafting_table":40,"minecraft:open_barrel":1,"minecraft:leave_game":8,"minecraft:time_since_death":509,"minecraft:climb_one_cm":1879,"minecraft:sprint_one_cm":536431,"minecraft:walk_one_cm":333101,"minecraft:damage_blocked_by_shield":1312,"minecraft:drop":87,"minecraft:talked_to_villager":4,"minecraft:play_time":232020,"minecraft:sneak_time":24117,"minecraft:deaths":33,"minecraft:walk_under_water_one_cm":103805,"minecraft:boat_one_cm":728606,"minecraft:jump":4064,"minecraft:interact_with_blast_furnace":23,"minecraft:walk_on_water_one_cm":87316,"minecraft:total_world_time":232020,"minecraft:interact_with_furnace":70,"minecraft:sleep_in_bed":4,"minecraft:time_since_rest":534,"minecraft:damage_taken":10423,"minecraft:damage_dealt":15008,"minecraft:crouch_one_cm":58846,"minecraft:swim_one_cm":302989,"minecraft:player_kills":6,"minecraft:fly_one_cm":699035,"minecraft:open_chest":103,"minecraft:fall_one_cm":83988,"minecraft:interact_with_smoker":24},"minecraft:killed_by":{"minecraft:player":3,"zombies_plus:runner_zombie":5,"zombies_plus:bow_zombie":5,"zombies_plus:sword_zombie":1,"minecraft:drowned":1,"undeadnights:horde_zombie":2,"minecraft:vindicator":2,"mozombies_wave:zombie_cyborg":1,"mozombies_wave:zombie_dwarf":1,"minecraft:zombie":2,"mozombies_wave:disco_zombie":1,"mozombies_wave:zombie_pa":1,"zombies_plus:axe_zombie":1,"mozombies_wave:zombie_miner":4},"minecraft:used":{"fwaystones:waystone":2,"biomesoplenty:mahogany_planks":32,"minecraft:stone_sword":13,"minecraft:iron_shovel":11,"biomesoplenty:mahogany_slab":2,"minecraft:chest":8,"minecraft:spruce_planks":4,"minecraft:shield":41,"minecraft:iron_sword":139,"toughasnails:empty_copper_canteen":4,"minecraft:torch":17,"minecraft:dirt":5,"minecraft:obsidian":2,"plentyofarmors:copper_chestplate":1,"minecraft:dark_oak_planks":33,"minecraft:wooden_axe":20,"minecraft:iron_axe":95,"minecraft:stone_bricks":5,"biomesoplenty:mahogany_sapling":6,"toughasnails:leather_water_canteen":16,"minecraft:dark_oak_boat":1,"minecraft:oak_sapling":3,"minecraft:light_gray_bed":1,"toughasnails:empty_leather_canteen":1,"minecraft:cobbled_deepslate":101,"minecraft:water_bucket":14,"minecraft:dark_oak_stairs":2,"minecraft:cobblestone_stairs":1,"minecraft:stone_pickaxe":45,"minecraft:oak_planks":2,"minecraft:wooden_pickaxe":15,"minecraft:composter":1,"toughasnails:copper_water_canteen":74,"biomesoplenty:fir_slab":2,"minecraft:crafting_table":10,"minecraft:blast_furnace":1,"minecraft:red_bed":2,"minecraft:smoker":1,"minecraft:apple":3,"minecraft:bread":17,"minecraft:string":3,"minecraft:iron_pickaxe":1012,"minecraft:stone_axe":102,"minecraft:gravel":1,"biomesoplenty:mahogany_boat":1,"minecraft:wooden_sword":4,"travelersbackpack:standard":1,"minecraft:cobblestone":212,"minecraft:cooked_porkchop":15,"minecraft:bucket":14,"hwg:gun_table":1,"minecraft:kelp":4},"minecraft:broken":{"toughasnails:copper_water_canteen":2,"minecraft:iron_pickaxe":4},"minecraft:mined":{"minecraft:dark_oak_planks":12,"minecraft:mossy_cobblestone":1,"minecraft:deepslate_diamond_ore":15,"minecraft:cobblestone_stairs":4,"minecraft:dark_oak_log":3,"biomesoplenty:fir_slab":1,"minecraft:grass_block":3,"minecraft:light_gray_bed":1,"minecraft:deepslate_bricks":2,"minecraft:spruce_leaves":7,"biomesoplenty:mahogany_sapling":1,"minecraft:kelp":1,"minecraft:sandstone":33,"minecraft:furnace":1,"minecraft:iron_ore":32,"minecraft:cobbled_deepslate":16,"minecraft:deepslate_lapis_ore":4,"minecraft:gold_block":2,"minecraft:dark_oak_stairs":3,"minecraft:bookshelf":37,"biomesoplenty:mahogany_leaves":10,"minecraft:deepslate_iron_ore":50,"minecraft:deepslate_brick_stairs":2,"minecraft:stone":419,"minecraft:white_wool":9,"minecraft:tripwire":3,"minecraft:red_bed":2,"minecraft:kelp_plant":1,"minecraft:smoker":1,"minecraft:stripped_dark_oak_log":6,"minecraft:clay":11,"minecraft:torch":1,"minecraft:crafting_table":5,"minecraft:blast_furnace":1,"biomesoplenty:mahogany_planks":20,"minecraft:chest":8,"minecraft:lectern":2,"minecraft:copper_ore":18,"minecraft:tall_grass":3,"minecraft:potted_oxeye_daisy":1,"minecraft:cobblestone":66,"minecraft:oak_planks":2,"minecraft:sugar_cane":4,"minecraft:wall_torch":3,"biomesoplenty:mahogany_log":15,"minecraft:spruce_log":1,"minecraft:light_gray_wool":3,"minecraft:yellow_stained_glass_pane":6,"minecraft:grass":6,"minecraft:coal_ore":58,"minecraft:oak_log":4,"biomesoplenty:fir_leaves":4,"minecraft:gravel":16,"minecraft:dirt":10,"minecraft:sand":22,"minecraft:cobweb":4,"minecraft:cracked_stone_bricks":2,"minecraft:stone_bricks":24,"minecraft:deepslate":280,"minecraft:mossy_stone_bricks":4,"minecraft:oak_leaves":5,"minecraft:fern":13,"minecraft:infested_stone":1}},"DataVersion":3465}