{"stats":{"minecraft:custom":{"minecraft:interact_with_crafting_table":64,"minecraft:open_barrel":1,"minecraft:leave_game":12,"minecraft:time_since_death":21999,"minecraft:sprint_one_cm":936156,"minecraft:damage_blocked_by_shield":2512,"minecraft:drop":232,"minecraft:talked_to_villager":4,"minecraft:play_time":447425,"minecraft:deaths":52,"minecraft:jump":8217,"minecraft:walk_on_water_one_cm":218591,"minecraft:interact_with_furnace":155,"minecraft:sleep_in_bed":8,"minecraft:damage_dealt":81507,"minecraft:player_kills":9,"minecraft:crouch_one_cm":171384,"minecraft:interact_with_smoker":32,"minecraft:mob_kills":485,"minecraft:climb_one_cm":7227,"minecraft:walk_one_cm":700523,"minecraft:sneak_time":56294,"minecraft:walk_under_water_one_cm":150608,"minecraft:boat_one_cm":734291,"minecraft:interact_with_blast_furnace":40,"minecraft:total_world_time":447425,"minecraft:time_since_rest":12365,"minecraft:damage_taken":19184,"minecraft:swim_one_cm":400744,"minecraft:fly_one_cm":1345390,"minecraft:open_chest":249,"minecraft:fall_one_cm":155374},"minecraft:crafted":{"minecraft:black_dye":10,"minecraft:oak_planks":76,"minecraft:dark_oak_boat":1,"toughasnails:empty_iron_canteen":1,"minecraft:stone":12,"minecraft:lever":1,"biomesoplenty:mahogany_slab":12,"minecraft:iron_bars":16,"toughasnails:empty_copper_canteen":2,"minecraft:glass":20,"minecraft:repeater":1,"minecraft:iron_boots":1,"minecraft:chest":5,"hwg:tommy_gun":1,"minecraft:cooked_porkchop":15,"minecraft:diamond_axe":1,"minecraft:crafting_table":8,"minecraft:spruce_planks":84,"minecraft:iron_helmet":1,"minecraft:wooden_pickaxe":3,"travelersbackpack:standard":1,"hwg:gun_table":1,"minecraft:copper_ingot":172,"plentyofarmors:copper_helmet":1,"minecraft:diamond_pickaxe":1,"minecraft:shield":3,"minecraft:stick":64,"minecraft:stone_slab":6,"plentyofarmors:copper_leggings":1,"minecraft:iron_ingot":146,"minecraft:iron_pickaxe":6,"biomesoplenty:mahogany_boat":1,"minecraft:iron_block":1,"minecraft:stone_sword":1,"minecraft:gold_ingot":20,"minecraft:redstone_torch":2,"minecraft:composter":1,"minecraft:wooden_sword":1,"minecraft:iron_nugget":63,"biomesoplenty:mahogany_planks":268,"toughasnails:empty_gold_canteen":1,"minecraft:furnace":3,"hwg:bullets":10,"toughasnails:empty_leather_canteen":1,"minecraft:terracotta":11,"travelersbackpack:white_sleeping_bag":1,"minecraft:black_terracotta":8,"minecraft:iron_axe":1,"minecraft:stone_pickaxe":3,"plentyofarmors:copper_boots":1,"minecraft:dark_oak_planks":36,"plentyofarmors:copper_chestplate":3,"minecraft:cooked_beef":28,"minecraft:cooked_cod":9,"minecraft:diamond_sword":1,"travelersbackpack:backpack_tank":2,"minecraft:iron_sword":2,"tacz:gun_smith_table":1,"minecraft:bucket":2,"minecraft:stone_axe":1,"minecraft:air":0,"minecraft:black_stained_glass":8,"minecraft:gold_nugget":45,"minecraft:wooden_axe":2,"minecraft:iron_shovel":1,"minecraft:iron_leggings":1,"minecraft:torch":72,"minecraft:clay":11},"minecraft:used":{"fwaystones:waystone":4,"minecraft:iron_shovel":173,"biomesoplenty:mahogany_slab":2,"minecraft:chest":12,"minecraft:shield":70,"minecraft:iron_sword":471,"minecraft:obsidian":2,"minecraft:lava_bucket":3,"minecraft:stone_bricks":5,"biomesoplenty:mahogany_sapling":6,"toughasnails:leather_water_canteen":16,"minecraft:dark_oak_boat":1,"minecraft:oak_sapling":3,"minecraft:furnace":9,"minecraft:dark_oak_stairs":2,"minecraft:oak_planks":2,"minecraft:stone_pickaxe":142,"minecraft:ender_pearl":1,"minecraft:wooden_pickaxe":42,"minecraft:composter":1,"minecraft:diamond_axe":177,"toughasnails:copper_water_canteen":87,"minecraft:blast_furnace":1,"toughasnails:gold_water_canteen":64,"minecraft:bread":35,"minecraft:string":3,"minecraft:gravel":1,"minecraft:diamond_sword":786,"minecraft:wooden_sword":4,"toughasnails:iron_water_canteen":16,"biomesoplenty:mahogany_planks":35,"minecraft:stone_sword":76,"minecraft:spruce_planks":5,"tacz:gun_smith_table":1,"toughasnails:empty_copper_canteen":4,"minecraft:torch":78,"minecraft:dirt":5,"toughasnails:empty_iron_canteen":1,"plentyofarmors:copper_chestplate":2,"minecraft:dark_oak_planks":33,"minecraft:wooden_axe":20,"minecraft:iron_axe":124,"minecraft:cooked_beef":26,"minecraft:cobbled_deepslate":214,"minecraft:light_gray_bed":1,"toughasnails:empty_leather_canteen":1,"minecraft:water_bucket":42,"minecraft:cobblestone_stairs":1,"biomesoplenty:mahogany_log":3,"biomesoplenty:fir_slab":502,"minecraft:crafting_table":13,"minecraft:red_bed":4,"minecraft:spruce_log":7,"minecraft:smoker":1,"toughasnails:empty_gold_canteen":1,"minecraft:diamond_pickaxe":21,"minecraft:apple":4,"plentyofarmors:lapis_boots":1,"minecraft:iron_pickaxe":1253,"biomesoplenty:mahogany_boat":1,"minecraft:stone_axe":102,"plentyofarmors:lapis_helmet":1,"minecraft:cobblestone":297,"travelersbackpack:standard":4,"minecraft:cooked_porkchop":15,"minecraft:bucket":46,"hwg:gun_table":2,"biomesoplenty:fir_log":1,"minecraft:kelp":4},"minecraft:broken":{"minecraft:stone_pickaxe":1,"toughasnails:copper_water_canteen":2,"minecraft:iron_pickaxe":5},"minecraft:killed_by":{"zombies_plus:bow_zombie":5,"minecraft:drowned":3,"mozombies_wave:zombie_chef":2,"undeadnights:horde_zombie":3,"mozombies_wave:zombie_notch":1,"minecraft:vindicator":2,"mozombies_wave:zombie_cyborg":2,"mozombies_wave:zombie_herobrine":1,"minecraft:zombie":4,"minecraft:player":9,"zombies_plus:runner_zombie":6,"zombies_plus:sword_zombie":1,"mozombies_wave:zombie_dwarf":1,"mozombies_wave:disco_zombie":1,"mozombies_wave:zombie_pa":2,"zombies_plus:axe_zombie":1,"mozombies_wave:zombie_miner":4},"minecraft:mined":{"minecraft:dark_oak_planks":13,"minecraft:spruce_planks":15,"minecraft:cobblestone_stairs":4,"minecraft:granite":1,"biomesoplenty:fir_slab":164,"minecraft:grass_block":73,"biomesoplenty:stripped_mahogany_log":3,"minecraft:light_gray_bed":1,"minecraft:deepslate_bricks":2,"minecraft:spawner":1,"minecraft:iron_ore":49,"minecraft:cobbled_deepslate":22,"minecraft:fire":2,"minecraft:deepslate_lapis_ore":13,"minecraft:dark_oak_stairs":6,"minecraft:deepslate_brick_stairs":2,"minecraft:tripwire":4,"minecraft:deepslate_redstone_ore":16,"hwg:gun_table":1,"minecraft:red_bed":3,"minecraft:kelp_plant":4,"minecraft:amethyst_cluster":2,"minecraft:smoker":1,"minecraft:clay":11,"minecraft:torch":4,"minecraft:blast_furnace":1,"minecraft:calcite":1,"minecraft:chest":8,"minecraft:cobblestone":80,"minecraft:oak_planks":2,"minecraft:sugar_cane":4,"minecraft:wall_torch":4,"minecraft:amethyst_block":2,"minecraft:light_gray_wool":3,"biomesoplenty:fir_log":1,"minecraft:yellow_stained_glass_pane":6,"minecraft:grass":13,"minecraft:oak_log":4,"minecraft:sand":78,"minecraft:dirt":41,"minecraft:smooth_basalt":3,"minecraft:oak_leaves":5,"minecraft:deepslate":310,"minecraft:tuff":2,"minecraft:mossy_cobblestone":1,"minecraft:deepslate_diamond_ore":21,"minecraft:dark_oak_log":3,"minecraft:glow_lichen":1,"minecraft:spruce_leaves":7,"biomesoplenty:mahogany_sapling":1,"minecraft:kelp":13,"minecraft:sandstone":33,"minecraft:redstone_ore":2,"minecraft:furnace":7,"minecraft:stripped_spruce_log":6,"minecraft:gold_block":2,"minecraft:bookshelf":37,"minecraft:deepslate_iron_ore":102,"biomesoplenty:mahogany_leaves":13,"minecraft:stone":471,"minecraft:white_wool":9,"minecraft:light_gray_carpet":1,"minecraft:stripped_dark_oak_log":6,"minecraft:crafting_table":7,"biomesoplenty:mahogany_planks":25,"minecraft:lectern":2,"minecraft:copper_ore":40,"minecraft:potted_oxeye_daisy":1,"minecraft:tall_grass":7,"minecraft:deepslate_gold_ore":34,"biomesoplenty:mahogany_log":16,"minecraft:white_carpet":1,"minecraft:spruce_log":2,"minecraft:coal_ore":96,"biomesoplenty:fir_leaves":4,"minecraft:gravel":16,"minecraft:cobweb":4,"minecraft:cracked_stone_bricks":2,"minecraft:stone_bricks":24,"minecraft:mossy_stone_bricks":4,"minecraft:gold_ore":9,"minecraft:infested_stone":1,"minecraft:fern":13},"minecraft:killed":{"zombies_plus:slow_zombie":6,"mozombies_wave:zombie_king":1,"zombies_plus:shrieker_zombie":2,"mozombies_wave:zombie_chef":10,"minecraft:witch":2,"zombies_plus:cave_zombie":19,"minecraft:silverfish":1,"mozombies_wave:zombie_knight":2,"mozombies_wave:disco_zombie":1,"undeadnights:horde_zombie":37,"minecraft:zombie_villager":7,"mozombies_wave:zombie_creeper":1,"mozombies_wave:zombie_miner":3,"minecraft:sheep":2,"zombies_plus:crossbow_zombie":1,"hwg:merc":1,"minecraft:zombie":121,"mozombies_wave:zombie_dwarf":20,"minecraft:cow":12,"zombies_plus:brute_zombie":2,"zombies_plus:runner_zombie":63,"undeadnights:demolition_zombie":1,"zombies_plus:weak_zombie":8,"minecraft:slime":3,"mozombies_wave:zombie_pa":4,"minecraft:drowned":87,"zombies_plus:sword_zombie":16,"mozombies_wave:zombie_cyborg":3,"mozombies_wave:zombie_pirate":1,"minecraft:husk":3,"zombies_plus:crawler_zombie":13,"zombies_plus:leaper_zombie":7,"minecraft:bat":2,"zombies_plus:axe_zombie":12,"minecraft:squid":4,"undeadnights:elite_zombie":1,"minecraft:polar_bear":1,"hwg:spy":1,"minecraft:player":9},"minecraft:dropped":{"minecraft:iron_sword":3,"minecraft:dark_oak_stairs":2,"minecraft:diamond":2,"minecraft:crafting_table":1,"minecraft:dark_oak_sapling":2,"hwg:bullets":9,"biomesoplenty:mahogany_planks":125,"minecraft:rail":11,"minecraft:leather_helmet":2,"minecraft:flint":1,"minecraft:cod":2,"minecraft:emerald":1,"minecraft:dirt":103,"minecraft:mutton":2,"biomesoplenty:mahogany_boat":1,"minecraft:wooden_sword":1,"minecraft:gold_nugget":5,"minecraft:sand":2,"minecraft:sugar":1,"minecraft:iron_pickaxe":1,"minecraft:dark_oak_planks":6,"minecraft:white_wool":2,"biomesoplenty:mahogany_slab":10,"minecraft:bone":6,"minecraft:gravel":18,"minecraft:stone_axe":1,"plentyofarmors:copper_chestplate":2,"plentyofarmors:ice_shard":2,"minecraft:iron_nugget":12,"minecraft:detector_rail":4,"minecraft:cobbled_deepslate":8,"hwg:pistol":1,"minecraft:black_terracotta":2,"minecraft:rotten_flesh":228,"universal_graves:grave_compass":13,"toughasnails:copper_water_canteen":2,"minecraft:carrot":1,"minecraft:leather_chestplate":1,"minecraft:beetroot_seeds":2,"minecraft:leather_leggings":2,"mozombies_wave:disco_glasses":1,"biomesoplenty:mahogany_sapling":9,"minecraft:beef":7,"minecraft:golden_boots":1,"minecraft:enchanted_book":1,"biomesoplenty:mahogany_log":21,"minecraft:iron_ingot":8,"travelersbackpack:cow":1,"minecraft:wheat_seeds":3,"hwg:shotgun":1,"minecraft:iron_helmet":2,"minecraft:feather":2,"minecraft:cobblestone":5,"minecraft:amethyst_block":2,"minecraft:apple":4,"minecraft:granite":1,"minecraft:copper_ingot":6,"biomesoplenty:fir_slab":2,"minecraft:coal":10,"contagion:contagious_flesh":13,"minecraft:stick":6,"minecraft:oxeye_daisy":2,"minecraft:torch":5,"minecraft:wooden_axe":3,"minecraft:iron_leggings":2,"tacz:modern_kinetic_gun":4,"minecraft:iron_axe":2,"minecraft:string":1,"minecraft:redstone":1,"minecraft:smooth_basalt":6,"minecraft:furnace":4,"toughasnails:leather_water_canteen":2,"minecraft:kelp":14,"minecraft:stone_sword":1,"minecraft:raw_copper":20,"minecraft:tuff":2,"minecraft:raw_iron":13,"minecraft:white_carpet":1,"minecraft:light_gray_wool":3,"minecraft:iron_boots":2,"minecraft:smoker":2,"minecraft:stone_slab":2,"minecraft:shield":3,"minecraft:flower_pot":1,"minecraft:mossy_stone_bricks":2,"minecraft:oak_sapling":12,"minecraft:spider_eye":4,"minecraft:stone_bricks":2,"minecraft:wooden_pickaxe":4,"minecraft:stone_pickaxe":4,"minecraft:calcite":1,"biomesoplenty:fir_log":135},"minecraft:picked_up":{"minecraft:wooden_axe":2,"contagion:contagious_flesh":14,"minecraft:flower_pot":2,"minecraft:stone_slab":2,"minecraft:enchanted_book":9,"minecraft:amethyst_block":2,"minecraft:string":11,"minecraft:raw_copper":164,"biomesoplenty:stripped_mahogany_log":3,"minecraft:iron_leggings":1,"universal_graves:grave_compass":4,"minecraft:pufferfish":1,"minecraft:gold_nugget":9,"minecraft:cobbled_deepslate":301,"minecraft:spruce_planks":8,"toughasnails:copper_water_canteen":1,"minecraft:calcite":1,"minecraft:iron_pickaxe":1,"minecraft:iron_boots":1,"minecraft:furnace":11,"minecraft:stick":20,"minecraft:torch":27,"minecraft:porkchop":15,"tacz:attachment":1,"minecraft:light_gray_bed":1,"minecraft:rotten_flesh":304,"biomesoplenty:mahogany_sapling":15,"biomesoplenty:fir_slab":612,"minecraft:deepslate_brick_stairs":2,"minecraft:obsidian":2,"minecraft:cod":5,"minecraft:cobblestone":561,"minecraft:leather_chestplate":2,"minecraft:feather":2,"minecraft:dark_oak_boat":1,"minecraft:smoker":4,"minecraft:potato":10,"biomesoplenty:fir_log":1,"minecraft:flint":2,"minecraft:tuff":2,"biomesoplenty:mahogany_boat":1,"hwg:pistol":2,"minecraft:lapis_lazuli":93,"minecraft:dirt":108,"minecraft:bone":15,"minecraft:wheat_seeds":3,"minecraft:raw_gold":43,"minecraft:mossy_stone_bricks":2,"minecraft:oak_planks":3,"biomesoplenty:mahogany_planks":146,"minecraft:cooked_porkchop":12,"hwg:gun_table":1,"minecraft:sand":73,"minecraft:stripped_spruce_log":6,"minecraft:ink_sac":10,"toughasnails:leather_water_canteen":1,"minecraft:dark_oak_log":3,"plentyofarmors:lapis_helmet":1,"minecraft:sugar":1,"minecraft:diamond":22,"minecraft:slime_block":2,"minecraft:granite":1,"minecraft:emerald":1,"minecraft:bread":34,"hwg:bullets":9,"minecraft:oak_sapling":16,"minecraft:crafting_table":8,"minecraft:clay_ball":44,"minecraft:chest_minecart":1,"minecraft:leather_leggings":2,"minecraft:wooden_pickaxe":3,"minecraft:gold_block":4,"minecraft:shield":2,"minecraft:red_bed":4,"minecraft:iron_axe":2,"hwg:shotgun_shell":2,"tacz:ammo":225,"minecraft:white_carpet":2,"minecraft:detector_rail":4,"minecraft:beef":36,"minecraft:iron_nugget":37,"minecraft:light_gray_wool":3,"minecraft:lectern":4,"minecraft:sugar_cane":20,"minecraft:chest":12,"minecraft:phantom_membrane":3,"minecraft:dark_oak_sapling":4,"minecraft:raw_iron":164,"minecraft:sandstone":1,"minecraft:copper_ingot":11,"minecraft:note_block":3,"mozombies_wave:disco_glasses":1,"fwaystones:waystone":6,"minecraft:carrot":4,"minecraft:redstone":72,"minecraft:dark_oak_planks":23,"minecraft:tnt":5,"minecraft:beetroot_seeds":2,"minecraft:deepslate_bricks":2,"minecraft:saddle":1,"minecraft:gold_ingot":4,"minecraft:mutton":2,"minecraft:rail":11,"minecraft:white_wool":20,"minecraft:oxeye_daisy":3,"minecraft:leather":15,"minecraft:oak_log":19,"minecraft:golden_boots":1,"minecraft:gunpowder":37,"minecraft:cobblestone_stairs":1,"biomesoplenty:mahogany_slab":7,"minecraft:apple":7,"travelersbackpack:cow":1,"minecraft:stone_bricks":7,"minecraft:kelp":18,"minecraft:iron_ingot":19,"minecraft:stone_pickaxe":2,"plentyofarmors:ice_shard":2,"hwg:shotgun":1,"minecraft:iron_sword":1,"minecraft:dark_oak_stairs":4,"minecraft:book":222,"minecraft:smooth_basalt":6,"minecraft:gravel":27,"minecraft:amethyst_shard":8,"minecraft:blast_furnace":2,"minecraft:spruce_log":6,"minecraft:spider_eye":5,"minecraft:leather_helmet":3,"biomesoplenty:mahogany_log":91,"minecraft:stone_axe":1,"tacz:modern_kinetic_gun":5,"minecraft:iron_helmet":2,"plentyofarmors:lapis_boots":1,"minecraft:stripped_dark_oak_log":6,"minecraft:coal":227,"minecraft:ender_pearl":2}},"DataVersion":3465}