{"stats":{"minecraft:dropped":{"minecraft:iron_sword":2,"minecraft:dark_oak_stairs":1,"minecraft:diamond":2,"minecraft:crafting_table":1,"minecraft:dark_oak_sapling":2,"hwg:bullets":9,"biomesoplenty:mahogany_planks":55,"minecraft:rail":11,"minecraft:leather_helmet":2,"minecraft:emerald":1,"minecraft:cod":2,"minecraft:flint":1,"minecraft:dirt":2,"minecraft:mutton":2,"minecraft:gold_nugget":5,"minecraft:wooden_sword":1,"minecraft:sand":2,"minecraft:sugar":1,"minecraft:iron_pickaxe":1,"minecraft:dark_oak_planks":6,"minecraft:white_wool":2,"biomesoplenty:mahogany_slab":10,"minecraft:bone":3,"minecraft:gravel":18,"minecraft:stone_axe":1,"plentyofarmors:ice_shard":2,"plentyofarmors:copper_chestplate":1,"minecraft:iron_nugget":12,"minecraft:detector_rail":4,"minecraft:black_terracotta":2,"minecraft:rotten_flesh":80,"universal_graves:grave_compass":9,"toughasnails:copper_water_canteen":2,"minecraft:carrot":1,"minecraft:beetroot_seeds":2,"minecraft:leather_leggings":1,"minecraft:beef":6,"biomesoplenty:mahogany_sapling":2,"minecraft:enchanted_book":1,"minecraft:golden_boots":1,"minecraft:iron_ingot":8,"travelersbackpack:cow":1,"minecraft:wheat_seeds":3,"minecraft:feather":2,"minecraft:cobblestone":5,"minecraft:apple":4,"minecraft:copper_ingot":4,"minecraft:coal":8,"biomesoplenty:fir_slab":2,"contagion:contagious_flesh":5,"minecraft:stick":4,"minecraft:oxeye_daisy":2,"minecraft:torch":5,"minecraft:wooden_axe":3,"minecraft:string":1,"minecraft:redstone":1,"minecraft:furnace":4,"toughasnails:leather_water_canteen":2,"minecraft:kelp":9,"minecraft:stone_sword":1,"minecraft:raw_copper":20,"minecraft:raw_iron":13,"minecraft:white_carpet":1,"minecraft:light_gray_wool":3,"minecraft:smoker":2,"minecraft:stone_slab":2,"minecraft:shield":2,"minecraft:flower_pot":1,"minecraft:mossy_stone_bricks":2,"minecraft:oak_sapling":12,"minecraft:spider_eye":2,"minecraft:stone_bricks":2,"minecraft:stone_pickaxe":4,"minecraft:wooden_pickaxe":2},"minecraft:crafted":{"minecraft:black_dye":10,"minecraft:oak_planks":76,"minecraft:dark_oak_boat":1,"toughasnails:empty_iron_canteen":1,"minecraft:stone":12,"minecraft:lever":1,"biomesoplenty:mahogany_slab":12,"minecraft:iron_bars":16,"toughasnails:empty_copper_canteen":2,"minecraft:glass":20,"minecraft:repeater":1,"minecraft:iron_boots":1,"minecraft:chest":1,"hwg:tommy_gun":1,"minecraft:cooked_porkchop":15,"minecraft:crafting_table":5,"minecraft:spruce_planks":20,"minecraft:iron_helmet":1,"minecraft:wooden_pickaxe":2,"travelersbackpack:standard":1,"hwg:gun_table":1,"minecraft:copper_ingot":41,"minecraft:diamond_pickaxe":1,"minecraft:shield":2,"minecraft:stick":48,"minecraft:stone_slab":6,"minecraft:iron_ingot":82,"minecraft:iron_pickaxe":6,"biomesoplenty:mahogany_boat":1,"minecraft:gold_ingot":20,"minecraft:redstone_torch":2,"minecraft:composter":1,"minecraft:wooden_sword":1,"minecraft:iron_nugget":63,"biomesoplenty:mahogany_planks":204,"toughasnails:empty_gold_canteen":1,"minecraft:furnace":3,"hwg:bullets":10,"toughasnails:empty_leather_canteen":1,"minecraft:terracotta":11,"travelersbackpack:white_sleeping_bag":1,"minecraft:black_terracotta":8,"minecraft:iron_axe":1,"minecraft:stone_pickaxe":2,"minecraft:dark_oak_planks":36,"plentyofarmors:copper_chestplate":2,"minecraft:cooked_beef":19,"minecraft:cooked_cod":9,"minecraft:diamond_sword":1,"travelersbackpack:backpack_tank":2,"minecraft:iron_sword":2,"minecraft:bucket":1,"minecraft:stone_axe":1,"minecraft:air":0,"minecraft:gold_nugget":45,"minecraft:wooden_axe":2,"minecraft:iron_shovel":1,"minecraft:iron_leggings":1,"minecraft:torch":32,"minecraft:clay":11},"minecraft:killed":{"zombies_plus:slow_zombie":2,"minecraft:witch":2,"mozombies_wave:zombie_chef":3,"zombies_plus:cave_zombie":5,"minecraft:silverfish":1,"mozombies_wave:zombie_knight":1,"undeadnights:horde_zombie":30,"minecraft:zombie_villager":3,"mozombies_wave:zombie_miner":1,"minecraft:sheep":2,"zombies_plus:crossbow_zombie":1,"hwg:merc":1,"minecraft:zombie":54,"mozombies_wave:zombie_dwarf":5,"minecraft:cow":12,"zombies_plus:runner_zombie":20,"undeadnights:demolition_zombie":1,"zombies_plus:weak_zombie":4,"mozombies_wave:zombie_pa":1,"minecraft:drowned":29,"mozombies_wave:zombie_cyborg":1,"zombies_plus:sword_zombie":6,"minecraft:husk":3,"zombies_plus:crawler_zombie":7,"minecraft:bat":1,"zombies_plus:leaper_zombie":3,"zombies_plus:axe_zombie":2,"minecraft:squid":4,"undeadnights:elite_zombie":1,"minecraft:polar_bear":1,"hwg:spy":1,"minecraft:player":9},"minecraft:picked_up":{"minecraft:wooden_axe":2,"contagion:contagious_flesh":8,"minecraft:flower_pot":2,"minecraft:stone_slab":2,"minecraft:enchanted_book":9,"minecraft:string":11,"minecraft:raw_copper":56,"universal_graves:grave_compass":4,"minecraft:pufferfish":1,"minecraft:cobbled_deepslate":262,"minecraft:spruce_planks":2,"toughasnails:copper_water_canteen":1,"minecraft:iron_pickaxe":1,"minecraft:furnace":5,"minecraft:stick":18,"minecraft:torch":20,"minecraft:porkchop":15,"minecraft:light_gray_bed":1,"minecraft:rotten_flesh":155,"biomesoplenty:mahogany_sapling":8,"biomesoplenty:fir_slab":5,"minecraft:deepslate_brick_stairs":2,"minecraft:obsidian":2,"minecraft:cod":5,"minecraft:cobblestone":505,"minecraft:leather_chestplate":1,"minecraft:feather":2,"minecraft:dark_oak_boat":1,"minecraft:smoker":4,"biomesoplenty:fir_log":1,"minecraft:potato":3,"minecraft:flint":2,"biomesoplenty:mahogany_boat":1,"hwg:pistol":1,"minecraft:lapis_lazuli":25,"minecraft:dirt":7,"minecraft:bone":11,"minecraft:wheat_seeds":3,"minecraft:mossy_stone_bricks":2,"minecraft:oak_planks":3,"biomesoplenty:mahogany_planks":83,"minecraft:cooked_porkchop":12,"hwg:gun_table":1,"minecraft:sand":22,"minecraft:ink_sac":10,"toughasnails:leather_water_canteen":1,"minecraft:dark_oak_log":3,"minecraft:sugar":1,"minecraft:diamond":15,"minecraft:slime_block":2,"minecraft:emerald":1,"minecraft:bread":34,"hwg:bullets":9,"minecraft:oak_sapling":16,"minecraft:crafting_table":7,"minecraft:clay_ball":44,"minecraft:chest_minecart":1,"minecraft:leather_leggings":1,"minecraft:wooden_pickaxe":2,"minecraft:gold_block":4,"minecraft:shield":2,"minecraft:red_bed":3,"minecraft:iron_axe":1,"minecraft:white_carpet":2,"minecraft:detector_rail":4,"minecraft:beef":25,"minecraft:iron_nugget":32,"minecraft:light_gray_wool":3,"minecraft:lectern":4,"minecraft:chest":12,"minecraft:sugar_cane":20,"minecraft:dark_oak_sapling":4,"minecraft:raw_iron":108,"minecraft:sandstone":1,"minecraft:copper_ingot":9,"fwaystones:waystone":6,"minecraft:carrot":2,"minecraft:redstone":10,"minecraft:dark_oak_planks":23,"minecraft:tnt":5,"minecraft:beetroot_seeds":2,"minecraft:deepslate_bricks":2,"minecraft:saddle":1,"minecraft:gold_ingot":1,"minecraft:mutton":2,"minecraft:rail":11,"minecraft:white_wool":20,"minecraft:oxeye_daisy":3,"minecraft:leather":10,"minecraft:oak_log":19,"minecraft:golden_boots":1,"minecraft:gunpowder":18,"minecraft:cobblestone_stairs":1,"biomesoplenty:mahogany_slab":7,"travelersbackpack:cow":1,"minecraft:apple":7,"minecraft:stone_bricks":7,"minecraft:kelp":14,"minecraft:iron_ingot":9,"minecraft:stone_pickaxe":2,"plentyofarmors:ice_shard":2,"minecraft:dark_oak_stairs":3,"minecraft:book":222,"minecraft:gravel":27,"minecraft:blast_furnace":2,"minecraft:spruce_log":5,"minecraft:spider_eye":3,"minecraft:leather_helmet":3,"biomesoplenty:mahogany_log":51,"minecraft:stone_axe":1,"minecraft:stripped_dark_oak_log":6,"minecraft:coal":108,"minecraft:ender_pearl":2},"minecraft:custom":{"minecraft:interact_with_crafting_table":49,"minecraft:open_barrel":1,"minecraft:leave_game":10,"minecraft:time_since_death":7825,"minecraft:sprint_one_cm":692486,"minecraft:damage_blocked_by_shield":1957,"minecraft:drop":140,"minecraft:talked_to_villager":4,"minecraft:play_time":311448,"minecraft:deaths":40,"minecraft:jump":5867,"minecraft:walk_on_water_one_cm":111168,"minecraft:interact_with_furnace":94,"minecraft:sleep_in_bed":7,"minecraft:damage_dealt":43298,"minecraft:player_kills":9,"minecraft:crouch_one_cm":90046,"minecraft:interact_with_smoker":24,"minecraft:mob_kills":211,"minecraft:climb_one_cm":7227,"minecraft:walk_one_cm":460797,"minecraft:sneak_time":33280,"minecraft:walk_under_water_one_cm":121098,"minecraft:boat_one_cm":734291,"minecraft:interact_with_blast_furnace":25,"minecraft:total_world_time":311448,"minecraft:time_since_rest":7854,"minecraft:damage_taken":13507,"minecraft:swim_one_cm":354178,"minecraft:fly_one_cm":998873,"minecraft:open_chest":129,"minecraft:fall_one_cm":114267},"minecraft:killed_by":{"zombies_plus:bow_zombie":5,"minecraft:drowned":1,"mozombies_wave:zombie_chef":2,"undeadnights:horde_zombie":3,"minecraft:vindicator":2,"mozombies_wave:zombie_cyborg":2,"minecraft:zombie":3,"minecraft:player":5,"zombies_plus:runner_zombie":5,"zombies_plus:sword_zombie":1,"mozombies_wave:zombie_dwarf":1,"mozombies_wave:disco_zombie":1,"mozombies_wave:zombie_pa":1,"zombies_plus:axe_zombie":1,"mozombies_wave:zombie_miner":4},"minecraft:used":{"fwaystones:waystone":3,"minecraft:iron_shovel":11,"biomesoplenty:mahogany_slab":2,"minecraft:chest":8,"minecraft:shield":60,"minecraft:iron_sword":471,"minecraft:obsidian":2,"minecraft:stone_bricks":5,"biomesoplenty:mahogany_sapling":6,"toughasnails:leather_water_canteen":16,"minecraft:dark_oak_boat":1,"minecraft:furnace":3,"minecraft:oak_sapling":3,"minecraft:dark_oak_stairs":2,"minecraft:stone_pickaxe":45,"minecraft:oak_planks":2,"minecraft:ender_pearl":1,"minecraft:wooden_pickaxe":15,"minecraft:composter":1,"toughasnails:copper_water_canteen":87,"minecraft:blast_furnace":1,"toughasnails:gold_water_canteen":18,"minecraft:bread":34,"minecraft:string":3,"minecraft:gravel":1,"minecraft:diamond_sword":201,"minecraft:wooden_sword":4,"toughasnails:iron_water_canteen":16,"biomesoplenty:mahogany_planks":32,"minecraft:stone_sword":19,"minecraft:spruce_planks":4,"toughasnails:empty_copper_canteen":4,"minecraft:torch":24,"minecraft:dirt":5,"toughasnails:empty_iron_canteen":1,"plentyofarmors:copper_chestplate":1,"minecraft:wooden_axe":20,"minecraft:dark_oak_planks":33,"minecraft:iron_axe":110,"minecraft:cooked_beef":7,"minecraft:cobbled_deepslate":147,"minecraft:light_gray_bed":1,"toughasnails:empty_leather_canteen":1,"minecraft:water_bucket":30,"minecraft:cobblestone_stairs":1,"biomesoplenty:fir_slab":2,"minecraft:crafting_table":10,"minecraft:red_bed":3,"minecraft:smoker":1,"toughasnails:empty_gold_canteen":1,"minecraft:apple":4,"minecraft:iron_pickaxe":1053,"biomesoplenty:mahogany_boat":1,"minecraft:stone_axe":102,"minecraft:cobblestone":212,"travelersbackpack:standard":4,"minecraft:cooked_porkchop":15,"minecraft:bucket":31,"hwg:gun_table":1,"biomesoplenty:fir_log":1,"minecraft:kelp":4},"minecraft:broken":{"toughasnails:copper_water_canteen":2,"minecraft:iron_pickaxe":4},"minecraft:mined":{"minecraft:dark_oak_planks":12,"minecraft:spruce_planks":9,"minecraft:cobblestone_stairs":4,"biomesoplenty:fir_slab":1,"minecraft:grass_block":3,"minecraft:light_gray_bed":1,"minecraft:deepslate_bricks":2,"minecraft:iron_ore":45,"minecraft:cobbled_deepslate":18,"minecraft:deepslate_lapis_ore":4,"minecraft:dark_oak_stairs":3,"minecraft:deepslate_brick_stairs":2,"minecraft:tripwire":4,"hwg:gun_table":1,"minecraft:red_bed":2,"minecraft:kelp_plant":3,"minecraft:smoker":1,"minecraft:clay":11,"minecraft:torch":2,"minecraft:blast_furnace":1,"minecraft:chest":8,"minecraft:cobblestone":68,"minecraft:sugar_cane":4,"minecraft:oak_planks":2,"minecraft:wall_torch":3,"minecraft:light_gray_wool":3,"biomesoplenty:fir_log":1,"minecraft:yellow_stained_glass_pane":6,"minecraft:grass":11,"minecraft:oak_log":4,"minecraft:sand":22,"minecraft:dirt":10,"minecraft:oak_leaves":5,"minecraft:deepslate":280,"minecraft:mossy_cobblestone":1,"minecraft:deepslate_diamond_ore":15,"minecraft:dark_oak_log":3,"minecraft:spruce_leaves":7,"biomesoplenty:mahogany_sapling":1,"minecraft:kelp":8,"minecraft:sandstone":33,"minecraft:redstone_ore":2,"minecraft:furnace":4,"minecraft:gold_block":2,"minecraft:bookshelf":37,"minecraft:deepslate_iron_ore":50,"biomesoplenty:mahogany_leaves":10,"minecraft:stone":427,"minecraft:white_wool":9,"minecraft:light_gray_carpet":1,"minecraft:stripped_dark_oak_log":6,"minecraft:crafting_table":6,"biomesoplenty:mahogany_planks":21,"minecraft:lectern":2,"minecraft:potted_oxeye_daisy":1,"minecraft:tall_grass":4,"minecraft:copper_ore":18,"biomesoplenty:mahogany_log":15,"minecraft:white_carpet":1,"minecraft:spruce_log":1,"minecraft:coal_ore":66,"biomesoplenty:fir_leaves":4,"minecraft:gravel":16,"minecraft:cobweb":4,"minecraft:cracked_stone_bricks":2,"minecraft:stone_bricks":24,"minecraft:mossy_stone_bricks":4,"minecraft:infested_stone":1,"minecraft:fern":13}},"DataVersion":3465}