{"stats":{"minecraft:dropped":{"minecraft:soul_sand":24,"minecraft:brown_mushroom":72,"minecraft:porkchop":4,"minecraft:crafting_table":3,"minecraft:lantern":2,"minecraft:leather":1,"minecraft:cracked_stone_bricks":1,"minecraft:quartz_pillar":4,"minecraft:cod":7,"minecraft:flint":7,"minecraft:cyan_terracotta":2,"minecraft:dirt":17,"minecraft:dispenser":1,"minecraft:iron_pickaxe":1,"minecraft:fishing_rod":1,"minecraft:white_wool":9,"minecraft:bone":1,"minecraft:oak_door":1,"minecraft:gravel":13,"minecraft:stone_axe":1,"minecraft:sugar_cane":15,"minecraft:polished_andesite_slab":1,"minecraft:cobbled_deepslate":6,"minecraft:wheat":27,"minecraft:rotten_flesh":111,"minecraft:salmon":1,"sophisticatedbackpacks:diamond_backpack":1,"minecraft:skeleton_skull":1,"minecraft:iron_bars":1,"minecraft:arrow":6,"minecraft:stone_brick_stairs":1,"minecraft:netherrack":14,"minecraft:egg":1,"minecraft:wheat_seeds":4,"minecraft:tnt":3,"minecraft:mossy_cobblestone":1,"minecraft:golden_horse_armor":1,"minecraft:iron_helmet":1,"minecraft:cobblestone":8,"minecraft:apple":4,"minecraft:granite":1,"minecraft:coal":56,"minecraft:stick":33,"minecraft:polished_andesite":4,"minecraft:cobweb":9,"minecraft:gray_wool":1,"minecraft:diorite":1,"tombstone:grave_key":1,"minecraft:nether_wart_block":12,"minecraft:wooden_axe":2,"minecraft:iron_leggings":1,"minecraft:potion":1,"minecraft:oak_stairs":2,"minecraft:polished_andesite_stairs":3,"minecraft:smooth_sandstone_slab":9,"minecraft:lily_pad":32,"minecraft:spruce_sapling":5,"minecraft:stone_brick_slab":2,"minecraft:polished_diorite":2,"minecraft:green_terracotta":3,"minecraft:polished_diorite_slab":2,"minecraft:blaze_rod":2,"minecraft:stone_sword":1,"minecraft:tuff":6,"minecraft:composter":1,"minecraft:raw_iron":8,"minecraft:stone_shovel":1,"minecraft:red_banner":9,"minecraft:iron_boots":1,"minecraft:nether_bricks":1,"minecraft:flint_and_steel":3,"minecraft:cobblestone_slab":3,"minecraft:spruce_planks":29,"minecraft:bundle":1,"minecraft:iron_chestplate":1,"minecraft:andesite":4,"minecraft:quartz_stairs":1,"minecraft:oak_boat":1,"minecraft:oak_sapling":13,"minecraft:golden_sword":1,"minecraft:stone_bricks":12,"minecraft:slime_ball":7,"minecraft:wooden_pickaxe":2,"minecraft:raw_gold":8},"minecraft:killed_by":{"minecraft:wither_skeleton":2,"samurai_dynasty:jorogumo":1,"minecraft:zombie":10,"minecraft:skeleton":2},"minecraft:custom":{"minecraft:interact_with_crafting_table":43,"minecraft:open_barrel":111,"minecraft:leave_game":8,"minecraft:time_since_death":37667,"minecraft:sprint_one_cm":610124,"minecraft:damage_blocked_by_shield":4500,"minecraft:drop":169,"minecraft:play_noteblock":1,"minecraft:talked_to_villager":1,"minecraft:play_time":311060,"minecraft:deaths":16,"minecraft:jump":3951,"minecraft:walk_on_water_one_cm":43469,"minecraft:interact_with_furnace":18,"minecraft:sleep_in_bed":1,"minecraft:waystone_activated":5,"minecraft:damage_dealt":38597,"minecraft:crouch_one_cm":72123,"tombstone:undead_killed":165,"minecraft:interact_with_smoker":14,"minecraft:mob_kills":225,"minecraft:interact_with_anvil":5,"minecraft:damage_dealt_resisted":334,"minecraft:climb_one_cm":26578,"minecraft:walk_one_cm":451401,"minecraft:damage_dealt_absorbed":80,"minecraft:sneak_time":30250,"minecraft:walk_under_water_one_cm":16000,"minecraft:boat_one_cm":77895,"minecraft:interact_with_blast_furnace":12,"minecraft:total_world_time":311060,"minecraft:tune_noteblock":6,"minecraft:time_since_rest":37156,"minecraft:damage_taken":7792,"minecraft:swim_one_cm":12395,"minecraft:fly_one_cm":754063,"minecraft:open_chest":86,"minecraft:fish_caught":3,"minecraft:fall_one_cm":82385},"minecraft:killed":{"minecraft:spider":5,"minecraft:skeleton":4,"minecraft:pig":9,"minecraft:sheep":1,"minecraft:zombie":160,"minecraft:cow":18,"minecraft:blaze":2,"soulsweapons:dark_sorcerer":6,"minecraft:llama":7,"minecraft:wither_skeleton":1},"minecraft:picked_up":{"minecraft:wooden_axe":1,"minecraft:flower_pot":1,"minecraft:anvil":1,"minecraft:oak_stairs":2,"soulsweapons:moonstone":1,"minecraft:potion":1,"minecraft:stone_brick_stairs":1,"tombstone:grave_key":1,"minecraft:golden_sword":1,"minecraft:polished_deepslate":2,"minecraft:string":16,"minecraft:raw_copper":62,"minecraft:cobbled_deepslate":37,"minecraft:smooth_stone":19,"minecraft:spruce_planks":33,"minecraft:written_book":1,"minecraft:cobblestone_slab":3,"minecraft:smooth_quartz":1,"minecraft:coal_block":1,"minecraft:furnace":6,"minecraft:stick":35,"minecraft:torch":38,"minecraft:porkchop":8,"soulsweapons:soul_robes_leggings":2,"minecraft:pointed_dripstone":3,"tombstone:grave_dust":19,"minecraft:diorite":6,"minecraft:green_terracotta":89,"minecraft:rotten_flesh":166,"minecraft:cyan_terracotta":4,"minecraft:blaze_rod":4,"minecraft:iron_bars":3,"minecraft:cod":2,"minecraft:cobblestone":412,"minecraft:polished_diorite_slab":2,"minecraft:cooked_beef":17,"minecraft:iron_door":1,"minecraft:andesite":13,"minecraft:smoker":2,"minecraft:flint":8,"minecraft:tuff":8,"minecraft:lapis_lazuli":28,"minecraft:lantern":2,"minecraft:dirt":158,"soulsweapons:soul_robes_helmet":1,"minecraft:bone":7,"samurai_dynasty:cloth":1,"minecraft:wheat_seeds":4,"minecraft:raw_gold":8,"minecraft:oak_planks":43,"samurai_dynasty:tanuki_statue":1,"minecraft:cooked_porkchop":8,"sophisticatedbackpacks:iron_backpack":1,"minecraft:mossy_cobblestone":2,"minecraft:bundle":1,"minecraft:polished_andesite":13,"minecraft:dispenser":1,"minecraft:diamond":19,"minecraft:lever":2,"waystones:waystone":3,"minecraft:granite":11,"soulsweapons:verglas":3,"minecraft:emerald":1,"minecraft:oak_sapling":40,"minecraft:netherrack":14,"minecraft:fishing_rod":1,"minecraft:charcoal":29,"minecraft:crafting_table":18,"minecraft:ladder":1,"minecraft:brown_mushroom":74,"minecraft:wooden_pickaxe":1,"minecraft:red_bed":2,"minecraft:flint_and_steel":5,"minecraft:cracked_stone_bricks":2,"minecraft:beef":20,"minecraft:oak_boat":1,"minecraft:iron_nugget":3,"minecraft:lectern":1,"minecraft:quartz_stairs":1,"minecraft:sugar_cane":15,"minecraft:birch_sapling":1,"minecraft:egg":1,"minecraft:raw_iron":93,"minecraft:oak_door":2,"endrem:nether_eye":1,"minecraft:quartz_pillar":6,"minecraft:carrot":89,"minecraft:redstone":1,"minecraft:smooth_sandstone_slab":15,"minecraft:tnt":76,"minecraft:arrow":9,"minecraft:nether_bricks":1,"minecraft:hay_block":3,"crittersandcompanions:silk":5,"tombstone:essence_of_undeath":2,"minecraft:saddle":1,"minecraft:nether_brick_wall":2,"minecraft:white_wool":10,"minecraft:salmon":1,"minecraft:leather":28,"minecraft:oak_log":95,"minecraft:lily_pad":32,"minecraft:nether_wart_block":33,"minecraft:deepslate_tile_slab":1,"minecraft:smooth_sandstone":33,"soulsweapons:lost_soul":3,"minecraft:apple":6,"minecraft:stone_bricks":63,"minecraft:cobweb":9,"minecraft:polished_andesite_slab":2,"minecraft:soul_sand":24,"sophisticatedbackpacks:diamond_backpack":1,"minecraft:book":36,"minecraft:polished_andesite_stairs":7,"minecraft:yellow_concrete":1,"minecraft:stone_brick_slab":4,"minecraft:red_wool":30,"minecraft:cracked_nether_bricks":2,"waystones:mossy_waystone":1,"minecraft:dripstone_block":2,"minecraft:gravel":15,"minecraft:blast_furnace":2,"minecraft:spruce_sapling":5,"minecraft:red_banner":9,"minecraft:spruce_log":23,"minecraft:spruce_door":1,"minecraft:polished_diorite":2,"minecraft:gray_wool":1,"tombstone:magic_scroll":1,"minecraft:coal":321},"minecraft:crafted":{"minecraft:smooth_stone":3,"minecraft:oak_planks":372,"minecraft:stone":3,"minecraft:diamond_helmet":1,"minecraft:diamond_leggings":1,"minecraft:iron_boots":1,"minecraft:smoker":1,"sophisticatedbackpacks:backpack":1,"minecraft:cooked_porkchop":8,"minecraft:crafting_table":8,"minecraft:spruce_planks":24,"minecraft:wooden_pickaxe":1,"minecraft:iron_helmet":1,"minecraft:copper_ingot":62,"minecraft:oak_wood":6,"minecraft:iron_chestplate":1,"minecraft:diamond_pickaxe":1,"minecraft:shield":3,"sophisticatedbackpacks:diamond_backpack":1,"minecraft:stick":60,"quark:oak_chest":1,"minecraft:iron_ingot":75,"minecraft:iron_pickaxe":2,"minecraft:iron_block":3,"minecraft:stone_sword":1,"minecraft:shears":1,"minecraft:oak_door":3,"minecraft:coal":9,"minecraft:stone_shovel":1,"minecraft:furnace":2,"minecraft:blast_furnace":1,"minecraft:flint_and_steel":1,"minecraft:iron_axe":1,"minecraft:stone_pickaxe":3,"minecraft:diamond_boots":1,"minecraft:wheat":27,"sophisticatedbackpacks:iron_backpack":1,"minecraft:cooked_beef":20,"minecraft:diamond_sword":1,"sophisticatedbackpacks:gold_backpack":1,"minecraft:bucket":1,"minecraft:stone_axe":1,"minecraft:air":0,"minecraft:oak_boat":1,"minecraft:wooden_axe":1,"minecraft:iron_leggings":1,"minecraft:anvil":1,"minecraft:torch":140},"minecraft:broken":{"minecraft:stone_pickaxe":2,"minecraft:shield":2},"minecraft:mined":{"minecraft:spruce_planks":15,"minecraft:granite":10,"minecraft:grass_block":52,"minecraft:polished_diorite":4,"minecraft:spawner":23,"minecraft:smooth_stone":3,"minecraft:tall_seagrass":2,"minecraft:iron_ore":93,"minecraft:cobbled_deepslate":2,"minecraft:fire":8,"minecraft:anvil":1,"minecraft:pointed_dripstone":5,"minecraft:oak_stairs":2,"minecraft:iron_bars":3,"minecraft:brown_mushroom":1,"minecraft:red_bed":2,"minecraft:cyan_terracotta":5,"minecraft:smoker":2,"minecraft:deepslate_tile_slab":1,"soulsweapons:moonstone_ore":1,"minecraft:torch":11,"minecraft:note_block":1,"minecraft:blast_furnace":2,"minecraft:polished_andesite_stairs":5,"minecraft:polished_diorite_slab":2,"minecraft:cobblestone":76,"minecraft:sugar_cane":6,"minecraft:oak_planks":42,"minecraft:iron_door":1,"minecraft:smooth_sandstone_slab":3,"minecraft:wall_torch":20,"minecraft:nether_wart_block":34,"minecraft:tnt":81,"minecraft:stone_brick_stairs":1,"minecraft:grass":30,"minecraft:oak_log":4,"minecraft:dirt":55,"minecraft:smooth_quartz":1,"minecraft:potted_red_tulip":1,"minecraft:netherrack":16,"minecraft:oak_leaves":8,"minecraft:deepslate":38,"soulsweapons:verglas_ore":3,"minecraft:diamond_ore":1,"minecraft:tuff":8,"minecraft:quartz_stairs":1,"minecraft:mossy_cobblestone":2,"minecraft:deepslate_diamond_ore":16,"minecraft:oak_door":1,"minecraft:nether_brick_wall":2,"minecraft:lever":1,"minecraft:nether_bricks":1,"minecraft:polished_andesite_slab":2,"minecraft:spruce_leaves":1,"minecraft:cracked_nether_bricks":2,"minecraft:hay_block":3,"minecraft:furnace":6,"minecraft:carrots":12,"minecraft:green_terracotta":88,"minecraft:andesite":12,"treechop:chopped_log":11,"samurai_dynasty:tanuki_statue":1,"minecraft:polished_deepslate":3,"minecraft:bookshelf":12,"minecraft:vine":8,"crittersandcompanions:silk_cocoon":1,"minecraft:stone":346,"minecraft:white_wool":10,"minecraft:red_wool":30,"minecraft:soul_sand":6,"minecraft:stone_brick_slab":3,"minecraft:spruce_door":1,"minecraft:crafting_table":17,"minecraft:smooth_sandstone":7,"minecraft:emerald_ore":1,"minecraft:lectern":1,"minecraft:copper_ore":17,"minecraft:lapis_ore":4,"minecraft:deepslate_gold_ore":8,"minecraft:lily_pad":1,"minecraft:diorite":5,"minecraft:birch_leaves":2,"minecraft:quartz_pillar":6,"minecraft:red_wall_banner":9,"minecraft:coal_ore":101,"minecraft:yellow_concrete":1,"minecraft:gravel":3,"minecraft:dripstone_block":2,"minecraft:cobweb":21,"minecraft:cracked_stone_bricks":1,"minecraft:polished_andesite":9,"minecraft:stone_bricks":51,"minecraft:iron_trapdoor":1,"minecraft:fern":1},"minecraft:used":{"minecraft:polished_deepslate":2,"minecraft:shield":92,"minecraft:iron_sword":613,"minecraft:green_terracotta":86,"minecraft:iron_chestplate":1,"minecraft:deepslate_tile_slab":1,"minecraft:tuff":2,"minecraft:cyan_terracotta":1,"minecraft:lava_bucket":11,"minecraft:quartz_pillar":2,"minecraft:red_wool":2,"minecraft:birch_sapling":1,"minecraft:iron_helmet":2,"minecraft:stone_bricks":52,"minecraft:oak_sapling":15,"minecraft:furnace":6,"minecraft:diorite":5,"minecraft:spruce_door":1,"minecraft:oak_planks":293,"minecraft:stone_pickaxe":361,"minecraft:wooden_pickaxe":36,"minecraft:white_wool":1,"minecraft:blast_furnace":3,"minecraft:dripstone_block":2,"minecraft:shears":30,"samurai_dynasty:tanuki_statue":1,"waystones:waystone":3,"minecraft:lever":2,"minecraft:bread":1,"minecraft:iron_door":1,"minecraft:gravel":2,"minecraft:nether_wart_block":21,"minecraft:diamond_sword":27,"minecraft:coal_block":3,"minecraft:andesite":2,"minecraft:oak_boat":1,"endrem:nether_eye":1,"minecraft:iron_bars":1,"minecraft:stone_sword":19,"minecraft:flint_and_steel":22,"minecraft:stone_shovel":56,"minecraft:spruce_planks":70,"minecraft:oak_door":3,"minecraft:torch":167,"minecraft:dirt":88,"minecraft:spyglass":4,"minecraft:anvil":2,"minecraft:granite":10,"minecraft:stone_brick_slab":2,"minecraft:wooden_axe":18,"minecraft:iron_axe":138,"minecraft:smooth_sandstone":33,"minecraft:iron_boots":1,"minecraft:smooth_quartz":1,"tombstone:gift":9,"minecraft:cooked_beef":33,"minecraft:cobbled_deepslate":31,"minecraft:iron_leggings":1,"minecraft:water_bucket":62,"minecraft:nether_brick_wall":2,"minecraft:polished_andesite":9,"minecraft:brown_mushroom":2,"minecraft:cracked_stone_bricks":1,"minecraft:mossy_cobblestone":1,"minecraft:tnt":13,"minecraft:crafting_table":21,"minecraft:red_bed":2,"tombstone:tablet_of_home":2,"minecraft:smoker":3,"minecraft:oak_log":4,"minecraft:flower_pot":1,"minecraft:wooden_hoe":3,"minecraft:diamond_pickaxe":383,"minecraft:apple":2,"waystones:mossy_waystone":1,"minecraft:iron_pickaxe":250,"minecraft:stone_axe":104,"minecraft:fishing_rod":8,"minecraft:cobblestone":406,"minecraft:cooked_porkchop":19,"minecraft:bucket":73,"minecraft:diamond_leggings":1,"minecraft:smooth_stone":19}},"DataVersion":3465}