{"stats":{"minecraft:picked_up":{"minecraft:cocoa_beans":9,"minecraft:charcoal":20,"minecraft:crafting_table":6,"biomesoplenty:huge_lily_pad":1,"minecraft:red_bed":2,"minecraft:raw_copper":85,"minecraft:jungle_sapling":2,"minecraft:sugar_cane":7,"minecraft:melon_slice":143,"minecraft:coal_block":2,"minecraft:furnace":4,"minecraft:stick":7,"minecraft:raw_iron":19,"minecraft:torch":28,"minecraft:green_bed":6,"minecraft:green_terracotta":1,"minecraft:rotten_flesh":4,"minecraft:arrow":2,"biomesoplenty:mahogany_sapling":5,"minecraft:hay_block":26,"minecraft:green_wool":21,"minecraft:cobblestone":231,"minecraft:jungle_boat":3,"minecraft:feather":4,"minecraft:jungle_log":9,"minecraft:green_concrete_powder":3,"biomesoplenty:fir_log":12,"minecraft:oak_log":2,"minecraft:lily_pad":2,"minecraft:gunpowder":2,"minecraft:dirt":103,"minecraft:apple":2,"minecraft:kelp":7,"minecraft:wheat_seeds":25,"minecraft:moss_block":1,"biomesoplenty:mahogany_planks":5,"minecraft:book":3,"biomesoplenty:toadstool":1,"minecraft:pumpkin":2,"minecraft:gravel":2,"minecraft:jungle_planks":15,"minecraft:blast_furnace":1,"minecraft:spruce_log":6,"biomesoplenty:mahogany_log":55,"minecraft:green_concrete":1,"minecraft:granite":3,"minecraft:coal":41,"minecraft:ender_pearl":1},"minecraft:custom":{"minecraft:mob_kills":9,"minecraft:inspect_hopper":1,"minecraft:interact_with_crafting_table":36,"minecraft:open_barrel":31,"minecraft:leave_game":9,"minecraft:time_since_death":75836,"minecraft:climb_one_cm":840,"minecraft:sprint_one_cm":146276,"minecraft:walk_one_cm":193001,"minecraft:drop":28,"minecraft:play_time":140390,"minecraft:deaths":17,"minecraft:sneak_time":9852,"minecraft:walk_under_water_one_cm":20568,"minecraft:boat_one_cm":770028,"minecraft:jump":1405,"minecraft:interact_with_blast_furnace":9,"minecraft:walk_on_water_one_cm":49182,"minecraft:total_world_time":140390,"minecraft:interact_with_furnace":30,"minecraft:sleep_in_bed":7,"minecraft:time_since_rest":1961,"minecraft:damage_taken":4503,"minecraft:damage_dealt":2615,"minecraft:swim_one_cm":138431,"minecraft:fly_one_cm":262859,"minecraft:open_chest":39,"minecraft:crouch_one_cm":21179,"minecraft:fall_one_cm":36142},"minecraft:killed":{"zombies_plus:runner_zombie":1,"minecraft:drowned":2,"undeadnights:horde_zombie":1,"mozombies_wave:zombie_miner":2,"minecraft:pillager":1,"minecraft:zombie":2},"minecraft:killed_by":{"minecraft:pillager":2,"zombies_plus:bow_zombie":3,"minecraft:drowned":2,"undeadnights:horde_zombie":2,"mozombies_wave:zombie_cyborg":2,"minecraft:witch":1,"minecraft:zombie":3},"minecraft:used":{"toughasnails:wool_boots":1,"biomesoplenty:mahogany_planks":39,"minecraft:chest":3,"toughasnails:empty_copper_canteen":1,"minecraft:wooden_shovel":28,"minecraft:iron_chestplate":1,"minecraft:torch":54,"minecraft:dirt":58,"plentyofarmors:copper_leggings":1,"minecraft:jungle_planks":42,"plentyofarmors:copper_chestplate":1,"minecraft:wooden_axe":120,"biomesoplenty:mahogany_sapling":1,"plentyofarmors:copper_boots":1,"minecraft:oak_sapling":1,"minecraft:furnace":4,"minecraft:stone_pickaxe":263,"minecraft:ender_pearl":1,"minecraft:wooden_pickaxe":62,"minecraft:sugar_cane":7,"minecraft:green_bed":7,"minecraft:jungle_boat":4,"biomesoplenty:mahogany_log":5,"toughasnails:copper_water_canteen":4,"minecraft:crafting_table":11,"minecraft:red_bed":2,"minecraft:blast_furnace":1,"minecraft:green_concrete":1,"minecraft:apple":4,"minecraft:bread":7,"minecraft:melon_slice":4,"minecraft:suspicious_stew":2,"minecraft:iron_pickaxe":18,"minecraft:gravel":1,"biomesoplenty:mahogany_boat":1,"minecraft:stone_axe":8,"minecraft:coal_block":1,"minecraft:wooden_sword":49,"minecraft:cobblestone":127,"minecraft:green_concrete_powder":2,"biomesoplenty:fir_log":1,"minecraft:experience_bottle":1},"minecraft:crafted":{"minecraft:wooden_sword":2,"minecraft:smooth_stone":3,"biomesoplenty:mahogany_planks":192,"minecraft:furnace":3,"minecraft:blast_furnace":1,"minecraft:stone":3,"toughasnails:empty_copper_canteen":1,"minecraft:stone_pickaxe":4,"minecraft:chest":3,"plentyofarmors:copper_boots":1,"toughasnails:wool_chestplate":1,"plentyofarmors:copper_chestplate":1,"minecraft:wheat":234,"toughasnails:wool_helmet":1,"minecraft:wooden_shovel":1,"minecraft:crafting_table":7,"minecraft:spruce_planks":12,"minecraft:jungle_boat":1,"minecraft:wooden_pickaxe":2,"minecraft:green_bed":1,"minecraft:copper_ingot":31,"minecraft:stone_axe":1,"minecraft:bread":86,"minecraft:air":0,"toughasnails:wool_boots":1,"minecraft:jungle_planks":36,"biomesoplenty:fir_planks":44,"minecraft:iron_chestplate":1,"minecraft:shield":1,"minecraft:stick":48,"plentyofarmors:copper_leggings":1,"minecraft:iron_ingot":20,"minecraft:iron_pickaxe":1,"minecraft:wooden_axe":4,"biomesoplenty:mahogany_boat":1,"minecraft:stone_sword":1,"minecraft:torch":72},"minecraft:dropped":{"minecraft:moss_block":2,"minecraft:wheat_seeds":19,"minecraft:oak_log":2,"minecraft:feather":4,"minecraft:book":2,"biomesoplenty:mahogany_planks":1,"minecraft:dirt":8,"minecraft:torch":1,"biomesoplenty:huge_lily_pad":1,"minecraft:jungle_sapling":2,"minecraft:lily_pad":2,"biomesoplenty:toadstool":1,"minecraft:wheat":1,"minecraft:rotten_flesh":1,"universal_graves:grave_compass":5,"minecraft:gunpowder":2,"minecraft:stone_pickaxe":1},"minecraft:mined":{"biomesoplenty:watergrass":2,"minecraft:jungle_leaves":1,"minecraft:granite":3,"minecraft:grass_block":41,"minecraft:jungle_planks":15,"minecraft:jungle_log":9,"minecraft:coal_block":2,"minecraft:spruce_leaves":2,"minecraft:green_concrete":1,"minecraft:large_fern":14,"minecraft:hay_block":27,"minecraft:furnace":4,"minecraft:iron_ore":19,"minecraft:fire":2,"minecraft:barrel":1,"minecraft:green_terracotta":1,"minecraft:pumpkin":2,"minecraft:bookshelf":1,"biomesoplenty:mahogany_leaves":19,"minecraft:vine":2,"minecraft:stone":225,"minecraft:white_wool":1,"minecraft:green_wool":23,"minecraft:green_bed":6,"minecraft:red_bed":3,"minecraft:crafting_table":6,"minecraft:torch":1,"minecraft:blast_furnace":1,"biomesoplenty:mahogany_planks":5,"minecraft:melon":30,"minecraft:green_concrete_powder":3,"minecraft:campfire":10,"minecraft:stone_slab":1,"minecraft:copper_ore":22,"minecraft:cobblestone":4,"minecraft:lily_pad":3,"minecraft:sugar_cane":4,"minecraft:wall_torch":12,"biomesoplenty:huge_lily_pad":2,"biomesoplenty:mahogany_log":56,"minecraft:spruce_log":6,"biomesoplenty:fir_log":12,"biomesoplenty:waterlily":1,"minecraft:grass":29,"minecraft:oak_log":2,"minecraft:coal_ore":41,"minecraft:cocoa":3,"minecraft:gravel":2,"minecraft:dirt":63,"minecraft:oak_leaves":15,"minecraft:fern":95},"minecraft:broken":{"minecraft:wooden_pickaxe":1,"minecraft:stone_pickaxe":1}},"DataVersion":3465}