{"stats":{"minecraft:used":{"minecraft:stone_sword":19,"minecraft:flint_and_steel":2,"minecraft:stone_shovel":56,"minecraft:shield":14,"minecraft:iron_sword":3,"minecraft:iron_chestplate":1,"minecraft:oak_door":3,"minecraft:torch":43,"minecraft:dirt":49,"minecraft:anvil":1,"minecraft:granite":1,"minecraft:wooden_axe":18,"minecraft:lava_bucket":11,"minecraft:birch_sapling":1,"minecraft:iron_helmet":1,"minecraft:iron_boots":1,"minecraft:furnace":6,"minecraft:oak_sapling":15,"tombstone:gift":2,"minecraft:cooked_beef":9,"minecraft:iron_leggings":1,"minecraft:water_bucket":36,"minecraft:diorite":4,"minecraft:nether_brick_wall":2,"minecraft:stone_pickaxe":361,"minecraft:wooden_pickaxe":36,"minecraft:crafting_table":11,"minecraft:blast_furnace":2,"tombstone:tablet_of_home":2,"minecraft:smoker":2,"waystones:waystone":1,"minecraft:apple":2,"minecraft:iron_pickaxe":186,"minecraft:stone_axe":73,"minecraft:nether_wart_block":21,"minecraft:cobblestone":297,"minecraft:cooked_porkchop":7,"minecraft:bucket":48,"endrem:nether_eye":1},"minecraft:dropped":{"minecraft:brown_mushroom":2,"minecraft:wheat_seeds":4,"minecraft:crafting_table":2,"minecraft:cobblestone":8,"minecraft:leather":1,"minecraft:granite":1,"minecraft:stick":20,"minecraft:flint":6,"minecraft:diorite":1,"minecraft:wooden_axe":2,"minecraft:nether_wart_block":12,"minecraft:oak_door":1,"minecraft:gravel":13,"minecraft:stone_sword":1,"minecraft:red_banner":9,"minecraft:nether_bricks":1,"minecraft:arrow":2,"minecraft:wooden_pickaxe":2,"minecraft:netherrack":14},"minecraft:broken":{"minecraft:stone_pickaxe":2},"minecraft:killed":{"minecraft:spider":1,"minecraft:skeleton":1,"minecraft:pig":6,"minecraft:wither_skeleton":1,"minecraft:blaze":2,"minecraft:cow":10},"minecraft:custom":{"minecraft:interact_with_anvil":1,"minecraft:mob_kills":22,"minecraft:interact_with_crafting_table":23,"minecraft:open_barrel":8,"minecraft:leave_game":4,"minecraft:time_since_death":14668,"minecraft:climb_one_cm":260,"minecraft:sprint_one_cm":203772,"minecraft:walk_one_cm":196725,"minecraft:damage_blocked_by_shield":990,"minecraft:drop":25,"minecraft:play_time":133822,"minecraft:deaths":3,"minecraft:sneak_time":8295,"minecraft:walk_under_water_one_cm":4468,"minecraft:jump":1418,"minecraft:interact_with_blast_furnace":12,"minecraft:walk_on_water_one_cm":2104,"minecraft:total_world_time":133822,"minecraft:interact_with_furnace":18,"minecraft:time_since_rest":12269,"minecraft:waystone_activated":1,"minecraft:damage_taken":1913,"minecraft:damage_dealt":2865,"minecraft:swim_one_cm":285,"minecraft:fly_one_cm":284410,"minecraft:open_chest":5,"minecraft:crouch_one_cm":20730,"tombstone:undead_killed":2,"minecraft:interact_with_smoker":11,"minecraft:fall_one_cm":26766},"minecraft:killed_by":{"minecraft:wither_skeleton":2,"minecraft:zombie":1},"minecraft:mined":{"minecraft:oak_door":1,"minecraft:nether_brick_wall":2,"minecraft:nether_bricks":1,"minecraft:granite":1,"minecraft:grass_block":49,"minecraft:cracked_nether_bricks":2,"minecraft:furnace":6,"minecraft:iron_ore":75,"minecraft:fire":1,"treechop:chopped_log":7,"minecraft:anvil":1,"minecraft:vine":7,"minecraft:stone":296,"minecraft:soul_sand":6,"minecraft:smoker":2,"minecraft:crafting_table":11,"minecraft:torch":9,"minecraft:blast_furnace":2,"minecraft:emerald_ore":1,"minecraft:copper_ore":17,"minecraft:cobblestone":49,"minecraft:diorite":4,"minecraft:wall_torch":11,"minecraft:nether_wart_block":34,"minecraft:birch_leaves":2,"minecraft:red_wall_banner":9,"minecraft:grass":26,"minecraft:coal_ore":100,"minecraft:dirt":25,"minecraft:netherrack":16,"minecraft:oak_leaves":2,"soulsweapons:verglas_ore":1},"minecraft:picked_up":{"minecraft:wooden_axe":1,"minecraft:crafting_table":12,"minecraft:anvil":1,"minecraft:brown_mushroom":2,"minecraft:wooden_pickaxe":1,"minecraft:raw_copper":62,"minecraft:beef":20,"minecraft:birch_sapling":1,"minecraft:furnace":6,"minecraft:raw_iron":75,"minecraft:stick":26,"minecraft:oak_door":2,"minecraft:torch":20,"endrem:nether_eye":1,"minecraft:porkchop":8,"tombstone:grave_dust":1,"minecraft:diorite":5,"minecraft:arrow":5,"minecraft:nether_bricks":1,"minecraft:blaze_rod":2,"minecraft:nether_brick_wall":2,"minecraft:cobblestone":339,"minecraft:leather":15,"minecraft:smoker":2,"minecraft:flint":7,"minecraft:oak_log":66,"minecraft:nether_wart_block":33,"minecraft:dirt":125,"minecraft:bone":4,"minecraft:apple":5,"minecraft:wheat_seeds":4,"minecraft:soul_sand":6,"minecraft:cracked_nether_bricks":2,"minecraft:gravel":13,"minecraft:red_banner":9,"minecraft:blast_furnace":2,"waystones:waystone":1,"minecraft:granite":2,"soulsweapons:verglas":1,"minecraft:emerald":1,"minecraft:oak_sapling":27,"minecraft:netherrack":14,"minecraft:coal":267},"minecraft:crafted":{"minecraft:oak_door":3,"minecraft:oak_planks":84,"minecraft:smooth_stone":3,"minecraft:stone_shovel":1,"minecraft:furnace":2,"minecraft:blast_furnace":1,"minecraft:stone":3,"minecraft:flint_and_steel":1,"minecraft:iron_boots":1,"minecraft:stone_pickaxe":3,"minecraft:smoker":1,"minecraft:cooked_beef":20,"minecraft:cooked_porkchop":8,"minecraft:crafting_table":3,"minecraft:wooden_pickaxe":1,"minecraft:iron_helmet":1,"minecraft:copper_ingot":62,"minecraft:bucket":1,"minecraft:oak_wood":6,"minecraft:stone_axe":1,"minecraft:air":0,"minecraft:iron_chestplate":1,"minecraft:shield":1,"minecraft:stick":20,"minecraft:iron_ingot":75,"minecraft:iron_pickaxe":1,"minecraft:wooden_axe":1,"minecraft:iron_block":3,"minecraft:stone_sword":1,"minecraft:iron_leggings":1,"minecraft:anvil":1,"minecraft:torch":36}},"DataVersion":3465}