{"stats":{"minecraft:used":{"minecraft:stone_sword":19,"minecraft:flint_and_steel":2,"minecraft:stone_shovel":56,"minecraft:shield":15,"minecraft:iron_sword":58,"minecraft:iron_chestplate":1,"minecraft:oak_door":3,"minecraft:torch":44,"minecraft:dirt":68,"minecraft:anvil":1,"minecraft:granite":1,"minecraft:wooden_axe":18,"minecraft:lava_bucket":11,"minecraft:iron_axe":22,"minecraft:birch_sapling":1,"minecraft:iron_helmet":1,"minecraft:iron_boots":1,"minecraft:oak_sapling":15,"minecraft:furnace":6,"tombstone:gift":2,"minecraft:cooked_beef":15,"minecraft:iron_leggings":1,"minecraft:water_bucket":36,"minecraft:diorite":4,"minecraft:nether_brick_wall":2,"minecraft:oak_planks":21,"minecraft:stone_pickaxe":361,"minecraft:wooden_pickaxe":36,"minecraft:white_wool":1,"minecraft:crafting_table":13,"minecraft:blast_furnace":2,"tombstone:tablet_of_home":2,"minecraft:smoker":2,"waystones:waystone":3,"minecraft:wooden_hoe":3,"minecraft:apple":2,"minecraft:iron_pickaxe":200,"minecraft:stone_axe":104,"minecraft:nether_wart_block":21,"minecraft:cobblestone":299,"minecraft:cooked_porkchop":7,"minecraft:bucket":48,"endrem:nether_eye":1},"minecraft:dropped":{"minecraft:brown_mushroom":44,"minecraft:wheat_seeds":4,"minecraft:crafting_table":2,"minecraft:cobblestone":8,"minecraft:lantern":2,"minecraft:leather":1,"minecraft:apple":4,"minecraft:granite":1,"minecraft:flint":6,"minecraft:stick":29,"minecraft:dirt":13,"minecraft:gray_wool":1,"minecraft:diorite":1,"minecraft:nether_wart_block":12,"minecraft:wooden_axe":2,"minecraft:oak_stairs":2,"minecraft:bone":1,"minecraft:oak_door":1,"minecraft:gravel":13,"minecraft:stone_axe":1,"minecraft:sugar_cane":4,"minecraft:stone_sword":1,"minecraft:stone_shovel":1,"minecraft:red_banner":9,"minecraft:rotten_flesh":2,"minecraft:nether_bricks":1,"minecraft:oak_sapling":13,"minecraft:golden_sword":1,"minecraft:arrow":2,"minecraft:wooden_pickaxe":2,"minecraft:netherrack":14,"minecraft:egg":1},"minecraft:broken":{"minecraft:stone_pickaxe":2},"minecraft:killed":{"minecraft:spider":1,"minecraft:skeleton":1,"minecraft:llama":7,"minecraft:pig":9,"minecraft:sheep":1,"minecraft:zombie":1,"minecraft:wither_skeleton":1,"minecraft:cow":18,"minecraft:blaze":2},"minecraft:custom":{"minecraft:mob_kills":43,"minecraft:interact_with_anvil":1,"minecraft:interact_with_crafting_table":25,"minecraft:open_barrel":23,"minecraft:leave_game":5,"minecraft:time_since_death":11481,"minecraft:climb_one_cm":9413,"minecraft:sprint_one_cm":294392,"minecraft:walk_one_cm":224605,"minecraft:damage_blocked_by_shield":1005,"minecraft:drop":58,"minecraft:play_time":159723,"minecraft:deaths":4,"minecraft:sneak_time":8875,"minecraft:walk_under_water_one_cm":14544,"minecraft:jump":2167,"minecraft:interact_with_blast_furnace":12,"minecraft:walk_on_water_one_cm":6358,"minecraft:total_world_time":159723,"minecraft:interact_with_furnace":18,"minecraft:time_since_rest":9082,"minecraft:waystone_activated":4,"minecraft:damage_taken":2480,"minecraft:damage_dealt":5850,"minecraft:swim_one_cm":6888,"minecraft:fly_one_cm":478826,"minecraft:open_chest":6,"minecraft:crouch_one_cm":21997,"tombstone:undead_killed":3,"minecraft:interact_with_smoker":11,"minecraft:fall_one_cm":48943},"minecraft:killed_by":{"minecraft:wither_skeleton":2,"samurai_dynasty:jorogumo":1,"minecraft:zombie":1},"minecraft:mined":{"minecraft:oak_door":1,"minecraft:nether_brick_wall":2,"minecraft:nether_bricks":1,"minecraft:granite":1,"minecraft:grass_block":50,"minecraft:spruce_leaves":1,"minecraft:cracked_nether_bricks":2,"minecraft:hay_block":3,"minecraft:furnace":6,"minecraft:iron_ore":83,"minecraft:fire":1,"treechop:chopped_log":11,"minecraft:anvil":1,"minecraft:bookshelf":12,"minecraft:vine":7,"minecraft:oak_stairs":2,"minecraft:stone":296,"minecraft:soul_sand":6,"minecraft:smoker":2,"minecraft:crafting_table":11,"minecraft:torch":9,"minecraft:blast_furnace":2,"minecraft:emerald_ore":1,"minecraft:copper_ore":17,"minecraft:cobblestone":52,"minecraft:oak_planks":4,"minecraft:sugar_cane":2,"minecraft:diorite":4,"minecraft:wall_torch":13,"minecraft:nether_wart_block":34,"minecraft:birch_leaves":2,"minecraft:red_wall_banner":9,"minecraft:grass":29,"minecraft:coal_ore":101,"minecraft:dirt":33,"minecraft:cobweb":4,"minecraft:potted_red_tulip":1,"minecraft:netherrack":16,"minecraft:fern":1,"minecraft:oak_leaves":6,"soulsweapons:verglas_ore":1},"minecraft:picked_up":{"minecraft:wooden_axe":1,"minecraft:crafting_table":12,"minecraft:anvil":1,"minecraft:brown_mushroom":44,"minecraft:wooden_pickaxe":1,"minecraft:oak_stairs":2,"minecraft:golden_sword":1,"minecraft:string":4,"minecraft:raw_copper":62,"minecraft:beef":20,"minecraft:sugar_cane":8,"minecraft:birch_sapling":1,"minecraft:furnace":6,"minecraft:egg":1,"minecraft:stick":33,"minecraft:raw_iron":83,"minecraft:oak_door":2,"minecraft:torch":22,"endrem:nether_eye":1,"minecraft:porkchop":8,"tombstone:grave_dust":1,"minecraft:diorite":5,"minecraft:arrow":5,"minecraft:rotten_flesh":2,"minecraft:nether_bricks":1,"minecraft:hay_block":3,"minecraft:blaze_rod":2,"minecraft:nether_brick_wall":2,"minecraft:cobblestone":341,"minecraft:white_wool":1,"minecraft:cooked_beef":17,"minecraft:leather":28,"minecraft:smoker":2,"minecraft:flint":7,"minecraft:oak_log":91,"minecraft:nether_wart_block":33,"minecraft:lantern":2,"minecraft:dirt":134,"minecraft:bone":4,"minecraft:apple":6,"samurai_dynasty:cloth":1,"minecraft:wheat_seeds":4,"minecraft:oak_planks":3,"minecraft:soul_sand":6,"minecraft:book":36,"minecraft:cooked_porkchop":8,"minecraft:cracked_nether_bricks":2,"minecraft:gravel":13,"minecraft:spruce_sapling":5,"minecraft:red_banner":9,"minecraft:blast_furnace":2,"minecraft:spruce_log":23,"waystones:waystone":3,"minecraft:granite":2,"minecraft:gray_wool":1,"soulsweapons:verglas":1,"minecraft:emerald":1,"minecraft:oak_sapling":40,"minecraft:netherrack":14,"minecraft:coal":268},"minecraft:crafted":{"minecraft:oak_door":3,"minecraft:smooth_stone":3,"minecraft:oak_planks":96,"minecraft:stone_shovel":1,"minecraft:furnace":2,"minecraft:blast_furnace":1,"minecraft:stone":3,"minecraft:flint_and_steel":1,"minecraft:iron_boots":1,"minecraft:iron_axe":1,"minecraft:stone_pickaxe":3,"minecraft:wheat":27,"minecraft:smoker":1,"minecraft:cooked_beef":20,"minecraft:cooked_porkchop":8,"minecraft:crafting_table":4,"minecraft:wooden_pickaxe":1,"minecraft:iron_helmet":1,"minecraft:copper_ingot":62,"minecraft:bucket":1,"minecraft:oak_wood":6,"minecraft:stone_axe":1,"minecraft:air":0,"minecraft:iron_chestplate":1,"minecraft:shield":1,"minecraft:stick":24,"quark:oak_chest":1,"minecraft:iron_ingot":75,"minecraft:iron_pickaxe":1,"minecraft:stone_sword":1,"minecraft:wooden_axe":1,"minecraft:iron_block":3,"minecraft:iron_leggings":1,"minecraft:anvil":1,"minecraft:torch":36}},"DataVersion":3465}