{"stats":{"minecraft:used":{"minecraft:wooden_axe":15,"minecraft:diorite":4,"minecraft:apple":2,"minecraft:stone_shovel":8,"minecraft:stone_pickaxe":335,"minecraft:wooden_pickaxe":20,"minecraft:stone_axe":3,"minecraft:torch":15,"minecraft:cobblestone":46,"minecraft:crafting_table":5,"minecraft:furnace":4,"minecraft:granite":1},"minecraft:dropped":{"minecraft:diorite":1,"minecraft:granite":1},"minecraft:custom":{"minecraft:time_since_rest":68964,"minecraft:interact_with_furnace":6,"minecraft:sprint_one_cm":31638,"minecraft:damage_taken":30,"minecraft:walk_one_cm":51472,"minecraft:drop":2,"minecraft:interact_with_crafting_table":5,"minecraft:fly_one_cm":23434,"minecraft:crouch_one_cm":8022,"minecraft:play_time":68964,"minecraft:sneak_time":3444,"minecraft:jump":245,"minecraft:leave_game":1,"minecraft:time_since_death":68964,"minecraft:total_world_time":68964,"minecraft:fall_one_cm":3718},"minecraft:broken":{"minecraft:stone_pickaxe":2},"minecraft:mined":{"minecraft:furnace":3,"treechop:chopped_log":2,"minecraft:crafting_table":4,"minecraft:red_wall_banner":9,"minecraft:torch":4,"minecraft:granite":1,"minecraft:grass_block":2,"minecraft:coal_ore":67,"minecraft:dirt":14,"minecraft:copper_ore":17,"minecraft:cobblestone":11,"minecraft:stone":248,"minecraft:diorite":4,"minecraft:oak_leaves":2,"minecraft:wall_torch":8},"minecraft:picked_up":{"minecraft:stick":9,"minecraft:crafting_table":4,"minecraft:torch":13,"minecraft:oak_log":30,"minecraft:red_banner":9,"minecraft:diorite":5,"minecraft:dirt":14,"minecraft:raw_copper":62,"minecraft:apple":2,"minecraft:granite":2,"minecraft:oak_sapling":8,"minecraft:coal":67,"minecraft:cobblestone":256,"minecraft:furnace":3},"minecraft:crafted":{"minecraft:oak_planks":20,"minecraft:stone_shovel":1,"minecraft:crafting_table":1,"minecraft:stick":20,"minecraft:wooden_pickaxe":1,"minecraft:stone_pickaxe":3,"minecraft:wooden_axe":1,"minecraft:furnace":1,"minecraft:copper_ingot":62,"minecraft:torch":36,"minecraft:stone_axe":1,"minecraft:air":0}},"DataVersion":3465}