{"stats":{"minecraft:used":{"minecraft:torch":5,"minecraft:stone_axe":1,"minecraft:wooden_axe":15,"minecraft:apple":2,"minecraft:cobblestone":4,"minecraft:crafting_table":2,"minecraft:stone_pickaxe":90,"minecraft:wooden_pickaxe":20},"minecraft:custom":{"minecraft:time_since_rest":9293,"minecraft:crouch_one_cm":955,"minecraft:play_time":9293,"minecraft:sprint_one_cm":22585,"minecraft:damage_taken":30,"minecraft:walk_one_cm":12065,"minecraft:sneak_time":522,"minecraft:jump":114,"minecraft:time_since_death":9293,"minecraft:total_world_time":9293,"minecraft:fly_one_cm":20185,"minecraft:fall_one_cm":3449,"minecraft:interact_with_crafting_table":2},"minecraft:picked_up":{"minecraft:crafting_table":2,"minecraft:stick":9,"minecraft:apple":2,"minecraft:torch":2,"minecraft:granite":1,"minecraft:oak_log":30,"minecraft:red_banner":9,"minecraft:coal":29,"minecraft:oak_sapling":8,"minecraft:cobblestone":80},"minecraft:mined":{"minecraft:granite":1,"minecraft:coal_ore":29,"minecraft:stone":80,"minecraft:wall_torch":1,"minecraft:torch":1,"treechop:chopped_log":2,"minecraft:oak_leaves":2,"minecraft:crafting_table":2,"minecraft:red_wall_banner":9},"minecraft:crafted":{"minecraft:oak_planks":20,"minecraft:torch":36,"minecraft:stone_axe":1,"minecraft:crafting_table":1,"minecraft:stick":8,"minecraft:wooden_pickaxe":1,"minecraft:stone_pickaxe":1,"minecraft:wooden_axe":1}},"DataVersion":3465}