{"stats":{"minecraft:used":{"minecraft:wooden_axe":15,"minecraft:diorite":4,"minecraft:apple":2,"minecraft:stone_pickaxe":225,"minecraft:wooden_pickaxe":20,"minecraft:stone_axe":3,"minecraft:torch":14,"minecraft:cobblestone":42,"minecraft:crafting_table":4,"minecraft:furnace":3,"minecraft:granite":1},"minecraft:dropped":{"minecraft:diorite":1,"minecraft:granite":1},"minecraft:custom":{"minecraft:time_since_rest":45293,"minecraft:interact_with_furnace":6,"minecraft:sprint_one_cm":28161,"minecraft:damage_taken":30,"minecraft:walk_one_cm":42108,"minecraft:drop":2,"minecraft:interact_with_crafting_table":4,"minecraft:fly_one_cm":22273,"minecraft:crouch_one_cm":5775,"minecraft:play_time":45293,"minecraft:sneak_time":2593,"minecraft:jump":227,"minecraft:time_since_death":45293,"minecraft:total_world_time":45293,"minecraft:fall_one_cm":3718},"minecraft:broken":{"minecraft:stone_pickaxe":1},"minecraft:mined":{"minecraft:furnace":2,"treechop:chopped_log":2,"minecraft:red_wall_banner":9,"minecraft:crafting_table":4,"minecraft:torch":4,"minecraft:granite":1,"minecraft:grass_block":2,"minecraft:coal_ore":67,"minecraft:dirt":4,"minecraft:copper_ore":17,"minecraft:cobblestone":2,"minecraft:stone":149,"minecraft:diorite":4,"minecraft:oak_leaves":2,"minecraft:wall_torch":7},"minecraft:picked_up":{"minecraft:stick":9,"minecraft:crafting_table":4,"minecraft:torch":11,"minecraft:oak_log":30,"minecraft:red_banner":9,"minecraft:diorite":5,"minecraft:dirt":6,"minecraft:raw_copper":62,"minecraft:apple":2,"minecraft:granite":2,"minecraft:oak_sapling":8,"minecraft:coal":67,"minecraft:cobblestone":151,"minecraft:furnace":2},"minecraft:crafted":{"minecraft:oak_planks":20,"minecraft:crafting_table":1,"minecraft:stick":12,"minecraft:wooden_pickaxe":1,"minecraft:stone_pickaxe":3,"minecraft:wooden_axe":1,"minecraft:furnace":1,"minecraft:copper_ingot":62,"minecraft:torch":36,"minecraft:stone_axe":1,"minecraft:air":0}},"DataVersion":3465}