{"stats":{"minecraft:killed":{"zombies_plus:runner_zombie":1,"minecraft:drowned":2,"minecraft:tropical_fish":1,"mozombies_wave:disco_zombie":1,"minecraft:pig":8,"undeadnights:horde_zombie":1,"mozombies_wave:zombie_miner":2,"minecraft:sheep":3,"minecraft:pillager":1,"minecraft:zombie":3,"minecraft:cow":5},"minecraft:used":{"toughasnails:wool_boots":1,"biomesoplenty:mahogany_planks":39,"minecraft:stone_sword":59,"minecraft:chest":3,"minecraft:shield":2,"toughasnails:empty_copper_canteen":2,"minecraft:wooden_shovel":28,"minecraft:iron_chestplate":1,"minecraft:torch":114,"minecraft:dirt":58,"plentyofarmors:copper_leggings":1,"minecraft:jungle_planks":42,"plentyofarmors:copper_chestplate":1,"minecraft:dark_oak_planks":4,"minecraft:wooden_axe":120,"minecraft:iron_axe":87,"biomesoplenty:mahogany_sapling":1,"plentyofarmors:copper_boots":1,"minecraft:oak_sapling":1,"minecraft:furnace":4,"minecraft:stone_pickaxe":263,"minecraft:ender_pearl":1,"minecraft:wooden_pickaxe":62,"minecraft:sugar_cane":7,"minecraft:green_bed":8,"biomesoplenty:mahogany_log":5,"minecraft:jungle_boat":4,"toughasnails:copper_water_canteen":21,"minecraft:crafting_table":13,"minecraft:red_bed":2,"minecraft:blast_furnace":1,"minecraft:green_concrete":1,"minecraft:apple":4,"minecraft:bread":15,"minecraft:melon_slice":4,"minecraft:iron_pickaxe":84,"minecraft:suspicious_stew":2,"minecraft:gravel":1,"biomesoplenty:mahogany_boat":1,"minecraft:stone_axe":36,"minecraft:coal_block":1,"minecraft:wooden_sword":49,"minecraft:cobblestone":163,"minecraft:green_concrete_powder":2,"minecraft:oak_boat":3,"biomesoplenty:fir_log":1,"minecraft:experience_bottle":1},"minecraft:dropped":{"minecraft:moss_block":2,"minecraft:wheat_seeds":19,"minecraft:oak_log":2,"biomesoplenty:lavender":2,"minecraft:feather":4,"minecraft:book":2,"biomesoplenty:mahogany_planks":1,"toughasnails:wool_boots":1,"minecraft:tropical_fish":1,"minecraft:stick":2,"minecraft:dirt":8,"minecraft:torch":1,"biomesoplenty:huge_lily_pad":1,"minecraft:jungle_sapling":2,"minecraft:string":1,"minecraft:lily_pad":2,"minecraft:white_wool":1,"biomesoplenty:toadstool":1,"minecraft:note_block":2,"minecraft:cocoa_beans":9,"minecraft:bowl":2,"minecraft:wheat":1,"minecraft:rotten_flesh":3,"universal_graves:grave_compass":5,"minecraft:oak_planks":8,"minecraft:gunpowder":3,"biomesoplenty:mahogany_sapling":2,"minecraft:stone_pickaxe":1},"minecraft:mined":{"minecraft:dark_oak_planks":4,"biomesoplenty:watergrass":2,"minecraft:jungle_leaves":1,"minecraft:granite":3,"minecraft:grass_block":41,"minecraft:jungle_planks":15,"minecraft:jungle_log":9,"minecraft:coal_block":2,"minecraft:spruce_leaves":2,"minecraft:green_concrete":1,"minecraft:large_fern":14,"minecraft:hay_block":27,"biomesoplenty:tall_lavender":1,"minecraft:furnace":4,"minecraft:iron_ore":19,"minecraft:fire":6,"minecraft:barrel":1,"biomesoplenty:lavender":6,"minecraft:green_terracotta":1,"minecraft:pumpkin":2,"minecraft:bookshelf":106,"biomesoplenty:mahogany_leaves":19,"minecraft:vine":2,"biomesoplenty:barley":10,"minecraft:stone":225,"minecraft:white_wool":1,"minecraft:green_wool":23,"minecraft:green_bed":8,"minecraft:glass_pane":2,"minecraft:red_bed":3,"minecraft:crafting_table":6,"minecraft:torch":1,"minecraft:blast_furnace":1,"minecraft:melon":30,"biomesoplenty:mahogany_planks":5,"minecraft:green_concrete_powder":3,"minecraft:campfire":10,"minecraft:stone_slab":1,"minecraft:tall_grass":1,"minecraft:copper_ore":22,"minecraft:cobblestone":70,"minecraft:lily_pad":3,"minecraft:sugar_cane":4,"minecraft:wall_torch":12,"minecraft:seagrass":1,"minecraft:birch_planks":1,"biomesoplenty:huge_lily_pad":2,"biomesoplenty:mahogany_log":56,"minecraft:spruce_log":6,"biomesoplenty:fir_log":12,"biomesoplenty:waterlily":1,"minecraft:grass":33,"minecraft:oak_log":2,"minecraft:coal_ore":41,"minecraft:cocoa":3,"minecraft:gravel":2,"minecraft:dirt":63,"minecraft:oak_leaves":15,"minecraft:fern":95},"minecraft:picked_up":{"minecraft:cocoa_beans":18,"minecraft:charcoal":26,"minecraft:crafting_table":6,"minecraft:iron_chestplate":1,"biomesoplenty:huge_lily_pad":1,"toughasnails:wool_chestplate":1,"minecraft:shield":1,"toughasnails:wool_boots":1,"minecraft:string":1,"minecraft:red_bed":2,"minecraft:raw_copper":85,"biomesoplenty:tall_lavender":1,"minecraft:beef":5,"minecraft:oak_boat":2,"toughasnails:copper_water_canteen":1,"minecraft:jungle_sapling":2,"minecraft:iron_pickaxe":1,"minecraft:coal_block":2,"minecraft:melon_slice":267,"minecraft:sugar_cane":7,"toughasnails:wool_helmet":1,"minecraft:furnace":6,"minecraft:stick":9,"minecraft:raw_iron":19,"minecraft:torch":88,"minecraft:bowl":2,"minecraft:green_bed":8,"minecraft:porkchop":19,"minecraft:note_block":2,"plentyofarmors:copper_boots":1,"minecraft:carrot":5,"minecraft:green_terracotta":1,"minecraft:dark_oak_planks":4,"minecraft:tnt":2,"minecraft:rotten_flesh":6,"minecraft:stone_sword":1,"minecraft:arrow":2,"minecraft:tropical_fish":1,"biomesoplenty:mahogany_sapling":7,"minecraft:hay_block":26,"minecraft:green_wool":21,"minecraft:gold_ingot":4,"minecraft:mutton":6,"minecraft:white_wool":2,"minecraft:cobblestone":348,"biomesoplenty:lavender":2,"minecraft:jungle_boat":3,"minecraft:feather":4,"minecraft:jungle_log":9,"minecraft:leather":5,"minecraft:green_concrete_powder":3,"minecraft:potato":21,"biomesoplenty:fir_log":12,"minecraft:oak_log":2,"minecraft:lily_pad":2,"minecraft:gunpowder":3,"minecraft:dirt":103,"minecraft:paper":14,"minecraft:apple":2,"minecraft:kelp":7,"minecraft:wheat_seeds":25,"minecraft:iron_ingot":3,"minecraft:moss_block":1,"biomesoplenty:mahogany_planks":5,"minecraft:book":321,"biomesoplenty:toadstool":1,"minecraft:pumpkin":2,"minecraft:gravel":2,"plentyofarmors:copper_leggings":1,"minecraft:jungle_planks":15,"minecraft:blast_furnace":2,"minecraft:spruce_log":6,"biomesoplenty:mahogany_log":55,"minecraft:green_concrete":1,"minecraft:stone_axe":1,"minecraft:granite":3,"minecraft:emerald":7,"minecraft:bread":98,"minecraft:oak_sapling":2,"minecraft:coal":69,"minecraft:ender_pearl":1},"minecraft:broken":{"toughasnails:copper_water_canteen":1,"minecraft:wooden_pickaxe":1,"minecraft:stone_pickaxe":1},"minecraft:custom":{"minecraft:mob_kills":28,"minecraft:inspect_hopper":1,"minecraft:interact_with_crafting_table":38,"minecraft:open_barrel":31,"minecraft:leave_game":10,"minecraft:time_since_death":26027,"minecraft:climb_one_cm":840,"minecraft:sprint_one_cm":192444,"minecraft:walk_one_cm":242355,"minecraft:damage_blocked_by_shield":45,"minecraft:drop":42,"minecraft:play_time":171885,"minecraft:sneak_time":12256,"minecraft:deaths":18,"minecraft:walk_under_water_one_cm":27904,"minecraft:boat_one_cm":928509,"minecraft:jump":1835,"minecraft:interact_with_blast_furnace":9,"minecraft:walk_on_water_one_cm":51450,"minecraft:total_world_time":171885,"minecraft:interact_with_furnace":30,"minecraft:sleep_in_bed":10,"minecraft:time_since_rest":15046,"minecraft:damage_taken":14854,"minecraft:damage_dealt":4621,"minecraft:swim_one_cm":153899,"minecraft:fly_one_cm":355314,"minecraft:open_chest":41,"minecraft:crouch_one_cm":27382,"minecraft:fall_one_cm":49832,"minecraft:horse_one_cm":6718},"minecraft:crafted":{"minecraft:wooden_sword":2,"minecraft:smooth_stone":3,"biomesoplenty:mahogany_planks":192,"minecraft:furnace":3,"minecraft:blast_furnace":1,"minecraft:stone":3,"toughasnails:empty_copper_canteen":1,"minecraft:iron_axe":1,"minecraft:stone_pickaxe":4,"minecraft:chest":3,"plentyofarmors:copper_boots":1,"toughasnails:wool_chestplate":1,"plentyofarmors:copper_chestplate":1,"minecraft:wheat":234,"toughasnails:wool_helmet":1,"minecraft:wooden_shovel":1,"minecraft:crafting_table":9,"minecraft:spruce_planks":12,"minecraft:jungle_boat":1,"minecraft:wooden_pickaxe":2,"minecraft:green_bed":1,"minecraft:copper_ingot":31,"minecraft:stone_axe":1,"minecraft:air":0,"minecraft:bread":86,"toughasnails:wool_boots":1,"minecraft:jungle_planks":36,"biomesoplenty:fir_planks":44,"minecraft:oak_boat":1,"minecraft:iron_chestplate":1,"minecraft:shield":1,"minecraft:stick":56,"plentyofarmors:copper_leggings":1,"minecraft:iron_ingot":20,"minecraft:iron_pickaxe":1,"minecraft:wooden_axe":4,"minecraft:stone_sword":1,"biomesoplenty:mahogany_boat":1,"minecraft:torch":96},"minecraft:killed_by":{"minecraft:pillager":2,"zombies_plus:bow_zombie":3,"minecraft:drowned":2,"undeadnights:horde_zombie":2,"mozombies_wave:zombie_cyborg":2,"minecraft:witch":1,"minecraft:zombie":3}},"DataVersion":3465}