{"stats":{"minecraft:used":{"minecraft:water_bucket":36,"minecraft:diorite":4,"minecraft:stone_sword":11,"minecraft:flint_and_steel":2,"minecraft:stone_pickaxe":361,"minecraft:stone_shovel":56,"minecraft:shield":7,"minecraft:wooden_pickaxe":20,"minecraft:iron_chestplate":1,"minecraft:oak_door":3,"minecraft:torch":31,"minecraft:dirt":19,"minecraft:crafting_table":10,"minecraft:blast_furnace":1,"minecraft:granite":1,"minecraft:smoker":1,"waystones:waystone":1,"minecraft:wooden_axe":15,"minecraft:lava_bucket":11,"minecraft:apple":2,"minecraft:birch_sapling":1,"minecraft:iron_pickaxe":152,"minecraft:iron_helmet":1,"minecraft:iron_boots":1,"minecraft:stone_axe":72,"minecraft:cobblestone":208,"minecraft:oak_sapling":15,"minecraft:furnace":6,"minecraft:cooked_porkchop":4,"minecraft:bucket":48,"tombstone:gift":2,"minecraft:cooked_beef":2,"minecraft:iron_leggings":1},"minecraft:dropped":{"minecraft:oak_door":1,"minecraft:gravel":13,"minecraft:brown_mushroom":2,"minecraft:wheat_seeds":4,"minecraft:crafting_table":2,"minecraft:granite":1,"minecraft:flint":3,"minecraft:stick":10,"minecraft:diorite":1,"minecraft:wooden_axe":1,"minecraft:arrow":2,"minecraft:wooden_pickaxe":1},"minecraft:killed":{"minecraft:pig":6,"minecraft:skeleton":1,"minecraft:cow":10},"minecraft:custom":{"minecraft:interact_with_furnace":18,"minecraft:mob_kills":17,"minecraft:interact_with_crafting_table":22,"minecraft:leave_game":2,"minecraft:time_since_death":1470,"minecraft:climb_one_cm":260,"minecraft:time_since_rest":369,"minecraft:waystone_activated":1,"minecraft:sprint_one_cm":121936,"minecraft:damage_taken":853,"minecraft:walk_one_cm":165372,"minecraft:damage_blocked_by_shield":495,"minecraft:drop":14,"minecraft:damage_dealt":2000,"minecraft:swim_one_cm":285,"minecraft:fly_one_cm":146642,"minecraft:open_chest":1,"minecraft:crouch_one_cm":16146,"minecraft:play_time":110963,"tombstone:undead_killed":1,"minecraft:deaths":2,"minecraft:sneak_time":5821,"minecraft:walk_under_water_one_cm":4468,"minecraft:jump":891,"minecraft:interact_with_blast_furnace":9,"minecraft:walk_on_water_one_cm":2104,"minecraft:interact_with_smoker":10,"minecraft:total_world_time":110963,"minecraft:fall_one_cm":14552},"minecraft:broken":{"minecraft:stone_pickaxe":2},"minecraft:killed_by":{"minecraft:wither_skeleton":1,"minecraft:zombie":1},"minecraft:mined":{"minecraft:soul_sand":6,"minecraft:oak_door":1,"minecraft:smoker":1,"minecraft:crafting_table":10,"minecraft:torch":9,"minecraft:granite":1,"minecraft:blast_furnace":1,"minecraft:emerald_ore":1,"minecraft:grass_block":49,"minecraft:copper_ore":17,"minecraft:cobblestone":36,"minecraft:diorite":4,"minecraft:wall_torch":10,"minecraft:furnace":6,"minecraft:fire":1,"minecraft:iron_ore":66,"minecraft:birch_leaves":2,"treechop:chopped_log":7,"minecraft:red_wall_banner":9,"minecraft:grass":25,"minecraft:coal_ore":99,"minecraft:vine":7,"minecraft:dirt":25,"minecraft:stone":294,"minecraft:oak_leaves":2,"soulsweapons:verglas_ore":1},"minecraft:picked_up":{"minecraft:crafting_table":11,"minecraft:leather":7,"minecraft:brown_mushroom":2,"minecraft:smoker":1,"minecraft:flint":4,"minecraft:oak_log":66,"minecraft:dirt":72,"minecraft:raw_copper":62,"minecraft:bone":2,"minecraft:apple":5,"minecraft:wheat_seeds":4,"minecraft:beef":20,"minecraft:birch_sapling":1,"minecraft:soul_sand":6,"minecraft:furnace":6,"minecraft:stick":16,"minecraft:raw_iron":66,"minecraft:oak_door":1,"minecraft:torch":19,"minecraft:gravel":13,"minecraft:porkchop":8,"tombstone:grave_dust":1,"minecraft:red_banner":9,"minecraft:blast_furnace":1,"minecraft:diorite":5,"minecraft:arrow":3,"waystones:waystone":1,"minecraft:granite":2,"soulsweapons:verglas":1,"minecraft:emerald":1,"minecraft:oak_sapling":27,"minecraft:coal":204,"minecraft:cobblestone":326},"minecraft:crafted":{"minecraft:cooked_beef":20,"minecraft:oak_door":3,"minecraft:smooth_stone":3,"minecraft:oak_planks":84,"minecraft:stone_shovel":1,"minecraft:cooked_porkchop":8,"minecraft:crafting_table":2,"minecraft:wooden_pickaxe":1,"minecraft:iron_helmet":1,"minecraft:furnace":2,"minecraft:blast_furnace":1,"minecraft:copper_ingot":62,"minecraft:stone":3,"minecraft:bucket":1,"minecraft:oak_wood":6,"minecraft:stone_axe":1,"minecraft:air":0,"minecraft:flint_and_steel":1,"minecraft:iron_boots":1,"minecraft:iron_chestplate":1,"minecraft:shield":1,"minecraft:stick":20,"minecraft:iron_ingot":66,"minecraft:iron_pickaxe":1,"minecraft:stone_pickaxe":3,"minecraft:wooden_axe":1,"minecraft:stone_sword":1,"minecraft:iron_leggings":1,"minecraft:torch":36,"minecraft:smoker":1}},"DataVersion":3465}