{"stats":{"minecraft:dropped":{"minecraft:moss_block":2,"minecraft:wheat_seeds":19,"minecraft:oak_log":2,"minecraft:feather":4,"minecraft:book":2,"minecraft:dirt":8,"minecraft:torch":1,"biomesoplenty:huge_lily_pad":1,"minecraft:jungle_sapling":2,"minecraft:lily_pad":2,"biomesoplenty:toadstool":1,"minecraft:wheat":1,"minecraft:rotten_flesh":1,"universal_graves:grave_compass":5,"minecraft:gunpowder":2},"minecraft:crafted":{"minecraft:wooden_sword":2,"minecraft:smooth_stone":3,"biomesoplenty:mahogany_planks":192,"minecraft:furnace":3,"minecraft:blast_furnace":1,"minecraft:stone":3,"toughasnails:empty_copper_canteen":1,"minecraft:stone_pickaxe":4,"minecraft:chest":3,"plentyofarmors:copper_boots":1,"toughasnails:wool_chestplate":1,"plentyofarmors:copper_chestplate":1,"minecraft:wheat":234,"minecraft:wooden_shovel":1,"toughasnails:wool_helmet":1,"minecraft:crafting_table":7,"minecraft:spruce_planks":12,"minecraft:jungle_boat":1,"minecraft:wooden_pickaxe":2,"minecraft:green_bed":1,"minecraft:copper_ingot":31,"minecraft:stone_axe":1,"minecraft:air":0,"minecraft:bread":86,"minecraft:jungle_planks":36,"toughasnails:wool_boots":1,"biomesoplenty:fir_planks":44,"minecraft:iron_chestplate":1,"minecraft:shield":1,"minecraft:stick":48,"plentyofarmors:copper_leggings":1,"minecraft:iron_ingot":20,"minecraft:iron_pickaxe":1,"minecraft:wooden_axe":4,"minecraft:stone_sword":1,"biomesoplenty:mahogany_boat":1,"minecraft:torch":72},"minecraft:killed":{"zombies_plus:runner_zombie":1,"minecraft:drowned":2,"undeadnights:horde_zombie":1,"mozombies_wave:zombie_miner":2,"minecraft:pillager":1,"minecraft:zombie":2},"minecraft:picked_up":{"minecraft:charcoal":14,"minecraft:cocoa_beans":9,"minecraft:crafting_table":6,"biomesoplenty:huge_lily_pad":1,"minecraft:red_bed":1,"minecraft:raw_copper":67,"minecraft:jungle_sapling":2,"minecraft:coal_block":2,"minecraft:melon_slice":143,"minecraft:sugar_cane":7,"minecraft:furnace":2,"minecraft:stick":7,"minecraft:raw_iron":19,"minecraft:torch":27,"minecraft:green_bed":5,"minecraft:green_terracotta":1,"minecraft:arrow":2,"minecraft:rotten_flesh":4,"biomesoplenty:mahogany_sapling":5,"minecraft:hay_block":26,"minecraft:green_wool":21,"minecraft:cobblestone":213,"minecraft:jungle_boat":2,"minecraft:feather":4,"minecraft:jungle_log":9,"minecraft:green_concrete_powder":3,"biomesoplenty:fir_log":12,"minecraft:lily_pad":2,"minecraft:oak_log":2,"minecraft:gunpowder":2,"minecraft:dirt":103,"minecraft:apple":2,"minecraft:kelp":7,"minecraft:wheat_seeds":25,"minecraft:moss_block":1,"biomesoplenty:mahogany_planks":4,"biomesoplenty:toadstool":1,"minecraft:pumpkin":2,"minecraft:gravel":2,"minecraft:jungle_planks":15,"minecraft:spruce_log":6,"biomesoplenty:mahogany_log":55,"minecraft:green_concrete":1,"minecraft:coal":25,"minecraft:ender_pearl":1},"minecraft:custom":{"minecraft:mob_kills":9,"minecraft:inspect_hopper":1,"minecraft:interact_with_crafting_table":36,"minecraft:open_barrel":28,"minecraft:leave_game":6,"minecraft:time_since_death":58445,"minecraft:climb_one_cm":840,"minecraft:sprint_one_cm":118621,"minecraft:walk_one_cm":175706,"minecraft:drop":26,"minecraft:play_time":122999,"minecraft:sneak_time":8595,"minecraft:deaths":17,"minecraft:walk_under_water_one_cm":19858,"minecraft:boat_one_cm":679353,"minecraft:jump":1142,"minecraft:interact_with_blast_furnace":8,"minecraft:walk_on_water_one_cm":48181,"minecraft:total_world_time":122999,"minecraft:interact_with_furnace":27,"minecraft:sleep_in_bed":5,"minecraft:time_since_rest":2879,"minecraft:damage_taken":4423,"minecraft:damage_dealt":2615,"minecraft:swim_one_cm":137315,"minecraft:fly_one_cm":219628,"minecraft:open_chest":30,"minecraft:crouch_one_cm":18251,"minecraft:fall_one_cm":32365},"minecraft:killed_by":{"minecraft:pillager":2,"zombies_plus:bow_zombie":3,"minecraft:drowned":2,"undeadnights:horde_zombie":2,"mozombies_wave:zombie_cyborg":2,"minecraft:witch":1,"minecraft:zombie":3},"minecraft:used":{"biomesoplenty:mahogany_planks":39,"toughasnails:wool_boots":1,"minecraft:chest":3,"toughasnails:empty_copper_canteen":1,"minecraft:wooden_shovel":28,"minecraft:iron_chestplate":1,"minecraft:torch":52,"minecraft:dirt":58,"plentyofarmors:copper_leggings":1,"minecraft:jungle_planks":42,"plentyofarmors:copper_chestplate":1,"minecraft:wooden_axe":120,"biomesoplenty:mahogany_sapling":1,"plentyofarmors:copper_boots":1,"minecraft:furnace":4,"minecraft:oak_sapling":1,"minecraft:stone_pickaxe":224,"minecraft:ender_pearl":1,"minecraft:wooden_pickaxe":62,"minecraft:sugar_cane":7,"minecraft:green_bed":6,"minecraft:jungle_boat":2,"biomesoplenty:mahogany_log":5,"toughasnails:copper_water_canteen":4,"minecraft:crafting_table":11,"minecraft:red_bed":1,"minecraft:blast_furnace":1,"minecraft:green_concrete":1,"minecraft:apple":4,"minecraft:bread":4,"minecraft:melon_slice":4,"minecraft:gravel":1,"biomesoplenty:mahogany_boat":1,"minecraft:stone_axe":1,"minecraft:coal_block":1,"minecraft:wooden_sword":49,"minecraft:cobblestone":15,"minecraft:green_concrete_powder":2,"biomesoplenty:fir_log":1,"minecraft:experience_bottle":1},"minecraft:broken":{"minecraft:wooden_pickaxe":1,"minecraft:stone_pickaxe":1},"minecraft:mined":{"biomesoplenty:watergrass":2,"minecraft:jungle_leaves":1,"minecraft:grass_block":41,"minecraft:jungle_planks":15,"minecraft:jungle_log":9,"minecraft:coal_block":2,"minecraft:spruce_leaves":2,"minecraft:green_concrete":1,"minecraft:large_fern":14,"minecraft:hay_block":27,"minecraft:furnace":2,"minecraft:barrel":1,"minecraft:iron_ore":19,"minecraft:fire":2,"minecraft:green_terracotta":1,"minecraft:pumpkin":2,"biomesoplenty:mahogany_leaves":19,"minecraft:vine":2,"minecraft:stone":210,"minecraft:white_wool":1,"minecraft:green_wool":23,"minecraft:green_bed":5,"minecraft:red_bed":1,"minecraft:crafting_table":6,"minecraft:torch":1,"minecraft:green_concrete_powder":3,"minecraft:melon":30,"biomesoplenty:mahogany_planks":4,"minecraft:campfire":7,"minecraft:copper_ore":17,"minecraft:cobblestone":1,"minecraft:lily_pad":3,"minecraft:sugar_cane":4,"minecraft:wall_torch":11,"biomesoplenty:huge_lily_pad":2,"biomesoplenty:mahogany_log":56,"minecraft:spruce_log":6,"biomesoplenty:fir_log":12,"biomesoplenty:waterlily":1,"minecraft:grass":29,"minecraft:coal_ore":25,"minecraft:oak_log":2,"minecraft:cocoa":3,"minecraft:gravel":2,"minecraft:dirt":63,"minecraft:fern":95}},"DataVersion":3465}