{"stats":{"minecraft:crafted":{"minecraft:wooden_sword":1,"minecraft:crafting_table":4,"minecraft:spruce_planks":12,"biomesoplenty:mahogany_planks":68,"minecraft:wooden_pickaxe":1,"biomesoplenty:fir_planks":44,"minecraft:stick":20,"minecraft:wooden_axe":2,"minecraft:torch":32},"minecraft:mined":{"biomesoplenty:watergrass":2,"minecraft:red_bed":1,"minecraft:crafting_table":2,"minecraft:grass_block":4,"minecraft:melon":4,"minecraft:campfire":4,"minecraft:coal_block":2,"minecraft:spruce_leaves":2,"minecraft:lily_pad":3,"minecraft:sugar_cane":4,"minecraft:wall_torch":1,"biomesoplenty:huge_lily_pad":2,"biomesoplenty:mahogany_log":20,"minecraft:barrel":1,"minecraft:spruce_log":6,"biomesoplenty:fir_log":12,"biomesoplenty:waterlily":1,"minecraft:grass":15,"minecraft:coal_ore":1,"biomesoplenty:mahogany_leaves":16,"minecraft:dirt":41,"minecraft:fern":13},"minecraft:dropped":{"biomesoplenty:toadstool":1,"minecraft:wheat_seeds":1,"universal_graves:grave_compass":3,"biomesoplenty:huge_lily_pad":1,"minecraft:lily_pad":2},"minecraft:killed_by":{"mozombies_wave:zombie_cyborg":2,"minecraft:zombie":1,"minecraft:pillager":2,"zombies_plus:bow_zombie":3,"minecraft:drowned":1,"undeadnights:horde_zombie":2},"minecraft:killed":{"undeadnights:horde_zombie":1,"mozombies_wave:zombie_miner":2,"minecraft:pillager":1,"minecraft:drowned":2},"minecraft:picked_up":{"minecraft:charcoal":8,"minecraft:crafting_table":2,"biomesoplenty:fir_log":12,"biomesoplenty:huge_lily_pad":1,"minecraft:lily_pad":2,"minecraft:dirt":45,"minecraft:red_bed":1,"minecraft:apple":2,"minecraft:wheat_seeds":2,"minecraft:sugar_cane":7,"minecraft:melon_slice":15,"minecraft:coal_block":2,"biomesoplenty:toadstool":1,"minecraft:torch":9,"minecraft:spruce_log":6,"biomesoplenty:mahogany_log":17,"minecraft:rotten_flesh":2,"minecraft:arrow":2,"biomesoplenty:mahogany_sapling":3,"minecraft:coal":1,"minecraft:cobblestone":3},"minecraft:custom":{"minecraft:mob_kills":6,"minecraft:interact_with_crafting_table":4,"minecraft:open_barrel":5,"minecraft:leave_game":5,"minecraft:time_since_death":2327,"minecraft:climb_one_cm":289,"minecraft:time_since_rest":2379,"minecraft:sprint_one_cm":79485,"minecraft:damage_taken":3370,"minecraft:walk_one_cm":48452,"minecraft:drop":8,"minecraft:damage_dealt":1895,"minecraft:swim_one_cm":120062,"minecraft:fly_one_cm":181774,"minecraft:open_chest":2,"minecraft:crouch_one_cm":6548,"minecraft:play_time":45016,"minecraft:deaths":13,"minecraft:sneak_time":3110,"minecraft:walk_under_water_one_cm":15852,"minecraft:boat_one_cm":318080,"minecraft:jump":710,"minecraft:walk_on_water_one_cm":43312,"minecraft:total_world_time":45016,"minecraft:fall_one_cm":23039},"minecraft:used":{"minecraft:wooden_pickaxe":3,"minecraft:sugar_cane":7,"minecraft:torch":24,"minecraft:dirt":14,"minecraft:crafting_table":4,"minecraft:red_bed":1,"minecraft:wooden_axe":29,"minecraft:apple":4,"minecraft:bread":2,"biomesoplenty:mahogany_sapling":1,"minecraft:wooden_sword":36,"minecraft:coal_block":1,"biomesoplenty:fir_log":1}},"DataVersion":3465}