{"stats":{"minecraft:used":{"minecraft:stone_sword":18,"minecraft:stone_pickaxe":25,"minecraft:oak_planks":66,"minecraft:spruce_planks":2,"minecraft:wooden_pickaxe":15,"minecraft:chest":5,"minecraft:shield":2,"minecraft:iron_sword":6,"minecraft:brown_mushroom":1,"minecraft:oak_door":3,"minecraft:torch":18,"minecraft:mutton":4,"minecraft:crafting_table":4,"minecraft:white_bed":2,"minecraft:wooden_axe":28,"minecraft:apple":2,"minecraft:stone_axe":270,"minecraft:beef":2,"minecraft:sweet_berries":6,"minecraft:furnace":1,"minecraft:oak_sapling":10,"minecraft:podzol":1,"tombstone:gift":1},"minecraft:dropped":{"tombstone:grave_key":3,"tombstone:grave_dust":1},"minecraft:killed":{"minecraft:sheep":3,"minecraft:zombie":3,"samurai_dynasty:kawauso":1,"minecraft:enderman":1,"minecraft:cow":1},"minecraft:broken":{"minecraft:stone_axe":1},"minecraft:custom":{"minecraft:interact_with_furnace":7,"minecraft:mob_kills":9,"minecraft:interact_with_crafting_table":17,"minecraft:leave_game":1,"minecraft:time_since_death":16860,"minecraft:sleep_in_bed":7,"minecraft:climb_one_cm":9638,"minecraft:time_since_rest":11227,"minecraft:sprint_one_cm":85908,"minecraft:damage_taken":1757,"minecraft:walk_one_cm":177408,"minecraft:damage_blocked_by_shield":75,"minecraft:drop":4,"minecraft:damage_dealt":1573,"minecraft:swim_one_cm":17837,"minecraft:fly_one_cm":124930,"minecraft:open_chest":23,"minecraft:crouch_one_cm":2209,"minecraft:play_time":48813,"tombstone:undead_killed":3,"minecraft:deaths":5,"minecraft:sneak_time":1283,"minecraft:walk_under_water_one_cm":1417,"minecraft:jump":598,"minecraft:walk_on_water_one_cm":3207,"minecraft:total_world_time":48813,"minecraft:fall_one_cm":18624},"minecraft:killed_by":{"minecraft:skeleton":2,"soulsweapons:draugr_boss":1},"minecraft:picked_up":{"minecraft:crafting_table":4,"minecraft:brown_mushroom":3,"minecraft:oak_log":31,"tombstone:grave_key":2,"minecraft:string":1,"minecraft:dirt":11,"minecraft:podzol":1,"minecraft:apple":2,"minecraft:beef":2,"minecraft:chest":5,"minecraft:oak_planks":6,"minecraft:furnace":1,"minecraft:stick":86,"minecraft:raw_iron":3,"minecraft:oak_door":1,"minecraft:sweet_berries":5,"minecraft:torch":3,"minecraft:spruce_sapling":127,"tombstone:grave_dust":3,"minecraft:white_bed":1,"minecraft:spruce_log":749,"minecraft:mossy_cobblestone":3,"minecraft:pumpkin_seeds":1,"minecraft:rotten_flesh":3,"samurai_dynasty:straw_hat":1,"minecraft:oak_sapling":10,"minecraft:coal":22,"minecraft:mutton":4,"minecraft:white_wool":3,"minecraft:cobblestone":11},"minecraft:mined":{"minecraft:podzol":3,"minecraft:brown_mushroom":3,"minecraft:white_bed":1,"minecraft:mossy_cobblestone":3,"minecraft:oak_door":1,"minecraft:crafting_table":4,"minecraft:torch":1,"minecraft:grass_block":1,"minecraft:chest":5,"minecraft:spruce_leaves":13,"minecraft:oak_planks":6,"minecraft:wall_torch":2,"minecraft:furnace":1,"minecraft:iron_ore":3,"minecraft:sweet_berry_bush":3,"minecraft:spruce_log":3,"treechop:chopped_log":17,"minecraft:coal_ore":22,"minecraft:gravel":2,"minecraft:dirt":9,"minecraft:cobweb":1,"minecraft:stone":11},"minecraft:crafted":{"minecraft:oak_door":3,"minecraft:oak_planks":124,"minecraft:crafting_table":2,"minecraft:spruce_planks":172,"minecraft:wooden_pickaxe":1,"minecraft:iron_sword":1,"minecraft:stone_axe":3,"minecraft:shield":1,"minecraft:stick":16,"minecraft:iron_ingot":3,"minecraft:stone_sword":1,"minecraft:stone_pickaxe":1,"minecraft:wooden_axe":1,"minecraft:white_bed":1,"minecraft:torch":84}},"DataVersion":3465}