{"stats":{"minecraft:dropped":{"tombstone:grave_key":3,"tombstone:grave_dust":1},"minecraft:killed_by":{"minecraft:skeleton":2,"soulsweapons:draugr_boss":1},"minecraft:custom":{"minecraft:interact_with_furnace":9,"minecraft:mob_kills":10,"minecraft:interact_with_crafting_table":32,"minecraft:leave_game":2,"minecraft:time_since_death":21435,"minecraft:sleep_in_bed":10,"minecraft:climb_one_cm":13444,"minecraft:time_since_rest":3706,"minecraft:sprint_one_cm":120168,"minecraft:damage_taken":2177,"minecraft:walk_one_cm":377466,"minecraft:damage_blocked_by_shield":75,"minecraft:drop":4,"minecraft:damage_dealt":1613,"minecraft:swim_one_cm":20340,"minecraft:open_chest":50,"minecraft:fly_one_cm":191196,"minecraft:crouch_one_cm":3851,"minecraft:play_time":92212,"tombstone:undead_killed":3,"minecraft:deaths":6,"minecraft:sneak_time":2260,"minecraft:walk_under_water_one_cm":2975,"minecraft:jump":1032,"minecraft:walk_on_water_one_cm":4294,"minecraft:total_world_time":92212,"minecraft:fall_one_cm":29913},"minecraft:killed":{"crittersandcompanions:dragonfly":1,"minecraft:sheep":3,"minecraft:zombie":3,"samurai_dynasty:kawauso":1,"minecraft:enderman":1,"minecraft:cow":1},"minecraft:picked_up":{"minecraft:crafting_table":4,"minecraft:coarse_dirt":1,"minecraft:brown_mushroom":4,"minecraft:oak_log":31,"tombstone:grave_key":2,"minecraft:dirt":65,"minecraft:string":2,"minecraft:podzol":1,"minecraft:apple":2,"minecraft:wheat_seeds":3,"minecraft:spruce_planks":46,"minecraft:beef":2,"minecraft:chest":5,"minecraft:oak_planks":8,"minecraft:furnace":1,"minecraft:stick":125,"minecraft:raw_iron":8,"minecraft:oak_door":1,"minecraft:sweet_berries":9,"minecraft:torch":6,"minecraft:spruce_sapling":197,"tombstone:grave_dust":3,"minecraft:white_bed":1,"minecraft:spruce_log":1050,"minecraft:dark_oak_log":2,"minecraft:mossy_cobblestone":53,"minecraft:pumpkin_seeds":1,"crittersandcompanions:dragonfly_wing":1,"minecraft:rotten_flesh":3,"samurai_dynasty:straw_hat":1,"minecraft:oak_sapling":10,"minecraft:deepslate_brick_stairs":9,"minecraft:mutton":4,"minecraft:coal":41,"minecraft:white_wool":3,"minecraft:cobblestone":117},"minecraft:crafted":{"minecraft:wooden_sword":1,"minecraft:oak_door":3,"minecraft:oak_planks":124,"minecraft:cobblestone_slab":24,"minecraft:crafting_table":3,"minecraft:spruce_planks":3270,"minecraft:wooden_pickaxe":2,"minecraft:iron_sword":1,"quark:spruce_ladder":12,"minecraft:stone_axe":6,"minecraft:shield":1,"minecraft:stick":44,"minecraft:iron_ingot":3,"minecraft:stone_pickaxe":4,"minecraft:wooden_axe":1,"minecraft:stone_sword":2,"minecraft:white_bed":1,"quark:spruce_chest":3,"minecraft:torch":84},"minecraft:mined":{"minecraft:podzol":17,"minecraft:spruce_planks":44,"minecraft:brown_mushroom":3,"minecraft:white_bed":1,"minecraft:mossy_cobblestone":54,"minecraft:oak_door":1,"minecraft:dark_oak_log":2,"minecraft:crafting_table":4,"minecraft:torch":3,"minecraft:grass_block":13,"minecraft:chest":5,"minecraft:dead_bush":1,"minecraft:tall_grass":3,"minecraft:spruce_leaves":26,"minecraft:oak_planks":8,"minecraft:wall_torch":2,"minecraft:large_fern":1,"minecraft:coarse_dirt":1,"minecraft:furnace":1,"minecraft:iron_ore":8,"minecraft:sweet_berry_bush":7,"minecraft:spruce_log":11,"treechop:chopped_log":31,"minecraft:grass":6,"minecraft:coal_ore":41,"minecraft:gravel":2,"minecraft:dirt":43,"minecraft:deepslate_brick_stairs":9,"minecraft:cobweb":1,"minecraft:stone":117,"minecraft:fern":6},"minecraft:broken":{"minecraft:stone_pickaxe":1,"minecraft:stone_axe":3,"minecraft:wooden_axe":1},"minecraft:used":{"minecraft:stone_sword":18,"minecraft:stone_pickaxe":186,"minecraft:oak_planks":66,"minecraft:chest":5,"minecraft:spruce_planks":30,"minecraft:wooden_pickaxe":53,"minecraft:shield":2,"minecraft:iron_sword":6,"minecraft:brown_mushroom":1,"minecraft:cobblestone_slab":10,"minecraft:oak_door":3,"minecraft:torch":64,"minecraft:mutton":4,"minecraft:crafting_table":5,"minecraft:white_bed":2,"minecraft:spruce_log":13,"minecraft:deepslate_brick_stairs":1,"minecraft:wooden_axe":50,"minecraft:apple":2,"quark:spruce_chest":3,"minecraft:stone_axe":434,"minecraft:wooden_sword":1,"minecraft:beef":2,"minecraft:oak_sapling":10,"minecraft:sweet_berries":10,"minecraft:furnace":1,"quark:spruce_ladder":8,"minecraft:podzol":1,"tombstone:gift":1,"minecraft:coarse_dirt":1}},"DataVersion":3465}