{"stats":{"minecraft:used":{"minecraft:stone_sword":131,"ancientcurses:lapidarist_table":3,"minecraft:spruce_planks":101,"minecraft:shield":30,"minecraft:iron_sword":250,"minecraft:rotten_flesh":10,"minecraft:torch":8,"minecraft:dirt":38,"minecraft:white_carpet":3,"minecraft:carrot":87,"minecraft:tuff":8,"minecraft:granite":10,"minecraft:stone_brick_stairs":3,"minecraft:stone_bricks":13,"minecraft:written_book":3,"minecraft:furnace":2,"tombstone:gift":7,"minecraft:cooked_beef":8,"minecraft:cobbled_deepslate":1,"minecraft:cooked_mutton":7,"minecraft:cobblestone_stairs":1,"minecraft:birch_planks":2,"minecraft:stone_pickaxe":169,"minecraft:polished_andesite":2,"minecraft:smooth_sandstone_slab":2,"minecraft:oak_planks":49,"minecraft:waxed_oxidized_cut_copper":7,"minecraft:wooden_pickaxe":15,"minecraft:deepslate_bricks":3,"minecraft:white_wool":1,"minecraft:salmon":1,"minecraft:mossy_cobblestone":1,"minecraft:crafting_table":10,"minecraft:white_bed":3,"quark:charcoal_block":21,"minecraft:diamond_pickaxe":39,"minecraft:string":1,"minecraft:apple":1,"tombstone:magic_scroll":1,"minecraft:iron_pickaxe":250,"tombstone:grave_key":7,"minecraft:bread":4,"minecraft:coal_block":23,"minecraft:stone_axe":77,"minecraft:diamond_sword":400,"minecraft:cobblestone":112,"minecraft:potion":2,"minecraft:andesite":4},"minecraft:dropped":{"minecraft:enchanted_book":3,"minecraft:iron_ingot":48,"minecraft:piston":1,"minecraft:brown_mushroom":9,"minecraft:oak_log":16,"minecraft:mossy_cobblestone":2,"minecraft:glass_bottle":3,"minecraft:cobblestone":9,"minecraft:saddle":1,"minecraft:copper_ingot":470,"minecraft:purple_dye":1,"minecraft:coal_block":38,"minecraft:leather_helmet":1,"minecraft:flint":27,"minecraft:stick":3,"minecraft:redstone_lamp":1,"minecraft:dirt":22,"tombstone:bag_of_seeds":1,"minecraft:iron_trapdoor":1,"minecraft:mutton":1,"tombstone:grave_dust":4,"minecraft:dead_bush":2,"minecraft:smooth_sandstone_slab":4,"minecraft:white_wool":1,"minecraft:spruce_sapling":5,"minecraft:raw_copper":18,"minecraft:rotten_flesh":42,"minecraft:iron_boots":2,"minecraft:name_tag":1,"minecraft:flower_pot":1,"minecraft:bundle":2,"minecraft:spruce_planks":12,"minecraft:charcoal":1,"ancientcurses:golden_amulet":1,"minecraft:oak_sapling":13,"minecraft:stone_bricks":3,"ancientcurses:polished_sapphire":1,"minecraft:spruce_slab":10,"minecraft:beef":8,"minecraft:stone_pickaxe":1,"minecraft:wooden_pickaxe":1,"minecraft:stone_brick_stairs":2},"minecraft:broken":{"minecraft:stone_sword":1,"minecraft:stone_pickaxe":1,"minecraft:shield":1,"minecraft:stone_axe":1,"minecraft:iron_sword":1,"minecraft:iron_pickaxe":1,"minecraft:iron_helmet":1},"minecraft:killed":{"soulsweapons:night_shade":3,"minecraft:spider":5,"minecraft:vindicator":1,"minecraft:horse":2,"minecraft:skeleton":6,"minecraft:sheep":4,"minecraft:zombie":88,"minecraft:cow":19},"minecraft:custom":{"minecraft:mob_kills":129,"minecraft:interact_with_crafting_table":46,"minecraft:open_barrel":137,"minecraft:damage_dealt_resisted":14,"minecraft:leave_game":4,"minecraft:time_since_death":31856,"minecraft:climb_one_cm":14621,"minecraft:sprint_one_cm":806049,"minecraft:walk_one_cm":376879,"minecraft:damage_blocked_by_shield":1200,"minecraft:drop":122,"minecraft:play_noteblock":1,"minecraft:damage_dealt_absorbed":80,"minecraft:play_time":231818,"minecraft:deaths":23,"minecraft:sneak_time":15417,"minecraft:walk_under_water_one_cm":1281,"minecraft:interact_with_lectern":2,"minecraft:jump":3516,"minecraft:walk_on_water_one_cm":5675,"minecraft:total_world_time":231818,"minecraft:interact_with_furnace":15,"minecraft:sleep_in_bed":2,"minecraft:time_since_rest":28908,"minecraft:damage_taken":9170,"minecraft:damage_dealt":27518,"tombstone:cast_on_ally":0,"minecraft:player_kills":1,"minecraft:swim_one_cm":10963,"minecraft:fly_one_cm":670878,"minecraft:open_chest":75,"minecraft:crouch_one_cm":39587,"tombstone:undead_killed":94,"minecraft:fall_one_cm":140135},"minecraft:killed_by":{"soulsweapons:night_shade":12,"minecraft:zombie":7},"minecraft:picked_up":{"minecraft:fishing_rod":1,"minecraft:charcoal":12,"minecraft:waxed_oxidized_cut_copper":7,"minecraft:wheat":4,"minecraft:iron_trapdoor":1,"minecraft:flower_pot":2,"minecraft:redstone_lamp":2,"minecraft:brown_mushroom":11,"minecraft:gold_block":1,"soulsweapons:moonstone":3,"minecraft:cooked_rabbit":8,"minecraft:potion":1,"minecraft:enchanted_book":1,"minecraft:stone_brick_stairs":5,"ancientcurses:golden_amulet":1,"ancientcurses:polished_emerald":1,"samurai_dynasty:komainu_statue":1,"minecraft:cornflower":1,"minecraft:string":5,"minecraft:raw_copper":59,"soulsweapons:soul_lamp":7,"minecraft:white_carpet":5,"minecraft:deepslate_tiles":3,"minecraft:cobbled_deepslate":13,"minecraft:spruce_planks":29,"minecraft:beef":37,"samurai_dynasty:raw_silver":1,"minecraft:sugar_cane":5,"samurai_dynasty:onyx":10,"minecraft:poppy":1,"minecraft:spruce_slab":5,"soulsweapons:soulfire_stain":1,"minecraft:coal_block":2,"minecraft:chest":1,"minecraft:birch_sapling":1,"minecraft:piston":1,"minecraft:iron_boots":2,"minecraft:furnace":4,"minecraft:raw_iron":21,"minecraft:stick":9,"minecraft:raw_gold_block":25,"ancientcurses:lapidarist_table":3,"minecraft:copper_ingot":470,"minecraft:torch":4,"tombstone:grave_dust":11,"minecraft:carrot":71,"minecraft:redstone":1,"minecraft:deepslate_tile_stairs":1,"minecraft:cauldron":2,"minecraft:smooth_sandstone_slab":6,"minecraft:arrow":37,"minecraft:rotten_flesh":81,"minecraft:deepslate_bricks":3,"soulsweapons:draugr":1,"tombstone:essence_of_undeath":1,"minecraft:totem_of_undying":1,"minecraft:mutton":6,"minecraft:iron_bars":2,"minecraft:white_wool":3,"minecraft:cobblestone":157,"minecraft:birch_log":2,"minecraft:magma_cream":3,"minecraft:salmon":1,"minecraft:andesite":22,"minecraft:leather":23,"samurai_dynasty:jade":4,"minecraft:flint":27,"minecraft:tuff":8,"minecraft:oak_log":37,"minecraft:gunpowder":21,"minecraft:cobblestone_stairs":1,"minecraft:dirt":69,"minecraft:polished_granite":1,"minecraft:cooked_mutton":7,"minecraft:bone":4,"minecraft:apple":1,"minecraft:stone_bricks":18,"minecraft:stonecutter":1,"minecraft:bow":2,"minecraft:wheat_seeds":1,"minecraft:iron_ingot":24,"tombstone:bag_of_seeds":2,"minecraft:glass_bottle":1,"minecraft:iron_sword":1,"minecraft:oak_planks":7,"ancientcurses:sconced_cursed_torch":1,"samurai_dynasty:tanuki_statue":1,"minecraft:sweet_berries":5,"minecraft:yellow_concrete":1,"ancientcurses:polished_sapphire":2,"minecraft:spruce_sapling":5,"minecraft:dead_bush":2,"minecraft:white_bed":1,"minecraft:spruce_log":7,"minecraft:mossy_cobblestone":4,"minecraft:leather_helmet":1,"minecraft:bundle":1,"minecraft:polished_andesite":2,"minecraft:diamond":3,"minecraft:black_concrete":1,"waystones:waystone":1,"minecraft:granite":15,"soulsweapons:moonstone_block":1,"soulsweapons:verglas":5,"minecraft:emerald":6,"tombstone:magic_scroll":2,"minecraft:oak_sapling":21,"minecraft:coal":66},"minecraft:mined":{"samurai_dynasty:komainu_statue":1,"minecraft:deepslate_tiles":3,"minecraft:diamond_ore":1,"minecraft:tuff":8,"minecraft:white_bed":1,"minecraft:spruce_planks":14,"minecraft:mossy_cobblestone":4,"minecraft:deepslate_diamond_ore":1,"ancientcurses:sconced_wall_cursed_torch":1,"minecraft:cobblestone_stairs":1,"ancientcurses:lapidarist_table":3,"minecraft:potted_dead_bush":1,"minecraft:ladder":3,"minecraft:granite":15,"minecraft:grass_block":14,"minecraft:jungle_planks":2,"samurai_dynasty:onyx_ore":10,"minecraft:white_stained_glass":1,"soulsweapons:moonstone_block":1,"minecraft:deepslate_bricks":3,"minecraft:polished_andesite_slab":1,"minecraft:spruce_leaves":12,"minecraft:deepslate_tile_stairs":1,"minecraft:spawner":25,"minecraft:large_fern":1,"soulsweapons:soulfire_stain":3,"minecraft:waxed_oxidized_cut_copper":7,"minecraft:furnace":5,"minecraft:mossy_cobblestone_stairs":1,"minecraft:raw_gold_block":24,"minecraft:iron_ore":20,"minecraft:cobbled_deepslate":2,"samurai_dynasty:tanuki_statue":1,"minecraft:andesite":23,"minecraft:green_terracotta":4,"minecraft:black_concrete":2,"treechop:chopped_log":4,"minecraft:gold_block":1,"soulsweapons:moonstone_ore_deepslate":3,"minecraft:water_cauldron":2,"minecraft:iron_bars":3,"minecraft:stone":154,"minecraft:tripwire":1,"minecraft:podzol":5,"soulsweapons:verglas_ore_deepslate":1,"minecraft:polished_granite":1,"minecraft:cornflower":1,"minecraft:torch":1,"minecraft:emerald_ore":2,"minecraft:poppy":1,"minecraft:polished_andesite_stairs":1,"minecraft:copper_ore":13,"minecraft:tall_grass":4,"minecraft:cobblestone":9,"minecraft:sugar_cane":3,"minecraft:oak_planks":7,"minecraft:smooth_sandstone_slab":3,"minecraft:wall_torch":3,"minecraft:birch_planks":2,"minecraft:coarse_dirt":1,"soulsweapons:soul_lamp":8,"minecraft:purple_stained_glass":2,"minecraft:birch_log":2,"minecraft:sweet_berry_bush":2,"samurai_dynasty:deepslate_jade_ore":4,"minecraft:spruce_log":1,"minecraft:white_carpet":5,"minecraft:stone_brick_stairs":4,"samurai_dynasty:silver_ore":1,"minecraft:grass":3,"minecraft:coal_ore":35,"minecraft:dirt":33,"minecraft:yellow_concrete":8,"minecraft:cobweb":1,"minecraft:stonecutter":1,"minecraft:stone_bricks":18,"minecraft:polished_andesite":2,"minecraft:oak_leaves":3,"minecraft:deepslate":11,"minecraft:iron_trapdoor":1,"minecraft:redstone_lamp":1,"minecraft:fern":1,"soulsweapons:verglas_ore":4},"minecraft:crafted":{"minecraft:oak_planks":84,"soulsweapons:moonstone":9,"minecraft:furnace":2,"ancientcurses:lapidarist_table":1,"minecraft:spruce_slab":6,"minecraft:stone_pickaxe":2,"minecraft:chest":1,"quark:gunpowder_sack":13,"minecraft:purple_carpet":1,"sophisticatedbackpacks:iron_backpack":1,"minecraft:cooked_beef":8,"minecraft:coal_block":49,"minecraft:red_dye":1,"minecraft:diamond_sword":1,"sophisticatedbackpacks:backpack":1,"minecraft:crafting_table":10,"minecraft:spruce_planks":28,"minecraft:wooden_pickaxe":1,"minecraft:copper_ingot":48,"sophisticatedbackpacks:gold_backpack":1,"minecraft:gold_block":19,"minecraft:birch_planks":8,"minecraft:stone_axe":1,"minecraft:air":0,"minecraft:blue_dye":1,"minecraft:diamond_pickaxe":1,"minecraft:white_wool":5,"minecraft:iron_chestplate":1,"minecraft:purple_dye":2,"minecraft:gold_nugget":18,"minecraft:shield":1,"sophisticatedbackpacks:diamond_backpack":1,"minecraft:stick":12,"quark:oak_chest":1,"ancientcurses:golden_amulet":1,"minecraft:iron_ingot":6,"minecraft:iron_pickaxe":1,"minecraft:iron_block":60,"minecraft:stone_sword":1,"minecraft:iron_leggings":1,"minecraft:gold_ingot":1,"minecraft:white_bed":2,"quark:charcoal_block":24,"minecraft:torch":4}},"DataVersion":3465}