{"stats":{"minecraft:used":{"minecraft:stone_sword":131,"ancientcurses:lapidarist_table":2,"minecraft:spruce_planks":101,"minecraft:shield":30,"minecraft:iron_sword":250,"minecraft:rotten_flesh":10,"minecraft:torch":8,"minecraft:dirt":37,"minecraft:white_carpet":3,"minecraft:carrot":87,"minecraft:tuff":8,"minecraft:granite":10,"minecraft:stone_bricks":13,"minecraft:stone_brick_stairs":2,"minecraft:written_book":3,"minecraft:furnace":2,"tombstone:gift":7,"minecraft:cooked_beef":8,"minecraft:cooked_mutton":1,"minecraft:cobblestone_stairs":1,"minecraft:birch_planks":2,"minecraft:stone_pickaxe":169,"minecraft:polished_andesite":2,"minecraft:smooth_sandstone_slab":2,"minecraft:oak_planks":49,"minecraft:waxed_oxidized_cut_copper":7,"minecraft:wooden_pickaxe":15,"minecraft:salmon":1,"minecraft:white_wool":1,"minecraft:mossy_cobblestone":1,"minecraft:crafting_table":9,"minecraft:white_bed":3,"quark:charcoal_block":21,"minecraft:apple":1,"tombstone:magic_scroll":1,"minecraft:string":1,"minecraft:iron_pickaxe":247,"tombstone:grave_key":7,"minecraft:bread":4,"minecraft:coal_block":23,"minecraft:stone_axe":77,"minecraft:diamond_sword":372,"minecraft:cobblestone":112,"minecraft:potion":2,"minecraft:andesite":4},"minecraft:dropped":{"minecraft:enchanted_book":3,"minecraft:iron_ingot":48,"minecraft:piston":1,"minecraft:brown_mushroom":1,"minecraft:oak_log":16,"minecraft:mossy_cobblestone":2,"minecraft:glass_bottle":3,"minecraft:cobblestone":9,"minecraft:saddle":1,"minecraft:copper_ingot":470,"minecraft:purple_dye":1,"minecraft:coal_block":38,"minecraft:leather_helmet":1,"minecraft:flint":27,"minecraft:stick":3,"minecraft:redstone_lamp":1,"minecraft:dirt":22,"tombstone:bag_of_seeds":1,"minecraft:iron_trapdoor":1,"minecraft:mutton":1,"tombstone:grave_dust":4,"minecraft:dead_bush":2,"minecraft:smooth_sandstone_slab":4,"minecraft:white_wool":1,"minecraft:spruce_sapling":5,"minecraft:raw_copper":18,"minecraft:rotten_flesh":24,"minecraft:iron_boots":2,"minecraft:name_tag":1,"minecraft:flower_pot":1,"minecraft:spruce_planks":12,"minecraft:bundle":2,"minecraft:charcoal":1,"ancientcurses:golden_amulet":1,"minecraft:oak_sapling":13,"minecraft:stone_bricks":3,"ancientcurses:polished_sapphire":1,"minecraft:spruce_slab":10,"minecraft:stone_pickaxe":1,"minecraft:wooden_pickaxe":1,"minecraft:stone_brick_stairs":2},"minecraft:broken":{"minecraft:stone_sword":1,"minecraft:stone_pickaxe":1,"minecraft:shield":1,"minecraft:stone_axe":1,"minecraft:iron_sword":1,"minecraft:iron_helmet":1},"minecraft:killed":{"soulsweapons:night_shade":3,"minecraft:spider":5,"minecraft:vindicator":1,"minecraft:skeleton":5,"minecraft:horse":2,"minecraft:sheep":4,"minecraft:zombie":85,"minecraft:cow":11},"minecraft:custom":{"minecraft:mob_kills":117,"minecraft:interact_with_crafting_table":45,"minecraft:open_barrel":137,"minecraft:damage_dealt_resisted":14,"minecraft:leave_game":3,"minecraft:time_since_death":2605,"minecraft:climb_one_cm":14200,"minecraft:sprint_one_cm":717146,"minecraft:walk_one_cm":342297,"minecraft:damage_blocked_by_shield":1200,"minecraft:drop":118,"minecraft:play_noteblock":1,"minecraft:damage_dealt_absorbed":80,"minecraft:play_time":202567,"minecraft:deaths":23,"minecraft:sneak_time":14781,"minecraft:walk_under_water_one_cm":962,"minecraft:interact_with_lectern":2,"minecraft:jump":2908,"minecraft:walk_on_water_one_cm":2649,"minecraft:total_world_time":202567,"minecraft:interact_with_furnace":15,"minecraft:sleep_in_bed":1,"minecraft:time_since_rest":205,"minecraft:damage_taken":8778,"minecraft:damage_dealt":25918,"tombstone:cast_on_ally":0,"minecraft:player_kills":1,"minecraft:swim_one_cm":4413,"minecraft:fly_one_cm":529119,"minecraft:open_chest":67,"minecraft:crouch_one_cm":38398,"tombstone:undead_killed":90,"minecraft:fall_one_cm":115328},"minecraft:killed_by":{"soulsweapons:night_shade":12,"minecraft:zombie":7},"minecraft:mined":{"minecraft:deepslate_tiles":3,"minecraft:diamond_ore":1,"minecraft:tuff":8,"minecraft:white_bed":1,"minecraft:spruce_planks":14,"minecraft:mossy_cobblestone":4,"minecraft:deepslate_diamond_ore":1,"ancientcurses:sconced_wall_cursed_torch":1,"minecraft:cobblestone_stairs":1,"ancientcurses:lapidarist_table":2,"minecraft:potted_dead_bush":1,"minecraft:ladder":3,"minecraft:granite":15,"minecraft:grass_block":13,"minecraft:jungle_planks":2,"samurai_dynasty:onyx_ore":10,"minecraft:white_stained_glass":1,"soulsweapons:moonstone_block":1,"minecraft:deepslate_bricks":3,"minecraft:deepslate_tile_stairs":1,"minecraft:polished_andesite_slab":1,"minecraft:spruce_leaves":12,"minecraft:spawner":24,"minecraft:large_fern":1,"soulsweapons:soulfire_stain":3,"minecraft:waxed_oxidized_cut_copper":7,"minecraft:furnace":3,"minecraft:mossy_cobblestone_stairs":1,"minecraft:iron_ore":17,"minecraft:andesite":23,"minecraft:green_terracotta":4,"minecraft:black_concrete":2,"treechop:chopped_log":4,"soulsweapons:moonstone_ore_deepslate":3,"minecraft:iron_bars":3,"minecraft:stone":154,"minecraft:tripwire":1,"minecraft:podzol":5,"soulsweapons:verglas_ore_deepslate":1,"minecraft:polished_granite":1,"minecraft:cornflower":1,"minecraft:torch":1,"minecraft:emerald_ore":2,"minecraft:poppy":1,"minecraft:polished_andesite_stairs":1,"minecraft:copper_ore":13,"minecraft:tall_grass":4,"minecraft:cobblestone":9,"minecraft:oak_planks":7,"minecraft:smooth_sandstone_slab":3,"minecraft:wall_torch":3,"minecraft:birch_planks":2,"minecraft:coarse_dirt":1,"minecraft:purple_stained_glass":2,"soulsweapons:soul_lamp":8,"minecraft:birch_log":1,"minecraft:sweet_berry_bush":2,"samurai_dynasty:deepslate_jade_ore":4,"minecraft:spruce_log":1,"minecraft:white_carpet":4,"minecraft:stone_brick_stairs":3,"samurai_dynasty:silver_ore":1,"minecraft:grass":2,"minecraft:coal_ore":35,"minecraft:dirt":31,"minecraft:yellow_concrete":8,"minecraft:cobweb":1,"minecraft:stone_bricks":17,"minecraft:polished_andesite":2,"minecraft:deepslate":10,"minecraft:iron_trapdoor":1,"minecraft:redstone_lamp":1,"minecraft:fern":1,"soulsweapons:verglas_ore":4},"minecraft:picked_up":{"minecraft:fishing_rod":1,"minecraft:charcoal":12,"minecraft:waxed_oxidized_cut_copper":7,"minecraft:wheat":4,"minecraft:iron_trapdoor":1,"minecraft:flower_pot":2,"minecraft:redstone_lamp":2,"minecraft:brown_mushroom":1,"soulsweapons:moonstone":3,"minecraft:potion":1,"minecraft:enchanted_book":1,"minecraft:stone_brick_stairs":4,"ancientcurses:golden_amulet":1,"soulsweapons:soul_lamp":7,"minecraft:cornflower":1,"minecraft:string":5,"minecraft:raw_copper":59,"minecraft:white_carpet":4,"minecraft:deepslate_tiles":2,"minecraft:cobbled_deepslate":10,"minecraft:spruce_planks":29,"minecraft:beef":16,"samurai_dynasty:raw_silver":1,"samurai_dynasty:onyx":10,"soulsweapons:soulfire_stain":1,"minecraft:poppy":1,"minecraft:spruce_slab":5,"minecraft:coal_block":2,"minecraft:chest":1,"minecraft:birch_sapling":1,"minecraft:piston":1,"minecraft:iron_boots":2,"minecraft:furnace":2,"minecraft:stick":9,"minecraft:raw_iron":18,"minecraft:raw_gold_block":1,"ancientcurses:lapidarist_table":2,"minecraft:copper_ingot":470,"minecraft:torch":4,"tombstone:grave_dust":11,"minecraft:carrot":71,"minecraft:redstone":1,"minecraft:deepslate_tile_stairs":1,"minecraft:smooth_sandstone_slab":6,"minecraft:arrow":7,"minecraft:rotten_flesh":59,"minecraft:deepslate_bricks":3,"soulsweapons:draugr":1,"tombstone:essence_of_undeath":1,"minecraft:totem_of_undying":1,"minecraft:mutton":6,"minecraft:iron_bars":2,"minecraft:white_wool":3,"minecraft:cobblestone":157,"minecraft:birch_log":1,"minecraft:magma_cream":3,"minecraft:salmon":1,"minecraft:andesite":22,"minecraft:leather":11,"samurai_dynasty:jade":4,"minecraft:flint":27,"minecraft:tuff":8,"minecraft:oak_log":37,"minecraft:cobblestone_stairs":1,"minecraft:gunpowder":21,"minecraft:dirt":66,"minecraft:polished_granite":1,"minecraft:cooked_mutton":1,"minecraft:bone":4,"minecraft:apple":1,"minecraft:stone_bricks":17,"minecraft:iron_ingot":24,"tombstone:bag_of_seeds":2,"minecraft:glass_bottle":1,"minecraft:iron_sword":1,"minecraft:oak_planks":7,"ancientcurses:sconced_cursed_torch":1,"minecraft:sweet_berries":5,"minecraft:yellow_concrete":1,"ancientcurses:polished_sapphire":2,"minecraft:spruce_sapling":5,"minecraft:dead_bush":2,"minecraft:white_bed":1,"minecraft:spruce_log":7,"minecraft:mossy_cobblestone":4,"minecraft:leather_helmet":1,"minecraft:bundle":1,"minecraft:polished_andesite":2,"minecraft:diamond":3,"minecraft:black_concrete":1,"minecraft:granite":15,"soulsweapons:moonstone_block":1,"soulsweapons:verglas":5,"minecraft:emerald":6,"tombstone:magic_scroll":2,"minecraft:oak_sapling":21,"minecraft:coal":66},"minecraft:crafted":{"minecraft:oak_planks":84,"minecraft:furnace":2,"ancientcurses:lapidarist_table":1,"minecraft:spruce_slab":6,"minecraft:stone_pickaxe":2,"minecraft:chest":1,"quark:gunpowder_sack":13,"minecraft:purple_carpet":1,"sophisticatedbackpacks:iron_backpack":1,"minecraft:cooked_beef":8,"minecraft:coal_block":49,"minecraft:red_dye":1,"minecraft:diamond_sword":1,"sophisticatedbackpacks:backpack":1,"minecraft:crafting_table":9,"minecraft:spruce_planks":28,"minecraft:wooden_pickaxe":1,"minecraft:copper_ingot":48,"sophisticatedbackpacks:gold_backpack":1,"minecraft:gold_block":19,"minecraft:birch_planks":4,"minecraft:stone_axe":1,"minecraft:air":0,"minecraft:blue_dye":1,"minecraft:white_wool":5,"minecraft:iron_chestplate":1,"minecraft:shield":1,"minecraft:purple_dye":2,"minecraft:gold_nugget":18,"sophisticatedbackpacks:diamond_backpack":1,"minecraft:stick":12,"quark:oak_chest":1,"ancientcurses:golden_amulet":1,"minecraft:iron_ingot":6,"minecraft:iron_pickaxe":1,"minecraft:iron_block":60,"minecraft:stone_sword":1,"minecraft:iron_leggings":1,"minecraft:gold_ingot":1,"minecraft:white_bed":2,"quark:charcoal_block":24,"minecraft:torch":4}},"DataVersion":3465}