{"stats":{"minecraft:used":{"minecraft:chest":29,"minecraft:shield":30,"minecraft:stone":50,"minecraft:iron_sword":250,"minecraft:rotten_flesh":13,"minecraft:carrot":87,"minecraft:tuff":8,"minecraft:stone_brick_stairs":3,"minecraft:stone_bricks":13,"minecraft:written_book":3,"minecraft:furnace":5,"ancientcurses:sconced_cursed_torch":1,"minecraft:stone_pickaxe":169,"minecraft:oak_planks":49,"minecraft:wooden_pickaxe":15,"minecraft:white_wool":1,"quark:charcoal_block":21,"minecraft:bread":4,"minecraft:string":1,"tombstone:grave_key":8,"minecraft:diamond_sword":450,"minecraft:coal_block":23,"minecraft:andesite":4,"minecraft:stone_sword":131,"ancientcurses:lapidarist_table":4,"minecraft:spruce_planks":101,"minecraft:torch":20,"minecraft:dirt":46,"minecraft:white_carpet":3,"minecraft:granite":10,"minecraft:iron_axe":50,"tombstone:gift":7,"minecraft:cooked_beef":8,"minecraft:cobbled_deepslate":1,"quark:blossom_log":1,"minecraft:cooked_mutton":14,"minecraft:cobblestone_stairs":1,"minecraft:birch_planks":2,"quark:cobblestone_bricks":127,"minecraft:polished_andesite":2,"minecraft:waxed_oxidized_cut_copper":7,"minecraft:smooth_sandstone_slab":2,"minecraft:deepslate_bricks":3,"minecraft:salmon":1,"minecraft:mossy_cobblestone":1,"minecraft:crafting_table":13,"minecraft:white_bed":3,"minecraft:diamond_pickaxe":1143,"minecraft:apple":1,"minecraft:iron_pickaxe":334,"tombstone:magic_scroll":1,"minecraft:stone_axe":77,"minecraft:cobblestone":248,"minecraft:potion":2},"minecraft:dropped":{"minecraft:piston":1,"minecraft:brown_mushroom":13,"minecraft:oak_log":16,"minecraft:glass_bottle":3,"minecraft:saddle":1,"minecraft:leather_helmet":1,"minecraft:flint":27,"minecraft:deepslate_tile_stairs":7,"minecraft:redstone_lamp":1,"minecraft:dirt":22,"tombstone:bag_of_seeds":1,"minecraft:mutton":1,"minecraft:sugar":40,"minecraft:white_wool":1,"minecraft:rotten_flesh":63,"samurai_dynasty:komainu_statue":5,"minecraft:deepslate_tiles":18,"minecraft:charcoal":1,"ancientcurses:golden_amulet":5,"minecraft:spruce_slab":10,"minecraft:arrow":180,"minecraft:beef":8,"minecraft:stone_brick_stairs":2,"minecraft:enchanted_book":3,"minecraft:iron_ingot":48,"minecraft:wheat_seeds":3,"minecraft:mossy_cobblestone":2,"minecraft:yellow_concrete":1,"minecraft:cobblestone":201,"minecraft:copper_ingot":470,"minecraft:purple_dye":1,"minecraft:coal_block":38,"minecraft:stick":8,"minecraft:iron_trapdoor":1,"tombstone:grave_dust":4,"minecraft:dead_bush":2,"minecraft:smooth_sandstone_slab":4,"minecraft:spruce_sapling":5,"minecraft:raw_copper":18,"minecraft:white_carpet":5,"minecraft:iron_boots":2,"minecraft:name_tag":1,"samurai_dynasty:tanuki_statue":4,"minecraft:stone":81,"minecraft:flower_pot":1,"minecraft:bundle":2,"minecraft:spruce_planks":12,"minecraft:oak_sapling":13,"minecraft:stone_bricks":15,"ancientcurses:polished_sapphire":1,"minecraft:bow":1,"minecraft:stone_pickaxe":1,"minecraft:wooden_pickaxe":1},"minecraft:broken":{"minecraft:stone_pickaxe":1,"minecraft:stone_axe":1,"minecraft:iron_sword":1,"minecraft:stone_sword":1,"minecraft:shield":1,"minecraft:iron_pickaxe":1,"minecraft:iron_helmet":1},"minecraft:custom":{"minecraft:interact_with_crafting_table":53,"minecraft:open_barrel":137,"minecraft:leave_game":5,"minecraft:time_since_death":55651,"minecraft:sprint_one_cm":906935,"minecraft:damage_blocked_by_shield":1200,"minecraft:drop":219,"minecraft:play_noteblock":1,"minecraft:talked_to_villager":3,"minecraft:play_time":292157,"minecraft:deaths":24,"minecraft:jump":4198,"minecraft:walk_on_water_one_cm":13828,"minecraft:interact_with_furnace":15,"minecraft:sleep_in_bed":2,"minecraft:damage_dealt":30292,"minecraft:player_kills":1,"minecraft:crouch_one_cm":49058,"tombstone:undead_killed":98,"minecraft:mob_kills":147,"minecraft:damage_dealt_resisted":14,"minecraft:climb_one_cm":14621,"minecraft:walk_one_cm":521631,"minecraft:damage_dealt_absorbed":80,"minecraft:sneak_time":17802,"minecraft:walk_under_water_one_cm":7549,"minecraft:interact_with_lectern":2,"minecraft:total_world_time":292157,"minecraft:time_since_rest":55319,"minecraft:damage_taken":9752,"tombstone:cast_on_ally":0,"minecraft:swim_one_cm":44791,"minecraft:fly_one_cm":774044,"minecraft:open_chest":128,"minecraft:fall_one_cm":159709},"minecraft:killed":{"soulsweapons:night_shade":3,"minecraft:spider":6,"minecraft:skeleton":6,"minecraft:pig":1,"minecraft:salmon":1,"minecraft:sheep":4,"minecraft:trader_llama":2,"minecraft:zombie":92,"crittersandcompanions:koi_fish":6,"minecraft:cow":20,"minecraft:endermite":1,"minecraft:vindicator":1,"minecraft:horse":2,"minecraft:wandering_trader":1},"minecraft:killed_by":{"minecraft:creeper":1,"minecraft:zombie":7,"soulsweapons:night_shade":12},"minecraft:mined":{"minecraft:spruce_planks":14,"minecraft:white_bed":1,"samurai_dynasty:komainu_statue":1,"minecraft:cobblestone_stairs":1,"minecraft:potted_dead_bush":1,"ancientcurses:lapidarist_table":3,"minecraft:granite":15,"minecraft:grass_block":18,"minecraft:deepslate_bricks":3,"minecraft:deepslate_tile_stairs":1,"minecraft:spawner":25,"soulsweapons:soulfire_stain":3,"minecraft:mossy_cobblestone_stairs":1,"minecraft:iron_ore":20,"minecraft:cobbled_deepslate":2,"minecraft:water_cauldron":2,"minecraft:iron_bars":3,"minecraft:tripwire":1,"soulsweapons:verglas_ore_deepslate":1,"quark:cobblestone_bricks":24,"minecraft:torch":1,"minecraft:poppy":1,"minecraft:polished_andesite_stairs":1,"minecraft:chest":6,"quark:blossom_log":1,"minecraft:cobblestone":46,"minecraft:sugar_cane":7,"minecraft:oak_planks":7,"minecraft:smooth_sandstone_slab":3,"minecraft:wall_torch":3,"minecraft:birch_log":2,"samurai_dynasty:deepslate_jade_ore":4,"samurai_dynasty:silver_ore":1,"minecraft:stone_brick_stairs":4,"minecraft:grass":8,"minecraft:oak_log":2,"minecraft:dirt":37,"minecraft:stonecutter":1,"minecraft:oak_leaves":3,"minecraft:deepslate":11,"minecraft:redstone_lamp":1,"soulsweapons:verglas_ore":4,"minecraft:deepslate_tiles":3,"minecraft:diamond_ore":1,"minecraft:tuff":8,"minecraft:mossy_cobblestone":4,"minecraft:deepslate_diamond_ore":1,"ancientcurses:sconced_wall_cursed_torch":1,"minecraft:ladder":3,"minecraft:jungle_planks":2,"samurai_dynasty:onyx_ore":10,"minecraft:white_stained_glass":1,"soulsweapons:moonstone_block":1,"minecraft:polished_andesite_slab":1,"minecraft:spruce_leaves":12,"minecraft:large_fern":1,"minecraft:waxed_oxidized_cut_copper":7,"minecraft:furnace":5,"minecraft:raw_gold_block":24,"minecraft:green_terracotta":4,"minecraft:andesite":23,"minecraft:black_concrete":2,"treechop:chopped_log":6,"samurai_dynasty:tanuki_statue":1,"minecraft:gold_block":1,"soulsweapons:moonstone_ore_deepslate":3,"minecraft:stone":1264,"minecraft:podzol":5,"minecraft:polished_granite":1,"minecraft:crafting_table":2,"minecraft:cornflower":1,"minecraft:emerald_ore":2,"minecraft:tall_grass":4,"minecraft:copper_ore":13,"minecraft:birch_planks":2,"minecraft:coarse_dirt":1,"soulsweapons:soul_lamp":8,"minecraft:purple_stained_glass":2,"minecraft:sweet_berry_bush":2,"minecraft:white_carpet":5,"minecraft:spruce_log":1,"minecraft:coal_ore":50,"minecraft:gravel":40,"minecraft:yellow_concrete":8,"minecraft:cobweb":1,"minecraft:polished_andesite":2,"minecraft:stone_bricks":18,"minecraft:iron_trapdoor":1,"minecraft:fern":1},"minecraft:picked_up":{"minecraft:wheat":4,"minecraft:iron_trapdoor":1,"minecraft:flower_pot":2,"minecraft:lead":2,"soulsweapons:moonstone":3,"minecraft:potion":1,"minecraft:enchanted_book":1,"minecraft:stone_brick_stairs":5,"ancientcurses:polished_emerald":1,"minecraft:raw_copper":59,"minecraft:string":6,"minecraft:deepslate_tiles":18,"minecraft:cobbled_deepslate":13,"minecraft:spruce_planks":29,"samurai_dynasty:raw_silver":1,"crittersandcompanions:koi_fish":6,"samurai_dynasty:onyx":10,"minecraft:iron_pickaxe":2,"soulsweapons:soulfire_stain":1,"minecraft:coal_block":2,"minecraft:furnace":4,"minecraft:iron_boots":2,"minecraft:stick":24,"minecraft:torch":6,"quark:blossom_log":64,"minecraft:porkchop":1,"tombstone:grave_dust":11,"minecraft:deepslate_tile_stairs":8,"minecraft:cauldron":2,"minecraft:rotten_flesh":102,"minecraft:iron_bars":2,"minecraft:cobblestone":1268,"minecraft:birch_log":2,"minecraft:magma_cream":3,"minecraft:andesite":22,"minecraft:flint":32,"minecraft:tuff":8,"minecraft:dirt":76,"minecraft:polished_granite":1,"minecraft:bone":4,"minecraft:stonecutter":1,"minecraft:bow":3,"minecraft:wheat_seeds":3,"minecraft:oak_planks":7,"samurai_dynasty:tanuki_statue":5,"minecraft:cooked_porkchop":16,"ancientcurses:polished_sapphire":2,"ancientcurses:broken_emerald":1,"minecraft:dead_bush":2,"minecraft:mossy_cobblestone":4,"minecraft:bundle":1,"minecraft:polished_andesite":2,"minecraft:sugar":1,"minecraft:diamond":3,"minecraft:black_concrete":1,"waystones:waystone":2,"minecraft:granite":15,"soulsweapons:moonstone_block":1,"soulsweapons:verglas":5,"minecraft:emerald":6,"minecraft:oak_sapling":43,"minecraft:crafting_table":2,"minecraft:fishing_rod":1,"minecraft:charcoal":12,"minecraft:waxed_oxidized_cut_copper":7,"minecraft:redstone_lamp":2,"minecraft:brown_mushroom":15,"minecraft:cooked_rabbit":8,"minecraft:gold_block":1,"ancientcurses:golden_amulet":5,"minecraft:cornflower":1,"ancientcurses:polished_ruby":1,"samurai_dynasty:komainu_statue":6,"soulsweapons:soul_lamp":7,"minecraft:white_carpet":9,"minecraft:beef":39,"minecraft:poppy":1,"minecraft:spruce_slab":5,"minecraft:birch_sapling":1,"quark:yellow_blossom_sapling":3,"minecraft:sugar_cane":12,"minecraft:chest":7,"minecraft:piston":1,"minecraft:raw_iron":21,"minecraft:stone":145,"minecraft:raw_gold_block":25,"ancientcurses:lapidarist_table":3,"minecraft:copper_ingot":470,"minecraft:cookie":9,"minecraft:carrot":71,"minecraft:redstone":1,"minecraft:smooth_sandstone_slab":6,"minecraft:arrow":217,"minecraft:deepslate_bricks":3,"soulsweapons:draugr":1,"minecraft:totem_of_undying":1,"tombstone:essence_of_undeath":1,"minecraft:gold_ingot":3,"minecraft:mutton":6,"minecraft:white_wool":3,"minecraft:salmon":2,"minecraft:leather":26,"samurai_dynasty:jade":4,"minecraft:oak_log":61,"minecraft:cobblestone_stairs":1,"minecraft:gunpowder":21,"minecraft:cooked_mutton":15,"minecraft:apple":3,"minecraft:stone_bricks":28,"minecraft:iron_ingot":24,"tombstone:bag_of_seeds":2,"minecraft:glass_bottle":1,"minecraft:iron_sword":1,"ancientcurses:sconced_cursed_torch":1,"minecraft:sweet_berries":5,"minecraft:yellow_concrete":1,"minecraft:gravel":35,"minecraft:spruce_sapling":5,"minecraft:white_bed":1,"minecraft:spruce_log":7,"minecraft:leather_helmet":1,"quark:cobblestone_bricks":24,"minecraft:coal_ore":1,"tombstone:magic_scroll":2,"minecraft:coal":164},"minecraft:crafted":{"minecraft:oak_planks":116,"soulsweapons:moonstone":9,"ancientcurses:lapidarist_table":1,"minecraft:chest":24,"sophisticatedbackpacks:backpack":1,"minecraft:crafting_table":11,"minecraft:spruce_planks":28,"minecraft:wooden_pickaxe":1,"minecraft:copper_ingot":48,"minecraft:gold_block":19,"minecraft:birch_planks":8,"minecraft:iron_chestplate":1,"minecraft:diamond_pickaxe":1,"minecraft:purple_dye":2,"minecraft:shield":1,"sophisticatedbackpacks:diamond_backpack":1,"minecraft:stick":20,"quark:oak_chest":12,"ancientcurses:golden_amulet":1,"minecraft:iron_pickaxe":1,"minecraft:iron_ingot":6,"minecraft:iron_block":60,"minecraft:stone_sword":1,"minecraft:gold_ingot":1,"minecraft:furnace":2,"quark:blossom_chest":12,"minecraft:iron_axe":1,"quark:cobblestone_bricks":256,"minecraft:spruce_slab":6,"minecraft:stone_pickaxe":2,"quark:gunpowder_sack":13,"minecraft:purple_carpet":1,"sophisticatedbackpacks:iron_backpack":1,"minecraft:cooked_beef":8,"minecraft:coal_block":49,"minecraft:red_dye":1,"minecraft:diamond_sword":1,"sophisticatedbackpacks:gold_backpack":1,"minecraft:stone_axe":1,"minecraft:air":0,"minecraft:blue_dye":1,"minecraft:white_wool":5,"minecraft:gold_nugget":18,"minecraft:iron_leggings":1,"minecraft:white_bed":2,"quark:charcoal_block":24,"minecraft:torch":48}},"DataVersion":3465}