{"stats":{"minecraft:dropped":{"minecraft:bread":27,"minecraft:iron_sword":1,"minecraft:dark_oak_sapling":2,"minecraft:feather":2,"minecraft:cobblestone":712,"contagion:contagious_flesh":7,"minecraft:flint":4,"minecraft:stick":4,"minecraft:dirt":8,"minecraft:torch":3,"minecraft:jungle_sapling":10,"minecraft:wooden_sword":1,"minecraft:phantom_membrane":4,"minecraft:iron_axe":1,"minecraft:bone":19,"minecraft:gravel":15,"minecraft:stone_sword":2,"minecraft:raw_copper":18,"minecraft:cobbled_deepslate":374,"minecraft:cocoa_beans":5,"minecraft:tuff":54,"minecraft:rotten_flesh":44,"universal_graves:grave_compass":10,"minecraft:jungle_trapdoor":1,"minecraft:carrot":2,"minecraft:cobblestone_slab":2,"minecraft:potato":40,"minecraft:deepslate_tiles":3,"minecraft:charcoal":2,"minecraft:jungle_log":6,"minecraft:golden_sword":4,"minecraft:spider_eye":1,"minecraft:stone_bricks":19,"minecraft:glass":18,"minecraft:wooden_pickaxe":1},"minecraft:crafted":{"minecraft:wooden_sword":1,"minecraft:cobblestone_slab":6,"biomesoplenty:mahogany_planks":20,"toughasnails:empty_iron_canteen":3,"minecraft:furnace":3,"minecraft:cooked_mutton":3,"toughasnails:empty_copper_canteen":3,"minecraft:glass":57,"travelersbackpack:white_sleeping_bag":1,"minecraft:iron_boots":1,"minecraft:stone_pickaxe":3,"minecraft:chest":1,"minecraft:dark_oak_planks":24,"minecraft:cooked_beef":7,"minecraft:crafting_table":4,"travelersbackpack:standard":1,"travelersbackpack:backpack_tank":4,"minecraft:wooden_pickaxe":1,"minecraft:iron_helmet":1,"minecraft:iron_sword":1,"minecraft:copper_ingot":17,"minecraft:bucket":1,"minecraft:bread":1,"minecraft:air":0,"minecraft:jungle_planks":40,"minecraft:iron_chestplate":1,"minecraft:diamond_pickaxe":1,"minecraft:stick":30,"minecraft:iron_ingot":65,"minecraft:iron_pickaxe":2,"minecraft:wooden_axe":1,"minecraft:stone_sword":1,"minecraft:iron_shovel":1,"minecraft:gold_ingot":8},"minecraft:killed":{"zombies_plus:slow_zombie":2,"mozombies_wave:zombie_king":2,"zombies_plus:shrieker_zombie":1,"mozombies_wave:zombie_chef":2,"zombies_plus:runner_zombie":6,"minecraft:vindicator":7,"zombies_plus:weak_zombie":1,"mozombies_wave:zombie_pa":1,"zombies_plus:cave_zombie":3,"mozombies_wave:zombie_cyborg":1,"zombies_plus:sword_zombie":2,"mozombies_wave:zombie_pirate":1,"mozombies_wave:disco_zombie":1,"undeadnights:horde_zombie":1,"minecraft:zombie_villager":1,"zombies_plus:crawler_zombie":1,"zombies_plus:leaper_zombie":1,"zombies_plus:axe_zombie":2,"zombies_plus:crossbow_zombie":4,"minecraft:zombie":98,"mozombies_wave:zombie_dwarf":3,"zombies_plus:bow_zombie":3,"minecraft:cow":3},"minecraft:picked_up":{"minecraft:cocoa_beans":7,"contagion:contagious_flesh":9,"minecraft:charcoal":2,"minecraft:crafting_table":5,"minecraft:diamond_sword":1,"minecraft:brewing_stand":1,"minecraft:golden_sword":4,"minecraft:jungle_trapdoor":1,"minecraft:string":7,"minecraft:raw_copper":40,"minecraft:iron_axe":1,"universal_graves:grave_compass":6,"minecraft:deepslate_tiles":3,"minecraft:cobbled_deepslate":571,"minecraft:beef":7,"toughasnails:copper_water_canteen":1,"minecraft:cobblestone_slab":3,"minecraft:jungle_sapling":4,"minecraft:melon_slice":3,"minecraft:chest":1,"minecraft:phantom_membrane":9,"minecraft:furnace":9,"minecraft:stick":2,"minecraft:raw_iron":30,"minecraft:jukebox":1,"minecraft:torch":11,"minecraft:carrot":2,"minecraft:redstone":61,"minecraft:dark_oak_planks":3,"minecraft:stone_sword":1,"minecraft:rotten_flesh":68,"minecraft:jungle_stairs":1,"minecraft:iron_block":22,"minecraft:gold_ingot":2,"minecraft:obsidian":23,"minecraft:white_wool":3,"biomesoplenty:orange_sand":83,"minecraft:cobblestone":970,"minecraft:feather":2,"minecraft:jungle_log":21,"minecraft:leather":7,"minecraft:jungle_fence":3,"minecraft:flint":4,"minecraft:tuff":56,"fwaystones:stone_brick_waystone":11,"minecraft:gunpowder":9,"minecraft:lapis_lazuli":64,"minecraft:dirt":32,"minecraft:lantern":3,"minecraft:bone":6,"minecraft:stone_bricks":19,"minecraft:raw_gold":11,"minecraft:iron_ingot":1,"biomesoplenty:mahogany_planks":1,"minecraft:dark_oak_stairs":1,"minecraft:oak_planks":22,"minecraft:book":94,"minecraft:gravel":17,"minecraft:jungle_planks":8,"travelersbackpack:standard":2,"minecraft:spider_eye":2,"minecraft:jungle_slab":2,"minecraft:mossy_cobblestone":3,"travelersbackpack:white_sleeping_bag":1,"biomesoplenty:mahogany_log":29,"minecraft:diamond":9,"minecraft:emerald":4,"minecraft:damaged_anvil":2,"minecraft:stripped_dark_oak_log":6,"minecraft:coal":37,"minecraft:ender_pearl":3},"minecraft:custom":{"minecraft:mob_kills":161,"minecraft:interact_with_crafting_table":37,"minecraft:open_barrel":17,"minecraft:leave_game":3,"minecraft:time_since_death":63355,"minecraft:climb_one_cm":1902,"minecraft:sprint_one_cm":207104,"minecraft:walk_one_cm":323777,"minecraft:drop":115,"minecraft:play_time":216347,"minecraft:sneak_time":32282,"minecraft:deaths":12,"minecraft:walk_under_water_one_cm":25307,"minecraft:jump":1570,"minecraft:walk_on_water_one_cm":79790,"minecraft:total_world_time":216347,"minecraft:interact_with_furnace":58,"minecraft:sleep_in_bed":5,"minecraft:time_since_rest":9809,"minecraft:damage_taken":6183,"minecraft:damage_dealt":24273,"minecraft:swim_one_cm":126023,"minecraft:fly_one_cm":262796,"minecraft:open_chest":49,"minecraft:crouch_one_cm":65711,"minecraft:fall_one_cm":45706,"minecraft:inspect_dispenser":2},"minecraft:killed_by":{"zombies_plus:bow_zombie":4,"mozombies_wave:zombie_herobrine":1,"minecraft:zombie":1,"mozombies_wave:zombie_knight":1,"zombies_plus:axe_zombie":2},"minecraft:used":{"minecraft:stone_sword":131,"minecraft:iron_shovel":84,"toughasnails:copper_dirty_water_canteen":63,"minecraft:chest":1,"minecraft:iron_sword":198,"toughasnails:empty_copper_canteen":12,"minecraft:torch":22,"minecraft:dirt":8,"toughasnails:empty_iron_canteen":3,"minecraft:jungle_planks":40,"minecraft:jungle_slab":2,"minecraft:tuff":2,"minecraft:obsidian":3,"minecraft:dark_oak_planks":4,"minecraft:wooden_axe":5,"minecraft:lantern":3,"minecraft:iron_axe":51,"minecraft:iron_helmet":1,"minecraft:furnace":12,"minecraft:cooked_beef":7,"minecraft:cobbled_deepslate":128,"minecraft:cooked_mutton":3,"minecraft:dark_oak_stairs":1,"minecraft:water_bucket":3,"minecraft:leather_leggings":1,"minecraft:damaged_anvil":2,"minecraft:jungle_fence":3,"minecraft:stone_pickaxe":393,"minecraft:wooden_pickaxe":35,"minecraft:cobblestone_slab":7,"fwaystones:stone_brick_waystone":1,"toughasnails:copper_water_canteen":61,"minecraft:crafting_table":9,"minecraft:diamond_pickaxe":232,"minecraft:apple":30,"minecraft:bread":26,"minecraft:melon_slice":3,"minecraft:iron_pickaxe":999,"travelersbackpack:white_sleeping_bag":1,"minecraft:jungle_stairs":1,"minecraft:gravel":2,"minecraft:diamond_sword":123,"minecraft:wooden_sword":48,"minecraft:cobblestone":163,"travelersbackpack:standard":6,"minecraft:bucket":3,"toughasnails:iron_water_canteen":2,"minecraft:jukebox":1},"minecraft:broken":{"toughasnails:copper_dirty_water_canteen":4,"toughasnails:copper_water_canteen":5,"minecraft:stone_pickaxe":3,"minecraft:iron_pickaxe":4},"minecraft:mined":{"minecraft:dark_oak_planks":3,"minecraft:deepslate_tiles":3,"minecraft:tuff":64,"minecraft:mossy_cobblestone":8,"minecraft:deepslate_diamond_ore":7,"minecraft:jungle_slab":4,"minecraft:jungle_leaves":3,"minecraft:brewing_stand":1,"minecraft:obsidian":23,"minecraft:grass_block":1,"minecraft:jungle_planks":7,"minecraft:jungle_log":2,"travelersbackpack:white_sleeping_bag":1,"minecraft:green_concrete":2,"minecraft:hopper":1,"minecraft:chiseled_stone_bricks":1,"minecraft:spawner":5,"minecraft:large_fern":1,"minecraft:furnace":9,"minecraft:jungle_sapling":2,"minecraft:iron_ore":21,"minecraft:cobbled_deepslate":16,"minecraft:deepslate_lapis_ore":12,"minecraft:dark_oak_stairs":1,"minecraft:bookshelf":33,"minecraft:deepslate_iron_ore":9,"minecraft:cobblestone_slab":2,"minecraft:vine":2,"minecraft:lantern":3,"minecraft:stone":799,"minecraft:iron_block":22,"minecraft:white_wool":3,"minecraft:tripwire":5,"minecraft:deepslate_redstone_ore":14,"biomesoplenty:orange_sand":83,"minecraft:stripped_dark_oak_log":9,"minecraft:stone_brick_slab":1,"travelersbackpack:standard":2,"minecraft:crafting_table":5,"minecraft:torch":2,"minecraft:jungle_stairs":3,"biomesoplenty:mahogany_planks":1,"minecraft:melon":1,"minecraft:copper_ore":5,"minecraft:cobblestone":21,"minecraft:deepslate_coal_ore":12,"minecraft:lapis_ore":1,"minecraft:deepslate_gold_ore":11,"minecraft:damaged_anvil":2,"minecraft:oak_planks":23,"minecraft:deepslate_copper_ore":4,"biomesoplenty:mahogany_log":6,"minecraft:jukebox":1,"minecraft:jungle_fence":2,"minecraft:coal_ore":2,"minecraft:gravel":50,"minecraft:dirt":28,"minecraft:cracked_stone_bricks":1,"minecraft:polished_andesite":1,"minecraft:stone_bricks":28,"minecraft:mossy_stone_bricks":2,"minecraft:oak_leaves":3,"minecraft:deepslate":516,"minecraft:fern":2}},"DataVersion":3465}