{"stats":{"minecraft:dropped":{"minecraft:iron_sword":1,"minecraft:crafting_table":1,"minecraft:dark_oak_sapling":2,"minecraft:leather":3,"minecraft:leather_helmet":1,"minecraft:flint":4,"minecraft:dirt":8,"minecraft:jungle_sapling":10,"minecraft:wooden_sword":1,"minecraft:phantom_membrane":4,"minecraft:bone":19,"minecraft:gravel":15,"minecraft:golden_chestplate":2,"minecraft:cobbled_deepslate":374,"minecraft:rotten_flesh":74,"universal_graves:grave_compass":10,"minecraft:oak_planks":2,"minecraft:jungle_trapdoor":1,"minecraft:carrot":2,"minecraft:deepslate_tiles":3,"minecraft:charcoal":2,"minecraft:jungle_log":6,"minecraft:leather_boots":1,"minecraft:leather_leggings":1,"minecraft:iron_bars":6,"minecraft:glass":18,"minecraft:bread":27,"minecraft:feather":2,"minecraft:cobblestone":842,"biomesoplenty:jacaranda_planks":4,"contagion:contagious_flesh":7,"minecraft:stick":4,"minecraft:torch":3,"minecraft:iron_axe":2,"minecraft:stone_sword":2,"minecraft:raw_copper":18,"minecraft:cocoa_beans":5,"minecraft:tuff":54,"minecraft:blast_furnace":3,"minecraft:deepslate_bricks":6,"minecraft:cobblestone_slab":2,"minecraft:potato":40,"minecraft:mossy_stone_bricks":1,"minecraft:golden_leggings":1,"minecraft:golden_sword":4,"minecraft:spider_eye":1,"minecraft:stone_bricks":23,"minecraft:wooden_pickaxe":1},"minecraft:crafted":{"minecraft:oak_planks":28,"minecraft:cobblestone_slab":30,"travelersbackpack:crafting_upgrade":1,"toughasnails:empty_iron_canteen":3,"minecraft:stone":256,"minecraft:lever":1,"minecraft:bookshelf":45,"minecraft:cooked_mutton":3,"toughasnails:empty_copper_canteen":3,"minecraft:glass":57,"minecraft:hopper":8,"minecraft:repeater":12,"minecraft:iron_boots":1,"minecraft:chest":37,"biomesoplenty:jacaranda_trapdoor":20,"minecraft:stone_bricks":60,"travelersbackpack:iron_tier_upgrade":1,"biomesoplenty:jacaranda_planks":820,"minecraft:crafting_table":7,"minecraft:iron_helmet":1,"minecraft:wooden_pickaxe":1,"travelersbackpack:standard":1,"biomesoplenty:jacaranda_fence_gate":2,"minecraft:smithing_table":1,"minecraft:copper_ingot":17,"biomesoplenty:jacaranda_slab":24,"minecraft:iron_chestplate":1,"minecraft:diamond_pickaxe":2,"minecraft:stick":94,"minecraft:iron_ingot":65,"minecraft:iron_pickaxe":2,"minecraft:stone_sword":1,"minecraft:gold_ingot":8,"minecraft:redstone_torch":32,"minecraft:cherry_planks":12,"minecraft:wooden_sword":1,"biomesoplenty:mahogany_planks":20,"minecraft:furnace":12,"travelersbackpack:blank_upgrade":4,"travelersbackpack:gold_tier_upgrade":1,"minecraft:flint_and_steel":1,"travelersbackpack:white_sleeping_bag":1,"minecraft:iron_axe":2,"minecraft:ladder":33,"minecraft:cherry_stairs":4,"minecraft:stone_pickaxe":3,"minecraft:cobblestone_wall":24,"minecraft:dark_oak_planks":24,"minecraft:cooked_beef":9,"travelersbackpack:backpack_tank":4,"minecraft:iron_sword":1,"minecraft:bucket":2,"minecraft:jungle_planks":44,"minecraft:bread":1,"minecraft:air":0,"minecraft:wooden_axe":1,"minecraft:iron_shovel":1,"minecraft:white_bed":1,"minecraft:torch":48},"minecraft:killed":{"zombies_plus:slow_zombie":2,"mozombies_wave:zombie_king":2,"zombies_plus:shrieker_zombie":1,"mozombies_wave:zombie_chef":2,"mozombies_wave:nether_zombie":1,"zombies_plus:cave_zombie":3,"minecraft:chicken":1,"mozombies_wave:zombie_knight":1,"mozombies_wave:disco_zombie":2,"minecraft:magma_cube":4,"minecraft:pig":7,"undeadnights:horde_zombie":11,"minecraft:zombie_villager":1,"minecraft:sheep":4,"zombies_plus:crossbow_zombie":4,"minecraft:zombie":114,"mozombies_wave:zombie_dwarf":4,"minecraft:cow":14,"zombies_plus:runner_zombie":7,"minecraft:vindicator":7,"zombies_plus:weak_zombie":1,"mozombies_wave:zombie_pa":1,"minecraft:drowned":11,"mozombies_wave:zombie_cyborg":1,"zombies_plus:sword_zombie":2,"mozombies_wave:zombie_pirate":1,"zombies_plus:crawler_zombie":3,"zombies_plus:leaper_zombie":1,"zombies_plus:axe_zombie":2,"zombies_plus:bow_zombie":3},"minecraft:picked_up":{"contagion:contagious_flesh":19,"minecraft:diamond_sword":1,"toughasnails:empty_iron_canteen":1,"minecraft:brewing_stand":6,"minecraft:golden_sword":4,"minecraft:amethyst_block":3,"minecraft:string":36,"minecraft:raw_copper":58,"universal_graves:grave_compass":6,"minecraft:deepslate_tiles":3,"minecraft:gold_nugget":35,"minecraft:cobbled_deepslate":577,"minecraft:spruce_planks":7,"toughasnails:copper_water_canteen":2,"minecraft:cobblestone_slab":3,"minecraft:melon_slice":3,"minecraft:furnace":15,"minecraft:stick":99,"minecraft:jukebox":2,"minecraft:torch":80,"minecraft:spruce_stairs":1,"minecraft:porkchop":13,"minecraft:cherry_log":7,"minecraft:golden_chestplate":2,"minecraft:cauldron":5,"minecraft:andesite_wall":1,"minecraft:stone_sword":1,"minecraft:rotten_flesh":228,"biomesoplenty:rose_quartz_chunk":8,"minecraft:iron_block":22,"minecraft:deepslate_brick_stairs":1,"minecraft:obsidian":43,"minecraft:iron_bars":6,"minecraft:cobblestone":2530,"biomesoplenty:lavender":1,"minecraft:magma_block":2,"minecraft:feather":8,"minecraft:water_bucket":1,"minecraft:jungle_log":21,"minecraft:golden_leggings":1,"minecraft:brown_wool":2,"minecraft:flint":6,"minecraft:tuff":56,"fwaystones:stone_brick_waystone":12,"minecraft:lapis_lazuli":231,"minecraft:dirt":37,"minecraft:lantern":3,"minecraft:leather_boots":1,"minecraft:bone":11,"minecraft:wheat_seeds":3,"minecraft:raw_gold":12,"minecraft:bell":1,"minecraft:grindstone":1,"minecraft:mossy_stone_bricks":2,"minecraft:fletching_table":1,"minecraft:oak_planks":28,"biomesoplenty:mahogany_planks":1,"hwg:gun_table":1,"minecraft:jungle_planks":10,"minecraft:jungle_slab":3,"hwg:grenade_frag":3,"minecraft:mossy_cobblestone":4,"travelersbackpack:white_sleeping_bag":1,"toughasnails:water_purifier":1,"minecraft:diamond":9,"minecraft:emerald":19,"minecraft:oak_sapling":15,"minecraft:netherrack":27,"minecraft:crafting_table":7,"minecraft:cocoa_beans":7,"minecraft:charcoal":54,"minecraft:chicken":1,"minecraft:ladder":2,"minecraft:leather_leggings":1,"minecraft:stone_brick_wall":1,"biomesoplenty:jacaranda_sapling":112,"minecraft:jungle_trapdoor":1,"minecraft:moss_carpet":3,"minecraft:iron_axe":2,"minecraft:blue_orchid":1,"minecraft:cracked_stone_bricks":1,"minecraft:beef":32,"minecraft:jungle_sapling":4,"minecraft:iron_nugget":27,"minecraft:light_gray_wool":1,"minecraft:chest":16,"minecraft:phantom_membrane":21,"minecraft:egg":1,"minecraft:raw_iron":51,"minecraft:cherry_stairs":4,"minecraft:copper_ingot":82,"minecraft:note_block":2,"fwaystones:waystone":7,"minecraft:carrot":2,"minecraft:redstone":268,"minecraft:dark_oak_planks":3,"biomesoplenty:jacaranda_trapdoor":1,"minecraft:arrow":10,"biomesoplenty:jacaranda_log":237,"minecraft:jungle_stairs":1,"minecraft:deepslate_bricks":6,"minecraft:hay_block":12,"minecraft:saddle":1,"minecraft:gold_ingot":108,"minecraft:mutton":6,"biomesoplenty:orange_sand":96,"minecraft:white_wool":29,"minecraft:glow_ink_sac":7,"minecraft:leather":22,"minecraft:jungle_fence":4,"minecraft:oak_log":68,"minecraft:cobblestone_wall":13,"biomesoplenty:jacaranda_planks":4,"minecraft:gunpowder":49,"minecraft:cobblestone_stairs":1,"minecraft:apple":1,"minecraft:stone_bricks":27,"minecraft:iron_ingot":141,"travelersbackpack:blank_upgrade":1,"minecraft:soul_sand":9,"minecraft:dark_oak_stairs":1,"minecraft:book":516,"minecraft:quartz":118,"minecraft:gravel":44,"minecraft:amethyst_shard":12,"minecraft:blast_furnace":2,"minecraft:white_bed":6,"minecraft:spider_eye":5,"minecraft:leather_helmet":1,"biomesoplenty:flowering_oak_sapling":1,"minecraft:stripped_jungle_log":1,"travelersbackpack:standard":3,"biomesoplenty:mahogany_log":29,"minecraft:painting":1,"minecraft:damaged_anvil":4,"minecraft:stripped_dark_oak_log":6,"minecraft:coal":257,"minecraft:ender_pearl":7},"minecraft:custom":{"minecraft:interact_with_crafting_table":82,"minecraft:open_barrel":23,"minecraft:eat_cake_slice":3,"minecraft:leave_game":6,"minecraft:time_since_death":54889,"minecraft:sprint_one_cm":489631,"minecraft:drop":139,"minecraft:play_time":390363,"minecraft:deaths":15,"minecraft:jump":3059,"minecraft:walk_on_water_one_cm":90798,"minecraft:interact_with_furnace":90,"minecraft:sleep_in_bed":11,"minecraft:damage_dealt":33888,"minecraft:crouch_one_cm":84146,"minecraft:interact_with_smoker":2,"minecraft:inspect_dispenser":2,"minecraft:interact_with_smithing_table":4,"minecraft:mob_kills":232,"minecraft:climb_one_cm":19885,"minecraft:walk_one_cm":806325,"minecraft:sneak_time":40154,"minecraft:walk_under_water_one_cm":33818,"minecraft:interact_with_blast_furnace":1,"minecraft:total_world_time":390363,"minecraft:time_since_rest":54937,"minecraft:damage_taken":17848,"minecraft:swim_one_cm":131718,"minecraft:fly_one_cm":483109,"minecraft:open_chest":344,"minecraft:fall_one_cm":87044},"minecraft:killed_by":{"zombies_plus:bow_zombie":4,"mozombies_wave:zombie_herobrine":1,"minecraft:zombie":1,"mozombies_wave:zombie_knight":1,"zombies_plus:axe_zombie":3},"minecraft:used":{"fwaystones:waystone":3,"minecraft:iron_shovel":123,"minecraft:ladder":26,"toughasnails:copper_dirty_water_canteen":64,"minecraft:chest":38,"minecraft:iron_sword":198,"minecraft:soul_sand":9,"minecraft:jungle_planks":40,"minecraft:jungle_slab":2,"minecraft:tuff":2,"minecraft:obsidian":15,"toughasnails:iron_dirty_water_canteen":16,"minecraft:lava_bucket":1,"minecraft:lantern":3,"minecraft:iron_helmet":1,"minecraft:stone_bricks":53,"biomesoplenty:jacaranda_sapling":7,"minecraft:repeater":11,"minecraft:furnace":26,"minecraft:dark_oak_stairs":1,"minecraft:leather_leggings":1,"minecraft:damaged_anvil":3,"minecraft:oak_planks":11,"minecraft:stone_pickaxe":393,"minecraft:jungle_fence":4,"minecraft:wooden_pickaxe":35,"biomesoplenty:flowering_oak_sapling":1,"fwaystones:stone_brick_waystone":1,"toughasnails:copper_water_canteen":73,"biomesoplenty:jacaranda_planks":164,"minecraft:lever":1,"minecraft:melon_slice":3,"minecraft:bread":55,"minecraft:gravel":5,"minecraft:diamond_sword":283,"minecraft:wooden_sword":48,"minecraft:smithing_table":1,"toughasnails:iron_water_canteen":19,"minecraft:stone_sword":131,"minecraft:flint_and_steel":1,"biomesoplenty:jacaranda_fence_gate":2,"toughasnails:water_purifier":1,"minecraft:redstone":31,"toughasnails:empty_copper_canteen":14,"minecraft:torch":77,"minecraft:dirt":8,"toughasnails:empty_iron_canteen":7,"minecraft:hopper":9,"minecraft:cobblestone_wall":13,"biomesoplenty:jacaranda_slab":24,"minecraft:dark_oak_planks":4,"minecraft:wooden_axe":5,"minecraft:bookshelf":34,"minecraft:iron_axe":158,"minecraft:cooked_beef":7,"minecraft:cobbled_deepslate":128,"minecraft:cooked_mutton":3,"minecraft:water_bucket":6,"minecraft:cobblestone_slab":21,"minecraft:crafting_table":12,"minecraft:white_bed":2,"biomesoplenty:jacaranda_trapdoor":12,"minecraft:diamond_pickaxe":2226,"minecraft:apple":30,"minecraft:iron_pickaxe":999,"travelersbackpack:white_sleeping_bag":1,"minecraft:jungle_stairs":1,"minecraft:cobblestone":354,"minecraft:cherry_stairs":4,"travelersbackpack:standard":9,"minecraft:bucket":6,"hwg:gun_table":1,"minecraft:jukebox":2},"minecraft:broken":{"toughasnails:copper_dirty_water_canteen":4,"minecraft:stone_pickaxe":3,"minecraft:diamond_pickaxe":1,"toughasnails:iron_dirty_water_canteen":1,"toughasnails:copper_water_canteen":7,"minecraft:iron_axe":1,"minecraft:iron_pickaxe":4,"toughasnails:iron_water_canteen":2},"minecraft:mined":{"minecraft:dark_oak_planks":3,"minecraft:spruce_planks":7,"minecraft:white_bed":1,"minecraft:oak_sapling":2,"minecraft:jungle_slab":5,"minecraft:cobblestone_stairs":1,"minecraft:cherry_log":7,"minecraft:jungle_leaves":3,"minecraft:brewing_stand":2,"minecraft:obsidian":23,"minecraft:grass_block":3,"minecraft:stone_brick_wall":1,"minecraft:jungle_log":2,"minecraft:deepslate_bricks":6,"minecraft:green_concrete":2,"minecraft:hopper":1,"minecraft:chiseled_stone_bricks":1,"minecraft:spawner":7,"minecraft:magma_block":2,"minecraft:iron_ore":39,"minecraft:cobbled_deepslate":16,"biomesoplenty:lavender":1,"minecraft:fletching_table":1,"minecraft:deepslate_lapis_ore":12,"minecraft:dark_oak_stairs":1,"minecraft:water_cauldron":5,"minecraft:iron_bars":8,"minecraft:deepslate_brick_stairs":1,"minecraft:blue_orchid":1,"biomesoplenty:jacaranda_trapdoor":1,"minecraft:iron_block":22,"minecraft:tripwire":5,"minecraft:deepslate_redstone_ore":14,"hwg:gun_table":1,"biomesoplenty:jacaranda_planks":4,"minecraft:soul_fire":5,"minecraft:amethyst_cluster":3,"minecraft:torch":8,"minecraft:jungle_stairs":3,"minecraft:blast_furnace":2,"minecraft:melon":1,"minecraft:chest":15,"minecraft:nether_quartz_ore":118,"minecraft:cobblestone":67,"minecraft:damaged_anvil":4,"minecraft:grindstone":1,"minecraft:oak_planks":29,"minecraft:wall_torch":12,"minecraft:amethyst_block":3,"minecraft:deepslate_copper_ore":4,"minecraft:jukebox":2,"minecraft:grass":12,"minecraft:oak_log":11,"minecraft:dirt":31,"minecraft:netherrack":27,"minecraft:oak_leaves":6,"minecraft:deepslate":522,"minecraft:nether_gold_ore":4,"minecraft:deepslate_tiles":3,"minecraft:tuff":64,"minecraft:mossy_cobblestone":9,"minecraft:deepslate_diamond_ore":7,"minecraft:ladder":1,"minecraft:jungle_planks":8,"minecraft:redstone_wire":2,"travelersbackpack:white_sleeping_bag":1,"biomesoplenty:jacaranda_sapling":10,"minecraft:large_fern":1,"minecraft:hay_block":12,"biomesoplenty:jacaranda_log":8,"minecraft:furnace":15,"minecraft:jungle_sapling":2,"minecraft:bookshelf":36,"minecraft:deepslate_iron_ore":12,"minecraft:cobblestone_slab":2,"minecraft:vine":2,"minecraft:lantern":3,"minecraft:stripped_jungle_log":1,"minecraft:stone":2329,"biomesoplenty:rose_quartz_cluster":2,"minecraft:cherry_stairs":4,"minecraft:white_wool":3,"minecraft:soul_sand":9,"biomesoplenty:orange_sand":83,"toughasnails:water_purifier":1,"minecraft:stripped_dark_oak_log":9,"minecraft:stone_brick_slab":1,"travelersbackpack:standard":3,"minecraft:crafting_table":6,"biomesoplenty:mahogany_planks":1,"biomesoplenty:snowblossom_leaves":10,"minecraft:andesite_wall":1,"minecraft:copper_ore":11,"minecraft:tall_grass":3,"minecraft:deepslate_coal_ore":14,"minecraft:deepslate_gold_ore":12,"minecraft:lapis_ore":1,"minecraft:spruce_stairs":1,"minecraft:cobblestone_wall":13,"biomesoplenty:mahogany_log":6,"minecraft:jungle_fence":3,"minecraft:coal_ore":116,"minecraft:cherry_leaves":3,"minecraft:gravel":88,"minecraft:cobweb":1,"minecraft:cracked_stone_bricks":2,"minecraft:stone_bricks":36,"minecraft:polished_andesite":1,"minecraft:mossy_stone_bricks":4,"minecraft:fern":2}},"DataVersion":3465}