{"stats":{"minecraft:picked_up":{"contagion:contagious_flesh":49,"minecraft:smithing_table":1,"minecraft:diamond_sword":1,"minecraft:stone_brick_stairs":3,"toughasnails:empty_iron_canteen":1,"minecraft:brewing_stand":6,"minecraft:golden_sword":4,"minecraft:amethyst_block":7,"minecraft:string":43,"minecraft:raw_copper":101,"biomesoplenty:tall_lavender":1,"universal_graves:grave_compass":7,"minecraft:deepslate_tiles":3,"minecraft:gold_nugget":37,"minecraft:cobbled_deepslate":1313,"minecraft:spruce_planks":7,"minecraft:redstone_torch":3,"toughasnails:copper_water_canteen":2,"minecraft:cobblestone_slab":9,"minecraft:calcite":3,"minecraft:melon_slice":3,"minecraft:furnace":18,"minecraft:iron_boots":2,"minecraft:stick":114,"minecraft:jukebox":3,"minecraft:torch":103,"travelersbackpack:iron_tier_upgrade":1,"minecraft:spruce_stairs":1,"minecraft:porkchop":14,"tacz:attachment":4,"minecraft:cherry_log":7,"minecraft:golden_chestplate":2,"minecraft:cauldron":7,"travelersbackpack:iron":2,"minecraft:andesite_wall":1,"minecraft:stone_sword":1,"minecraft:rotten_flesh":390,"biomesoplenty:rose_quartz_chunk":8,"minecraft:iron_block":22,"minecraft:deepslate_brick_stairs":1,"minecraft:obsidian":43,"minecraft:iron_bars":6,"minecraft:cobblestone":3536,"biomesoplenty:lavender":4,"minecraft:magma_block":2,"minecraft:feather":8,"minecraft:repeater":30,"minecraft:water_bucket":1,"minecraft:jungle_log":21,"minecraft:brown_wool":2,"minecraft:golden_leggings":1,"minecraft:flint":6,"minecraft:tuff":87,"fwaystones:stone_brick_waystone":12,"minecraft:lapis_lazuli":240,"minecraft:dirt":51,"minecraft:lantern":3,"minecraft:leather_boots":1,"minecraft:bone":36,"minecraft:wheat_seeds":4,"minecraft:raw_gold":98,"minecraft:bell":1,"minecraft:grindstone":1,"minecraft:mossy_stone_bricks":5,"minecraft:fletching_table":1,"biomesoplenty:magic_stairs":2,"minecraft:oak_planks":28,"biomesoplenty:mahogany_planks":1,"hwg:gun_table":3,"minecraft:jungle_planks":10,"minecraft:jungle_slab":3,"hwg:grenade_frag":3,"minecraft:mossy_cobblestone":4,"travelersbackpack:white_sleeping_bag":1,"minecraft:iron_hoe":1,"toughasnails:water_purifier":2,"minecraft:diamond":91,"biomesoplenty:magic_planks":2,"minecraft:lever":1,"minecraft:emerald":19,"minecraft:oak_sapling":15,"minecraft:netherrack":27,"minecraft:diamond_pickaxe":1,"minecraft:crafting_table":7,"minecraft:cocoa_beans":7,"minecraft:charcoal":54,"minecraft:ladder":2,"minecraft:chicken":1,"minecraft:nether_wart":11,"minecraft:leather_leggings":1,"minecraft:stone_brick_wall":1,"biomesoplenty:jacaranda_sapling":119,"minecraft:jungle_trapdoor":1,"minecraft:moss_carpet":3,"minecraft:iron_axe":5,"tacz:ammo":344,"minecraft:blue_orchid":1,"minecraft:cracked_stone_bricks":6,"travelersbackpack:lapis":2,"minecraft:beef":34,"minecraft:jungle_sapling":4,"minecraft:iron_nugget":27,"minecraft:light_gray_wool":1,"minecraft:chest":16,"minecraft:phantom_membrane":24,"minecraft:egg":1,"minecraft:raw_iron":89,"minecraft:cherry_stairs":4,"minecraft:copper_ingot":82,"minecraft:note_block":3,"mozombies_wave:disco_glasses":1,"fwaystones:waystone":8,"minecraft:stone_button":4,"minecraft:carrot":2,"minecraft:redstone":511,"minecraft:dark_oak_planks":3,"biomesoplenty:jacaranda_trapdoor":3,"minecraft:arrow":10,"biomesoplenty:jacaranda_log":263,"minecraft:jungle_stairs":1,"minecraft:deepslate_bricks":6,"minecraft:hay_block":12,"minecraft:saddle":1,"minecraft:gold_ingot":108,"minecraft:mutton":6,"biomesoplenty:orange_sand":135,"minecraft:white_wool":29,"minecraft:glow_ink_sac":12,"minecraft:leather":26,"minecraft:jungle_fence":4,"minecraft:oak_log":68,"minecraft:cobblestone_wall":13,"biomesoplenty:jacaranda_planks":24,"minecraft:gunpowder":79,"minecraft:cobblestone_stairs":1,"minecraft:apple":1,"minecraft:stone_bricks":77,"minecraft:iron_ingot":142,"minecraft:iron_ore":2,"travelersbackpack:blank_upgrade":5,"minecraft:soul_sand":9,"minecraft:dark_oak_stairs":1,"minecraft:book":519,"minecraft:smooth_basalt":6,"minecraft:quartz":118,"minecraft:gravel":46,"minecraft:amethyst_shard":52,"minecraft:blast_furnace":2,"minecraft:white_bed":7,"minecraft:spider_eye":10,"minecraft:leather_helmet":1,"biomesoplenty:flowering_oak_sapling":1,"minecraft:stripped_jungle_log":1,"travelersbackpack:standard":3,"biomesoplenty:mahogany_log":29,"tacz:modern_kinetic_gun":2,"minecraft:painting":1,"minecraft:damaged_anvil":5,"minecraft:stripped_dark_oak_log":6,"minecraft:coal":325,"minecraft:ender_pearl":10},"minecraft:custom":{"minecraft:interact_with_crafting_table":105,"minecraft:open_barrel":23,"minecraft:eat_cake_slice":3,"minecraft:leave_game":10,"minecraft:time_since_death":114352,"minecraft:sprint_one_cm":843327,"minecraft:drop":156,"minecraft:play_time":650539,"minecraft:deaths":21,"minecraft:jump":4808,"minecraft:walk_on_water_one_cm":115873,"minecraft:interact_with_furnace":102,"minecraft:sleep_in_bed":18,"minecraft:damage_dealt":58844,"minecraft:player_kills":1,"minecraft:crouch_one_cm":157450,"minecraft:interact_with_smoker":7,"minecraft:inspect_dispenser":2,"minecraft:interact_with_smithing_table":6,"minecraft:mob_kills":526,"minecraft:climb_one_cm":42653,"minecraft:walk_one_cm":1507055,"minecraft:sneak_time":69607,"minecraft:walk_under_water_one_cm":50097,"minecraft:interact_with_blast_furnace":14,"minecraft:total_world_time":650539,"minecraft:time_since_rest":4068,"minecraft:damage_taken":21127,"minecraft:swim_one_cm":131853,"minecraft:fly_one_cm":691943,"minecraft:open_chest":535,"minecraft:fall_one_cm":122556},"minecraft:killed":{"zombies_plus:slow_zombie":2,"mozombies_wave:zombie_king":2,"zombies_plus:shrieker_zombie":1,"mozombies_wave:zombie_chef":4,"mozombies_wave:nether_zombie":1,"zombies_plus:cave_zombie":11,"minecraft:chicken":1,"mozombies_wave:zombie_knight":2,"mozombies_wave:disco_zombie":6,"minecraft:magma_cube":4,"minecraft:pig":7,"undeadnights:horde_zombie":19,"minecraft:zombie_villager":4,"mozombies_wave:zombie_miner":4,"minecraft:sheep":4,"zombies_plus:crossbow_zombie":4,"minecraft:zombie":320,"mozombies_wave:zombie_dwarf":14,"minecraft:cow":14,"zombies_plus:brute_zombie":3,"zombies_plus:runner_zombie":24,"minecraft:vindicator":7,"zombies_plus:weak_zombie":2,"mozombies_wave:zombie_pa":1,"minecraft:drowned":11,"mozombies_wave:zombie_cyborg":1,"zombies_plus:sword_zombie":7,"mozombies_wave:zombie_pirate":2,"minecraft:husk":5,"zombies_plus:crawler_zombie":10,"zombies_plus:leaper_zombie":5,"zombies_plus:axe_zombie":7,"minecraft:player":1,"zombies_plus:bow_zombie":3},"minecraft:killed_by":{"zombies_plus:bow_zombie":5,"zombies_plus:weak_zombie":1,"zombies_plus:brute_zombie":1,"mozombies_wave:zombie_herobrine":1,"minecraft:witch":1,"minecraft:zombie":2,"mozombies_wave:zombie_knight":1,"zombies_plus:runner_zombie":1,"zombies_plus:axe_zombie":3},"minecraft:used":{"fwaystones:waystone":6,"minecraft:iron_shovel":123,"minecraft:chest":40,"toughasnails:copper_dirty_water_canteen":64,"minecraft:ladder":26,"travelersbackpack:lapis":2,"minecraft:iron_sword":198,"minecraft:stone":6,"minecraft:nether_wart":9,"minecraft:soul_sand":9,"toughasnails:iron_purified_water_canteen":21,"minecraft:jungle_planks":40,"minecraft:jungle_slab":2,"travelersbackpack:iron":8,"minecraft:tuff":19,"minecraft:obsidian":15,"toughasnails:iron_dirty_water_canteen":16,"minecraft:lava_bucket":1,"minecraft:lantern":4,"minecraft:iron_helmet":1,"minecraft:stone_brick_stairs":7,"minecraft:stone_bricks":262,"biomesoplenty:jacaranda_sapling":7,"minecraft:repeater":58,"minecraft:furnace":29,"minecraft:dark_oak_stairs":1,"minecraft:mossy_stone_bricks":3,"minecraft:leather_leggings":1,"minecraft:damaged_anvil":4,"minecraft:oak_planks":11,"minecraft:stone_pickaxe":393,"minecraft:jungle_fence":4,"minecraft:wooden_pickaxe":35,"biomesoplenty:flowering_oak_sapling":1,"fwaystones:stone_brick_waystone":1,"toughasnails:copper_water_canteen":73,"biomesoplenty:magic_planks":15,"biomesoplenty:jacaranda_planks":387,"minecraft:redstone_torch":4,"minecraft:sticky_piston":6,"minecraft:lever":3,"minecraft:melon_slice":3,"minecraft:bread":68,"minecraft:stone_button":5,"minecraft:gravel":5,"minecraft:diamond_sword":721,"minecraft:wooden_sword":48,"biomesoplenty:magic_stairs":6,"minecraft:grindstone":1,"minecraft:smithing_table":2,"toughasnails:iron_water_canteen":24,"minecraft:enchanting_table":1,"minecraft:stone_sword":131,"minecraft:flint_and_steel":1,"biomesoplenty:jacaranda_fence_gate":2,"toughasnails:water_purifier":2,"minecraft:redstone":148,"tacz:gun_smith_table":1,"toughasnails:empty_copper_canteen":14,"minecraft:torch":242,"minecraft:brewing_stand":4,"minecraft:dirt":81,"toughasnails:empty_iron_canteen":7,"minecraft:hopper":10,"minecraft:cobblestone_wall":13,"biomesoplenty:jacaranda_slab":30,"minecraft:iron_hoe":32,"minecraft:dark_oak_planks":4,"minecraft:wooden_axe":5,"minecraft:bookshelf":47,"minecraft:iron_axe":186,"travelersbackpack:squid":1,"minecraft:smooth_basalt":6,"minecraft:cooked_beef":25,"minecraft:cobbled_deepslate":168,"minecraft:calcite":2,"minecraft:cooked_mutton":3,"minecraft:water_bucket":10,"minecraft:cauldron":6,"minecraft:cobblestone_slab":21,"minecraft:cracked_stone_bricks":5,"minecraft:crafting_table":12,"minecraft:white_bed":3,"biomesoplenty:jacaranda_trapdoor":14,"minecraft:diamond_pickaxe":3896,"minecraft:apple":30,"minecraft:iron_pickaxe":1257,"travelersbackpack:white_sleeping_bag":1,"minecraft:jungle_stairs":1,"minecraft:cobblestone":500,"minecraft:cherry_stairs":4,"travelersbackpack:standard":9,"minecraft:bucket":11,"hwg:gun_table":3,"minecraft:jukebox":2},"minecraft:crafted":{"minecraft:oak_planks":28,"minecraft:cobblestone_slab":30,"travelersbackpack:crafting_upgrade":1,"toughasnails:empty_iron_canteen":3,"minecraft:stone":320,"minecraft:lever":4,"minecraft:bookshelf":45,"minecraft:cooked_mutton":3,"toughasnails:empty_copper_canteen":3,"minecraft:glass":57,"minecraft:hopper":9,"minecraft:repeater":32,"minecraft:iron_boots":2,"minecraft:chest":37,"biomesoplenty:jacaranda_trapdoor":20,"minecraft:stone_bricks":284,"biomesoplenty:jacaranda_stairs":16,"travelersbackpack:iron_tier_upgrade":1,"biomesoplenty:jacaranda_planks":1052,"minecraft:crafting_table":7,"travelersbackpack:standard":1,"minecraft:wooden_pickaxe":1,"minecraft:iron_helmet":2,"biomesoplenty:jacaranda_fence_gate":2,"minecraft:smithing_table":1,"minecraft:copper_ingot":17,"minecraft:sticky_piston":6,"biomesoplenty:jacaranda_slab":30,"minecraft:stone_brick_stairs":12,"minecraft:iron_chestplate":2,"minecraft:diamond_pickaxe":3,"minecraft:stick":146,"minecraft:iron_ingot":135,"minecraft:iron_pickaxe":3,"minecraft:stone_sword":1,"minecraft:gold_ingot":57,"minecraft:redstone_torch":80,"minecraft:cherry_planks":12,"minecraft:wooden_sword":1,"biomesoplenty:mahogany_planks":20,"minecraft:furnace":12,"minecraft:stone_button":2,"minecraft:piston":6,"travelersbackpack:blank_upgrade":4,"travelersbackpack:gold_tier_upgrade":1,"minecraft:flint_and_steel":1,"travelersbackpack:white_sleeping_bag":1,"minecraft:iron_axe":2,"minecraft:ladder":33,"minecraft:cherry_stairs":4,"minecraft:stone_pickaxe":3,"minecraft:cobblestone_wall":24,"biomesoplenty:magic_planks":72,"minecraft:dark_oak_planks":24,"minecraft:cooked_beef":44,"minecraft:enchanting_table":1,"travelersbackpack:backpack_tank":4,"minecraft:iron_sword":1,"tacz:gun_smith_table":1,"minecraft:bucket":2,"minecraft:jungle_planks":44,"minecraft:air":0,"minecraft:bread":1,"biomesoplenty:magic_stairs":8,"travelersbackpack:squid":1,"minecraft:wooden_axe":1,"minecraft:iron_shovel":1,"minecraft:iron_leggings":1,"minecraft:white_bed":1,"minecraft:torch":156},"minecraft:dropped":{"minecraft:iron_sword":1,"minecraft:diamond":1,"minecraft:crafting_table":1,"minecraft:dark_oak_sapling":2,"minecraft:leather":6,"minecraft:leather_helmet":1,"minecraft:flint":4,"minecraft:dirt":8,"minecraft:jungle_sapling":10,"minecraft:wooden_sword":1,"minecraft:phantom_membrane":4,"minecraft:bone":19,"minecraft:gravel":15,"minecraft:golden_chestplate":2,"minecraft:cobbled_deepslate":374,"minecraft:rotten_flesh":74,"universal_graves:grave_compass":12,"minecraft:oak_planks":2,"minecraft:jungle_trapdoor":1,"minecraft:carrot":2,"minecraft:deepslate_tiles":3,"minecraft:charcoal":2,"minecraft:jungle_log":6,"minecraft:leather_boots":1,"minecraft:leather_leggings":1,"minecraft:iron_bars":6,"minecraft:glass":18,"minecraft:bread":27,"biomesoplenty:lavender":2,"minecraft:iron_helmet":1,"minecraft:feather":2,"minecraft:cobblestone":842,"biomesoplenty:jacaranda_planks":4,"contagion:contagious_flesh":7,"minecraft:stick":4,"minecraft:torch":3,"travelersbackpack:blank_upgrade":4,"minecraft:iron_leggings":1,"tacz:modern_kinetic_gun":1,"minecraft:iron_axe":5,"minecraft:stone_sword":2,"minecraft:raw_copper":18,"minecraft:cocoa_beans":5,"minecraft:tuff":54,"minecraft:iron_boots":2,"minecraft:iron_hoe":1,"minecraft:blast_furnace":3,"minecraft:deepslate_bricks":6,"minecraft:potato":40,"minecraft:cobblestone_slab":2,"travelersbackpack:lapis":1,"minecraft:iron_chestplate":1,"minecraft:mossy_stone_bricks":1,"minecraft:golden_leggings":1,"minecraft:golden_sword":4,"minecraft:spider_eye":1,"minecraft:stone_bricks":23,"minecraft:wooden_pickaxe":1},"minecraft:mined":{"minecraft:dark_oak_planks":3,"minecraft:spruce_planks":7,"minecraft:white_bed":2,"minecraft:oak_sapling":2,"minecraft:jungle_slab":5,"minecraft:jungle_leaves":3,"minecraft:cherry_log":7,"minecraft:cobblestone_stairs":1,"minecraft:sculk_vein":7,"minecraft:brewing_stand":2,"minecraft:obsidian":23,"minecraft:grass_block":4,"minecraft:stone_brick_wall":1,"minecraft:jungle_log":2,"minecraft:deepslate_bricks":6,"travelersbackpack:iron":1,"minecraft:green_concrete":2,"minecraft:hopper":1,"minecraft:chiseled_stone_bricks":1,"minecraft:spawner":7,"biomesoplenty:tall_lavender":1,"minecraft:magma_block":2,"minecraft:sculk_catalyst":1,"minecraft:iron_ore":42,"minecraft:cobbled_deepslate":21,"biomesoplenty:lavender":5,"minecraft:deepslate_lapis_ore":12,"minecraft:fletching_table":1,"minecraft:dark_oak_stairs":1,"minecraft:sculk_shrieker":1,"minecraft:water_cauldron":5,"minecraft:iron_bars":8,"minecraft:deepslate_brick_stairs":1,"biomesoplenty:jacaranda_trapdoor":3,"minecraft:blue_orchid":1,"minecraft:iron_block":22,"minecraft:tripwire":5,"minecraft:deepslate_redstone_ore":46,"hwg:gun_table":3,"biomesoplenty:jacaranda_planks":24,"minecraft:soul_fire":5,"minecraft:amethyst_cluster":13,"minecraft:torch":13,"minecraft:jungle_stairs":3,"minecraft:blast_furnace":2,"minecraft:calcite":3,"minecraft:melon":1,"minecraft:chest":15,"minecraft:nether_quartz_ore":118,"minecraft:cobblestone":107,"minecraft:damaged_anvil":5,"minecraft:grindstone":1,"minecraft:oak_planks":29,"minecraft:wall_torch":19,"minecraft:amethyst_block":7,"minecraft:cauldron":2,"minecraft:deepslate_copper_ore":4,"minecraft:repeater":27,"biomesoplenty:magic_planks":2,"minecraft:jukebox":2,"minecraft:stone_brick_stairs":3,"minecraft:grass":19,"minecraft:oak_log":11,"minecraft:dirt":44,"minecraft:smooth_basalt":6,"minecraft:netherrack":27,"minecraft:oak_leaves":6,"minecraft:deepslate":1196,"minecraft:nether_gold_ore":4,"minecraft:deepslate_tiles":3,"minecraft:tuff":95,"minecraft:mossy_cobblestone":9,"minecraft:deepslate_diamond_ore":40,"minecraft:lever":1,"minecraft:ladder":1,"minecraft:stone_button":4,"minecraft:jungle_planks":8,"minecraft:redstone_wire":45,"travelersbackpack:white_sleeping_bag":1,"biomesoplenty:jacaranda_sapling":10,"minecraft:large_fern":1,"minecraft:hay_block":12,"biomesoplenty:jacaranda_log":8,"minecraft:furnace":18,"minecraft:jungle_sapling":2,"minecraft:bookshelf":37,"minecraft:cobblestone_slab":8,"minecraft:deepslate_iron_ore":34,"minecraft:vine":2,"minecraft:lantern":3,"minecraft:stripped_jungle_log":1,"minecraft:stone":3205,"minecraft:cherry_stairs":4,"biomesoplenty:rose_quartz_cluster":2,"minecraft:white_wool":3,"minecraft:redstone_wall_torch":1,"minecraft:smithing_table":1,"biomesoplenty:magic_stairs":2,"minecraft:soul_sand":9,"toughasnails:water_purifier":2,"biomesoplenty:orange_sand":83,"minecraft:stripped_dark_oak_log":9,"minecraft:stone_brick_slab":1,"travelersbackpack:standard":3,"minecraft:crafting_table":6,"biomesoplenty:mahogany_planks":1,"biomesoplenty:snowblossom_leaves":10,"minecraft:andesite_wall":1,"minecraft:copper_ore":18,"minecraft:tall_grass":6,"minecraft:deepslate_coal_ore":14,"minecraft:lapis_ore":1,"minecraft:deepslate_gold_ore":57,"minecraft:sculk":63,"minecraft:spruce_stairs":1,"minecraft:cobblestone_wall":13,"biomesoplenty:mahogany_log":6,"minecraft:jungle_fence":3,"minecraft:coal_ore":139,"minecraft:cherry_leaves":3,"minecraft:gravel":90,"minecraft:cobweb":1,"minecraft:cracked_stone_bricks":7,"minecraft:polished_andesite":1,"minecraft:stone_bricks":87,"minecraft:mossy_stone_bricks":7,"minecraft:fern":2},"minecraft:broken":{"toughasnails:copper_dirty_water_canteen":4,"minecraft:stone_pickaxe":3,"minecraft:diamond_pickaxe":1,"toughasnails:iron_dirty_water_canteen":1,"toughasnails:copper_water_canteen":7,"toughasnails:iron_purified_water_canteen":2,"minecraft:iron_axe":1,"minecraft:iron_pickaxe":5,"toughasnails:iron_water_canteen":2}},"DataVersion":3465}