{"stats":{"minecraft:custom":{"minecraft:interact_with_crafting_table":92,"minecraft:open_barrel":23,"minecraft:eat_cake_slice":3,"minecraft:leave_game":8,"minecraft:time_since_death":16688,"minecraft:sprint_one_cm":662745,"minecraft:drop":150,"minecraft:play_time":493278,"minecraft:deaths":17,"minecraft:jump":3812,"minecraft:walk_on_water_one_cm":112314,"minecraft:interact_with_furnace":90,"minecraft:sleep_in_bed":13,"minecraft:damage_dealt":56748,"minecraft:crouch_one_cm":122177,"minecraft:interact_with_smoker":4,"minecraft:inspect_dispenser":2,"minecraft:interact_with_smithing_table":5,"minecraft:mob_kills":443,"minecraft:climb_one_cm":26727,"minecraft:walk_one_cm":1024985,"minecraft:sneak_time":56743,"minecraft:walk_under_water_one_cm":34080,"minecraft:interact_with_blast_furnace":6,"minecraft:total_world_time":493278,"minecraft:time_since_rest":16718,"minecraft:damage_taken":19654,"minecraft:swim_one_cm":131853,"minecraft:fly_one_cm":602018,"minecraft:open_chest":442,"minecraft:fall_one_cm":105434},"minecraft:crafted":{"minecraft:oak_planks":28,"minecraft:cobblestone_slab":30,"travelersbackpack:crafting_upgrade":1,"toughasnails:empty_iron_canteen":3,"minecraft:stone":256,"minecraft:lever":1,"minecraft:bookshelf":45,"minecraft:cooked_mutton":3,"toughasnails:empty_copper_canteen":3,"minecraft:glass":57,"minecraft:hopper":8,"minecraft:repeater":12,"minecraft:iron_boots":2,"minecraft:chest":37,"biomesoplenty:jacaranda_trapdoor":20,"minecraft:stone_bricks":284,"travelersbackpack:iron_tier_upgrade":1,"biomesoplenty:jacaranda_planks":924,"minecraft:crafting_table":7,"travelersbackpack:standard":1,"minecraft:wooden_pickaxe":1,"minecraft:iron_helmet":2,"biomesoplenty:jacaranda_fence_gate":2,"minecraft:smithing_table":1,"minecraft:copper_ingot":17,"biomesoplenty:jacaranda_slab":30,"minecraft:stone_brick_stairs":12,"minecraft:iron_chestplate":2,"minecraft:diamond_pickaxe":2,"minecraft:stick":98,"minecraft:iron_ingot":75,"minecraft:iron_pickaxe":3,"minecraft:stone_sword":1,"minecraft:gold_ingot":8,"minecraft:redstone_torch":32,"minecraft:cherry_planks":12,"minecraft:wooden_sword":1,"biomesoplenty:mahogany_planks":20,"minecraft:furnace":12,"travelersbackpack:blank_upgrade":4,"travelersbackpack:gold_tier_upgrade":1,"minecraft:flint_and_steel":1,"travelersbackpack:white_sleeping_bag":1,"minecraft:iron_axe":2,"minecraft:ladder":33,"minecraft:cherry_stairs":4,"minecraft:stone_pickaxe":3,"minecraft:cobblestone_wall":24,"biomesoplenty:magic_planks":72,"minecraft:dark_oak_planks":24,"minecraft:cooked_beef":44,"minecraft:enchanting_table":1,"travelersbackpack:backpack_tank":4,"minecraft:iron_sword":1,"tacz:gun_smith_table":1,"minecraft:bucket":2,"minecraft:jungle_planks":44,"minecraft:air":0,"minecraft:bread":1,"biomesoplenty:magic_stairs":8,"travelersbackpack:squid":1,"minecraft:wooden_axe":1,"minecraft:iron_shovel":1,"minecraft:iron_leggings":1,"minecraft:white_bed":1,"minecraft:torch":156},"minecraft:used":{"fwaystones:waystone":4,"minecraft:iron_shovel":123,"toughasnails:copper_dirty_water_canteen":64,"minecraft:ladder":26,"travelersbackpack:lapis":2,"minecraft:chest":38,"minecraft:iron_sword":198,"minecraft:nether_wart":3,"minecraft:soul_sand":9,"toughasnails:iron_purified_water_canteen":13,"minecraft:jungle_planks":40,"minecraft:jungle_slab":2,"travelersbackpack:iron":4,"minecraft:tuff":2,"minecraft:obsidian":15,"toughasnails:iron_dirty_water_canteen":16,"minecraft:lava_bucket":1,"minecraft:lantern":4,"minecraft:iron_helmet":1,"minecraft:stone_brick_stairs":6,"minecraft:stone_bricks":230,"biomesoplenty:jacaranda_sapling":7,"minecraft:repeater":11,"minecraft:furnace":29,"minecraft:dark_oak_stairs":1,"minecraft:leather_leggings":1,"minecraft:damaged_anvil":4,"minecraft:oak_planks":11,"minecraft:stone_pickaxe":393,"minecraft:jungle_fence":4,"minecraft:wooden_pickaxe":35,"biomesoplenty:flowering_oak_sapling":1,"fwaystones:stone_brick_waystone":1,"toughasnails:copper_water_canteen":73,"biomesoplenty:magic_planks":15,"biomesoplenty:jacaranda_planks":266,"minecraft:lever":1,"minecraft:melon_slice":3,"minecraft:bread":68,"minecraft:gravel":5,"minecraft:diamond_sword":674,"minecraft:wooden_sword":48,"biomesoplenty:magic_stairs":6,"minecraft:smithing_table":2,"toughasnails:iron_water_canteen":24,"minecraft:enchanting_table":1,"minecraft:stone_sword":131,"minecraft:flint_and_steel":1,"biomesoplenty:jacaranda_fence_gate":2,"toughasnails:water_purifier":2,"minecraft:redstone":31,"tacz:gun_smith_table":1,"toughasnails:empty_copper_canteen":14,"minecraft:torch":231,"minecraft:brewing_stand":4,"minecraft:dirt":8,"toughasnails:empty_iron_canteen":7,"minecraft:hopper":9,"minecraft:cobblestone_wall":13,"biomesoplenty:jacaranda_slab":24,"minecraft:dark_oak_planks":4,"minecraft:wooden_axe":5,"minecraft:bookshelf":47,"minecraft:iron_axe":186,"travelersbackpack:squid":1,"minecraft:smooth_basalt":6,"minecraft:cooked_beef":16,"minecraft:cobbled_deepslate":148,"minecraft:calcite":2,"minecraft:cooked_mutton":3,"minecraft:water_bucket":7,"minecraft:cauldron":6,"minecraft:cobblestone_slab":21,"minecraft:crafting_table":12,"minecraft:white_bed":2,"biomesoplenty:jacaranda_trapdoor":14,"minecraft:diamond_pickaxe":2835,"minecraft:apple":30,"minecraft:iron_pickaxe":1027,"travelersbackpack:white_sleeping_bag":1,"minecraft:jungle_stairs":1,"minecraft:cobblestone":427,"minecraft:cherry_stairs":4,"travelersbackpack:standard":9,"minecraft:bucket":8,"hwg:gun_table":2,"minecraft:jukebox":2},"minecraft:broken":{"toughasnails:copper_dirty_water_canteen":4,"minecraft:stone_pickaxe":3,"minecraft:diamond_pickaxe":1,"toughasnails:iron_dirty_water_canteen":1,"toughasnails:copper_water_canteen":7,"minecraft:iron_axe":1,"minecraft:iron_pickaxe":4,"toughasnails:iron_water_canteen":2},"minecraft:killed_by":{"zombies_plus:bow_zombie":5,"mozombies_wave:zombie_herobrine":1,"minecraft:witch":1,"minecraft:zombie":1,"mozombies_wave:zombie_knight":1,"zombies_plus:axe_zombie":3},"minecraft:mined":{"minecraft:dark_oak_planks":3,"minecraft:spruce_planks":7,"minecraft:white_bed":1,"minecraft:oak_sapling":2,"minecraft:jungle_slab":5,"minecraft:jungle_leaves":3,"minecraft:cherry_log":7,"minecraft:cobblestone_stairs":1,"minecraft:brewing_stand":2,"minecraft:obsidian":23,"minecraft:grass_block":3,"minecraft:stone_brick_wall":1,"minecraft:jungle_log":2,"minecraft:deepslate_bricks":6,"travelersbackpack:iron":1,"minecraft:green_concrete":2,"minecraft:hopper":1,"minecraft:chiseled_stone_bricks":1,"minecraft:spawner":7,"minecraft:magma_block":2,"minecraft:iron_ore":42,"minecraft:cobbled_deepslate":16,"biomesoplenty:lavender":2,"minecraft:deepslate_lapis_ore":12,"minecraft:fletching_table":1,"minecraft:dark_oak_stairs":1,"minecraft:water_cauldron":5,"minecraft:iron_bars":8,"minecraft:deepslate_brick_stairs":1,"biomesoplenty:jacaranda_trapdoor":3,"minecraft:blue_orchid":1,"minecraft:iron_block":22,"minecraft:tripwire":5,"minecraft:deepslate_redstone_ore":14,"hwg:gun_table":2,"biomesoplenty:jacaranda_planks":21,"minecraft:soul_fire":5,"minecraft:amethyst_cluster":13,"minecraft:torch":10,"minecraft:jungle_stairs":3,"minecraft:blast_furnace":2,"minecraft:calcite":3,"minecraft:melon":1,"minecraft:chest":15,"minecraft:nether_quartz_ore":118,"minecraft:cobblestone":78,"minecraft:damaged_anvil":5,"minecraft:grindstone":1,"minecraft:oak_planks":29,"minecraft:wall_torch":15,"minecraft:amethyst_block":7,"minecraft:cauldron":2,"minecraft:deepslate_copper_ore":4,"biomesoplenty:magic_planks":2,"minecraft:jukebox":2,"minecraft:stone_brick_stairs":2,"minecraft:grass":13,"minecraft:oak_log":11,"minecraft:dirt":31,"minecraft:smooth_basalt":6,"minecraft:netherrack":27,"minecraft:oak_leaves":6,"minecraft:deepslate":551,"minecraft:nether_gold_ore":4,"minecraft:deepslate_tiles":3,"minecraft:tuff":67,"minecraft:mossy_cobblestone":9,"minecraft:deepslate_diamond_ore":7,"minecraft:ladder":1,"minecraft:jungle_planks":8,"minecraft:redstone_wire":2,"travelersbackpack:white_sleeping_bag":1,"biomesoplenty:jacaranda_sapling":10,"minecraft:large_fern":1,"minecraft:hay_block":12,"biomesoplenty:jacaranda_log":8,"minecraft:furnace":18,"minecraft:jungle_sapling":2,"minecraft:bookshelf":37,"minecraft:cobblestone_slab":8,"minecraft:deepslate_iron_ore":18,"minecraft:vine":2,"minecraft:lantern":3,"minecraft:stripped_jungle_log":1,"minecraft:stone":2805,"minecraft:cherry_stairs":4,"biomesoplenty:rose_quartz_cluster":2,"minecraft:white_wool":3,"minecraft:smithing_table":1,"biomesoplenty:magic_stairs":2,"minecraft:soul_sand":9,"toughasnails:water_purifier":2,"biomesoplenty:orange_sand":83,"minecraft:stripped_dark_oak_log":9,"minecraft:stone_brick_slab":1,"travelersbackpack:standard":3,"minecraft:crafting_table":6,"biomesoplenty:mahogany_planks":1,"biomesoplenty:snowblossom_leaves":10,"minecraft:andesite_wall":1,"minecraft:copper_ore":11,"minecraft:tall_grass":6,"minecraft:deepslate_coal_ore":14,"minecraft:lapis_ore":1,"minecraft:deepslate_gold_ore":37,"minecraft:spruce_stairs":1,"minecraft:cobblestone_wall":13,"biomesoplenty:mahogany_log":6,"minecraft:jungle_fence":3,"minecraft:coal_ore":139,"minecraft:cherry_leaves":3,"minecraft:gravel":90,"minecraft:cobweb":1,"minecraft:cracked_stone_bricks":2,"minecraft:polished_andesite":1,"minecraft:stone_bricks":51,"minecraft:mossy_stone_bricks":4,"minecraft:fern":2},"minecraft:dropped":{"minecraft:iron_sword":1,"minecraft:diamond":1,"minecraft:crafting_table":1,"minecraft:dark_oak_sapling":2,"minecraft:leather":6,"minecraft:leather_helmet":1,"minecraft:flint":4,"minecraft:dirt":8,"minecraft:jungle_sapling":10,"minecraft:wooden_sword":1,"minecraft:phantom_membrane":4,"minecraft:bone":19,"minecraft:gravel":15,"minecraft:golden_chestplate":2,"minecraft:cobbled_deepslate":374,"minecraft:rotten_flesh":74,"universal_graves:grave_compass":10,"minecraft:oak_planks":2,"minecraft:jungle_trapdoor":1,"minecraft:carrot":2,"minecraft:deepslate_tiles":3,"minecraft:charcoal":2,"minecraft:jungle_log":6,"minecraft:leather_boots":1,"minecraft:leather_leggings":1,"minecraft:iron_bars":6,"minecraft:glass":18,"minecraft:bread":27,"minecraft:iron_helmet":1,"minecraft:feather":2,"minecraft:cobblestone":842,"biomesoplenty:jacaranda_planks":4,"contagion:contagious_flesh":7,"minecraft:stick":4,"minecraft:torch":3,"travelersbackpack:blank_upgrade":4,"minecraft:iron_leggings":1,"minecraft:iron_axe":5,"minecraft:stone_sword":2,"minecraft:raw_copper":18,"minecraft:cocoa_beans":5,"minecraft:tuff":54,"minecraft:iron_boots":1,"minecraft:blast_furnace":3,"minecraft:deepslate_bricks":6,"minecraft:potato":40,"minecraft:cobblestone_slab":2,"travelersbackpack:lapis":1,"minecraft:iron_chestplate":1,"minecraft:mossy_stone_bricks":1,"minecraft:golden_leggings":1,"minecraft:golden_sword":4,"minecraft:spider_eye":1,"minecraft:stone_bricks":23,"minecraft:wooden_pickaxe":1},"minecraft:killed":{"zombies_plus:slow_zombie":2,"mozombies_wave:zombie_king":2,"zombies_plus:shrieker_zombie":1,"mozombies_wave:zombie_chef":4,"mozombies_wave:nether_zombie":1,"zombies_plus:cave_zombie":9,"minecraft:chicken":1,"mozombies_wave:zombie_knight":2,"mozombies_wave:disco_zombie":4,"minecraft:magma_cube":4,"minecraft:pig":7,"undeadnights:horde_zombie":17,"minecraft:zombie_villager":4,"mozombies_wave:zombie_miner":1,"minecraft:sheep":4,"zombies_plus:crossbow_zombie":4,"minecraft:zombie":273,"mozombies_wave:zombie_dwarf":9,"minecraft:cow":14,"zombies_plus:brute_zombie":3,"zombies_plus:runner_zombie":14,"minecraft:vindicator":7,"zombies_plus:weak_zombie":2,"mozombies_wave:zombie_pa":1,"minecraft:drowned":11,"mozombies_wave:zombie_cyborg":1,"zombies_plus:sword_zombie":6,"mozombies_wave:zombie_pirate":2,"zombies_plus:crawler_zombie":8,"zombies_plus:leaper_zombie":4,"zombies_plus:axe_zombie":4,"zombies_plus:bow_zombie":3},"minecraft:picked_up":{"contagion:contagious_flesh":49,"minecraft:smithing_table":1,"minecraft:diamond_sword":1,"minecraft:stone_brick_stairs":2,"toughasnails:empty_iron_canteen":1,"minecraft:brewing_stand":6,"minecraft:golden_sword":4,"minecraft:amethyst_block":7,"minecraft:string":43,"minecraft:raw_copper":58,"universal_graves:grave_compass":6,"minecraft:deepslate_tiles":3,"minecraft:gold_nugget":37,"minecraft:cobbled_deepslate":608,"minecraft:spruce_planks":7,"toughasnails:copper_water_canteen":2,"minecraft:cobblestone_slab":5,"minecraft:calcite":3,"minecraft:melon_slice":3,"minecraft:furnace":18,"minecraft:stick":114,"minecraft:jukebox":2,"minecraft:torch":93,"travelersbackpack:iron_tier_upgrade":1,"minecraft:spruce_stairs":1,"minecraft:porkchop":14,"tacz:attachment":4,"minecraft:cherry_log":7,"minecraft:golden_chestplate":2,"minecraft:cauldron":7,"travelersbackpack:iron":2,"minecraft:andesite_wall":1,"minecraft:stone_sword":1,"minecraft:rotten_flesh":380,"biomesoplenty:rose_quartz_chunk":8,"minecraft:iron_block":22,"minecraft:deepslate_brick_stairs":1,"minecraft:obsidian":43,"minecraft:iron_bars":6,"minecraft:cobblestone":3105,"biomesoplenty:lavender":2,"minecraft:magma_block":2,"minecraft:feather":8,"minecraft:water_bucket":1,"minecraft:jungle_log":21,"minecraft:brown_wool":2,"minecraft:golden_leggings":1,"minecraft:flint":6,"minecraft:tuff":59,"fwaystones:stone_brick_waystone":12,"minecraft:lapis_lazuli":231,"minecraft:dirt":37,"minecraft:lantern":3,"minecraft:leather_boots":1,"minecraft:bone":36,"minecraft:wheat_seeds":4,"minecraft:raw_gold":54,"minecraft:bell":1,"minecraft:grindstone":1,"minecraft:mossy_stone_bricks":2,"minecraft:fletching_table":1,"biomesoplenty:magic_stairs":2,"minecraft:oak_planks":28,"biomesoplenty:mahogany_planks":1,"hwg:gun_table":2,"minecraft:jungle_planks":10,"minecraft:jungle_slab":3,"hwg:grenade_frag":3,"minecraft:mossy_cobblestone":4,"travelersbackpack:white_sleeping_bag":1,"toughasnails:water_purifier":2,"minecraft:diamond":10,"biomesoplenty:magic_planks":2,"minecraft:emerald":19,"minecraft:oak_sapling":15,"minecraft:netherrack":27,"minecraft:diamond_pickaxe":1,"minecraft:crafting_table":7,"minecraft:cocoa_beans":7,"minecraft:charcoal":54,"minecraft:ladder":2,"minecraft:chicken":1,"minecraft:nether_wart":3,"minecraft:leather_leggings":1,"minecraft:stone_brick_wall":1,"biomesoplenty:jacaranda_sapling":119,"minecraft:jungle_trapdoor":1,"minecraft:moss_carpet":3,"minecraft:iron_axe":5,"tacz:ammo":344,"minecraft:blue_orchid":1,"minecraft:cracked_stone_bricks":1,"travelersbackpack:lapis":2,"minecraft:beef":34,"minecraft:jungle_sapling":4,"minecraft:iron_nugget":27,"minecraft:light_gray_wool":1,"minecraft:chest":16,"minecraft:phantom_membrane":24,"minecraft:egg":1,"minecraft:raw_iron":61,"minecraft:cherry_stairs":4,"minecraft:copper_ingot":82,"minecraft:note_block":3,"fwaystones:waystone":7,"minecraft:carrot":2,"minecraft:redstone":268,"minecraft:dark_oak_planks":3,"biomesoplenty:jacaranda_trapdoor":3,"minecraft:arrow":10,"biomesoplenty:jacaranda_log":263,"minecraft:jungle_stairs":1,"minecraft:deepslate_bricks":6,"minecraft:hay_block":12,"minecraft:saddle":1,"minecraft:gold_ingot":108,"minecraft:mutton":6,"biomesoplenty:orange_sand":135,"minecraft:white_wool":29,"minecraft:glow_ink_sac":12,"minecraft:leather":26,"minecraft:jungle_fence":4,"minecraft:oak_log":68,"minecraft:cobblestone_wall":13,"biomesoplenty:jacaranda_planks":21,"minecraft:gunpowder":76,"minecraft:cobblestone_stairs":1,"minecraft:apple":1,"minecraft:stone_bricks":42,"minecraft:iron_ingot":142,"travelersbackpack:blank_upgrade":5,"minecraft:soul_sand":9,"minecraft:dark_oak_stairs":1,"minecraft:book":519,"minecraft:smooth_basalt":6,"minecraft:quartz":118,"minecraft:gravel":46,"minecraft:amethyst_shard":52,"minecraft:blast_furnace":2,"minecraft:white_bed":6,"minecraft:spider_eye":10,"minecraft:leather_helmet":1,"biomesoplenty:flowering_oak_sapling":1,"minecraft:stripped_jungle_log":1,"travelersbackpack:standard":3,"biomesoplenty:mahogany_log":29,"tacz:modern_kinetic_gun":1,"minecraft:painting":1,"minecraft:damaged_anvil":5,"minecraft:stripped_dark_oak_log":6,"minecraft:coal":317,"minecraft:ender_pearl":9}},"DataVersion":3465}