{"stats":{"minecraft:dropped":{"minecraft:golden_axe":1,"man:cassette_1safetyinstructions":1,"minecraft:apple":2,"minecraft:granite":5,"minecraft:dirt":4,"minecraft:diorite":2,"minecraft:oak_sapling":10,"minecraft:chest":1,"gravestone:obituary":2,"minecraft:wooden_pickaxe":1},"minecraft:custom":{"minecraft:interact_with_furnace":30,"minecraft:mob_kills":25,"minecraft:interact_with_crafting_table":13,"minecraft:leave_game":2,"minecraft:time_since_death":5416,"minecraft:sleep_in_bed":3,"minecraft:time_since_rest":5441,"minecraft:sprint_one_cm":118152,"minecraft:damage_taken":1188,"minecraft:walk_one_cm":95899,"minecraft:drop":12,"minecraft:damage_dealt":2445,"minecraft:swim_one_cm":8184,"minecraft:fly_one_cm":131014,"minecraft:open_chest":2,"minecraft:crouch_one_cm":10404,"minecraft:play_time":58787,"minecraft:deaths":2,"minecraft:sneak_time":5247,"minecraft:walk_under_water_one_cm":15139,"minecraft:jump":727,"minecraft:walk_on_water_one_cm":10513,"minecraft:total_world_time":58787,"minecraft:fall_one_cm":23835},"minecraft:mined":{"gravestone:gravestone":1,"minecraft:granite":5,"minecraft:grass_block":4,"minecraft:chest":1,"minecraft:copper_ore":3,"minecraft:cobblestone":8,"minecraft:sugar_cane":3,"minecraft:diorite":2,"minecraft:furnace":1,"minecraft:iron_ore":33,"minecraft:grass":1,"minecraft:coal_ore":51,"minecraft:pointed_dripstone":1,"minecraft:oak_log":5,"minecraft:deepslate_iron_ore":1,"minecraft:dirt":8,"minecraft:stone":75,"minecraft:oak_leaves":2},"minecraft:crafted":{"minecraft:cooked_beef":6,"minecraft:oak_planks":36,"minecraft:crafting_table":2,"minecraft:wooden_pickaxe":1,"minecraft:furnace":3,"minecraft:stone_axe":1,"minecraft:cooked_mutton":18,"minecraft:air":0,"minecraft:iron_chestplate":1,"minecraft:stick":12,"minecraft:iron_ingot":11,"minecraft:iron_pickaxe":1,"minecraft:stone_pickaxe":2,"minecraft:wooden_axe":1,"minecraft:white_bed":1},"minecraft:picked_up":{"minecraft:leather":12,"minecraft:oak_log":22,"minecraft:dirt":8,"minecraft:raw_copper":9,"minecraft:apple":2,"minecraft:beef":16,"minecraft:sugar_cane":8,"minecraft:chest":1,"minecraft:furnace":1,"minecraft:stick":4,"minecraft:raw_iron":33,"minecraft:torch":30,"minecraft:pointed_dripstone":3,"minecraft:diorite":2,"minecraft:white_bed":1,"minecraft:carrot":1,"minecraft:rotten_flesh":4,"minecraft:granite":5,"minecraft:gray_wool":1,"minecraft:oak_sapling":10,"minecraft:black_wool":1,"minecraft:mutton":18,"minecraft:coal":94,"minecraft:white_wool":9,"minecraft:cobblestone":78},"minecraft:killed_by":{"minecraft:skeleton":1,"minecraft:creeper":1},"minecraft:used":{"minecraft:cooked_mutton":1,"minecraft:stone_pickaxe":178,"minecraft:oak_planks":4,"minecraft:wooden_pickaxe":8,"minecraft:iron_chestplate":1,"minecraft:torch":3,"minecraft:dirt":4,"minecraft:crafting_table":2,"minecraft:white_bed":2,"minecraft:wooden_axe":27,"minecraft:stone_axe":14,"minecraft:cobblestone":43,"minecraft:beef":10,"minecraft:furnace":4,"minecraft:cooked_beef":3,"minecraft:gray_wool":1},"minecraft:broken":{"minecraft:stone_pickaxe":1,"minecraft:wooden_axe":1},"minecraft:killed":{"minecraft:skeleton":1,"minecraft:sheep":11,"minecraft:zombie":3,"minecraft:cow":9}},"DataVersion":3120}