{"stats":{"minecraft:killed":{"mozombies_wave:zombie_king":15,"zombies_plus:shrieker_zombie":5,"mozombies_wave:zombie_chef":46,"mozombies_wave:nether_zombie":5,"zombies_plus:cave_zombie":17,"minecraft:chicken":8,"mozombies_wave:zombie_knight":16,"mozombies_wave:zombie_notch":11,"mozombies_wave:disco_zombie":44,"minecraft:magma_cube":4,"undeadnights:horde_zombie":52,"mozombies_wave:zombie_creeper":18,"zombies_plus:crossbow_zombie":4,"minecraft:pillager":1,"minecraft:zombie":1510,"mozombies_wave:zombie_dwarf":20,"minecraft:cow":14,"zombies_plus:brute_zombie":13,"zombies_plus:runner_zombie":25,"minecraft:vindicator":7,"undeadnights:demolition_zombie":2,"mozombies_wave:zombie_pa":20,"zombies_plus:sword_zombie":45,"mozombies_wave:zombie_cyborg":35,"mozombies_wave:zombie_pirate":32,"minecraft:husk":12,"zombies_plus:leaper_zombie":26,"zombies_plus:axe_zombie":41,"undeadnights:elite_zombie":1,"hwg:spy":1,"zombies_plus:bow_zombie":3,"zombies_plus:slow_zombie":30,"minecraft:witch":24,"minecraft:zombified_piglin":1,"minecraft:piglin":2,"minecraft:pig":7,"minecraft:zombie_villager":29,"mozombies_wave:zombie_miner":53,"minecraft:sheep":4,"minecraft:trader_llama":2,"minecraft:ghast":4,"minecraft:blaze":29,"zombies_plus:weak_zombie":29,"minecraft:drowned":15,"zombies_plus:crawler_zombie":22,"minecraft:wither_skeleton":3,"minecraft:player":5},"minecraft:used":{"minecraft:ladder":45,"minecraft:chest":53,"minecraft:stone":9,"minecraft:soul_sand":12,"toughasnails:iron_purified_water_canteen":65,"minecraft:jungle_slab":2,"toughasnails:iron_dirty_water_canteen":16,"minecraft:lava_bucket":7,"minecraft:villager_spawn_egg":8,"minecraft:stone_brick_stairs":7,"biomesoplenty:jacaranda_sapling":7,"minecraft:oak_sapling":1,"minecraft:furnace":29,"travelersbackpack:redstone":1,"minecraft:mossy_stone_bricks":3,"minecraft:leather_leggings":1,"minecraft:damaged_anvil":4,"minecraft:powered_rail":64,"minecraft:wooden_pickaxe":35,"minecraft:composter":4,"biomesoplenty:flowering_oak_sapling":1,"toughasnails:copper_water_canteen":73,"biomesoplenty:jacaranda_planks":413,"minecraft:stone_button":6,"toughasnails:empty_diamond_canteen":6,"minecraft:diamond_sword":1743,"minecraft:wooden_sword":48,"biomesoplenty:magic_stairs":6,"minecraft:smithing_table":2,"minecraft:oak_boat":1,"toughasnails:iron_water_canteen":24,"biomesoplenty:jacaranda_button":62,"minecraft:oak_trapdoor":25,"minecraft:enchanting_table":1,"minecraft:stone_sword":131,"biomesoplenty:jacaranda_fence_gate":2,"toughasnails:water_purifier":2,"minecraft:armor_stand":4,"toughasnails:empty_copper_canteen":14,"minecraft:netherrack":371,"minecraft:torch":503,"minecraft:brewing_stand":4,"toughasnails:diamond_purified_water_canteen":10,"minecraft:golden_shovel":4,"biomesoplenty:jacaranda_slab":32,"minecraft:iron_axe":194,"travelersbackpack:squid":1,"minecraft:barrel":9,"minecraft:smooth_basalt":6,"minecraft:cherry_fence":1,"minecraft:cobbled_deepslate":180,"minecraft:calcite":2,"minecraft:water_bucket":49,"minecraft:cauldron":6,"travelersbackpack:coal":3,"minecraft:cracked_stone_bricks":5,"minecraft:rail":57,"biomesoplenty:fir_slab":2,"minecraft:crafting_table":14,"toughasnails:diamond_water_canteen":1,"minecraft:white_bed":12,"minecraft:oak_log":6,"minecraft:diamond_pickaxe":8486,"minecraft:diamond_shovel":1599,"minecraft:oak_button":139,"minecraft:iron_pickaxe":1257,"travelersbackpack:white_sleeping_bag":1,"minecraft:blue_carpet":1,"minecraft:cobblestone":1965,"minecraft:potion":1,"travelersbackpack:standard":9,"minecraft:jukebox":2,"fwaystones:waystone":8,"minecraft:iron_shovel":123,"minecraft:oak_sign":9,"travelersbackpack:lapis":2,"minecraft:diamond_hoe":81,"toughasnails:copper_dirty_water_canteen":64,"minecraft:zombie_spawn_egg":2,"minecraft:iron_sword":198,"minecraft:nether_wart":12,"travelersbackpack:hay":1,"minecraft:jungle_planks":40,"minecraft:nether_bricks":4,"minecraft:carrot":82,"travelersbackpack:iron":52,"minecraft:tuff":21,"minecraft:obsidian":49,"minecraft:lantern":4,"minecraft:iron_helmet":1,"minecraft:stone_bricks":282,"minecraft:repeater":60,"minecraft:gold_block":1,"minecraft:dark_oak_stairs":1,"minecraft:stone_pickaxe":393,"minecraft:jungle_fence":4,"minecraft:oak_planks":11,"minecraft:diamond_axe":13,"fwaystones:stone_brick_waystone":9,"biomesoplenty:magic_planks":15,"minecraft:redstone_torch":15,"minecraft:sticky_piston":6,"minecraft:lever":3,"minecraft:melon_slice":3,"minecraft:bread":157,"minecraft:string":1,"minecraft:gravel":5,"minecraft:grindstone":1,"minecraft:flint_and_steel":1,"minecraft:redstone":171,"tacz:gun_smith_table":1,"minecraft:dirt":1059,"toughasnails:empty_iron_canteen":14,"minecraft:white_carpet":25,"minecraft:hopper":29,"minecraft:cobblestone_wall":13,"minecraft:iron_hoe":32,"minecraft:dark_oak_planks":4,"minecraft:wooden_axe":5,"minecraft:bookshelf":47,"minecraft:cooked_beef":44,"minecraft:cooked_mutton":3,"minecraft:iron_ore":22,"minecraft:cobblestone_stairs":31,"minecraft:glass_bottle":9,"minecraft:green_bed":1,"minecraft:cobblestone_slab":136,"minecraft:painting":6,"biomesoplenty:jacaranda_trapdoor":14,"minecraft:apple":30,"minecraft:jungle_stairs":1,"minecraft:cherry_stairs":4,"minecraft:bucket":61,"hwg:gun_table":3,"minecraft:splash_potion":4},"minecraft:dropped":{"minecraft:iron_sword":5,"minecraft:glass_bottle":4,"minecraft:diamond":1,"minecraft:crafting_table":1,"minecraft:crossbow":3,"minecraft:leather_helmet":7,"minecraft:dirt":8,"minecraft:jungle_sapling":10,"minecraft:wooden_sword":1,"minecraft:phantom_membrane":4,"minecraft:sugar":6,"minecraft:iron_pickaxe":3,"minecraft:white_wool":8,"minecraft:bone":19,"minecraft:note_block":20,"minecraft:ancient_debris":12,"minecraft:iron_nugget":8,"minecraft:golden_chestplate":11,"minecraft:cobbled_deepslate":374,"minecraft:rotten_flesh":77,"universal_graves:grave_compass":20,"minecraft:oak_planks":2,"minecraft:jungle_trapdoor":1,"minecraft:deepslate_tiles":3,"minecraft:charcoal":2,"minecraft:jungle_log":6,"minecraft:leather_boots":8,"minecraft:leather_leggings":27,"mozombies_wave:disco_glasses":4,"minecraft:glass":18,"biomesoplenty:tall_lavender":4,"minecraft:golden_boots":19,"minecraft:wheat_seeds":16,"biomesoplenty:lavender":69,"minecraft:feather":2,"minecraft:iron_helmet":4,"minecraft:cobblestone":843,"biomesoplenty:jacaranda_planks":4,"minecraft:chainmail_helmet":4,"contagion:contagious_flesh":7,"travelersbackpack:blank_upgrade":4,"minecraft:chainmail_leggings":5,"minecraft:iron_shovel":4,"minecraft:string":1,"minecraft:stone_sword":2,"minecraft:cocoa_beans":5,"minecraft:iron_boots":3,"minecraft:blast_furnace":3,"minecraft:lily_of_the_valley":1,"minecraft:cobblestone_slab":2,"minecraft:potato":47,"minecraft:stone_bricks":23,"minecraft:spider_eye":1,"minecraft:baked_potato":1,"minecraft:dark_oak_sapling":2,"minecraft:leather":6,"minecraft:flint":4,"minecraft:gravel":15,"plentyofarmors:copper_chestplate":2,"minecraft:carrot":39,"minecraft:chainmail_chestplate":7,"minecraft:leather_chestplate":4,"minecraft:dropper":1,"minecraft:iron_bars":6,"minecraft:written_book":1,"minecraft:netherrack":1269,"minecraft:bread":38,"minecraft:golden_helmet":3,"minecraft:mossy_cobblestone":1,"minecraft:stick":11,"minecraft:torch":3,"minecraft:iron_leggings":3,"minecraft:zombie_horse_spawn_egg":1,"tacz:modern_kinetic_gun":2,"minecraft:iron_axe":19,"minecraft:pink_petals":11,"minecraft:raw_copper":18,"minecraft:jukebox":1,"minecraft:tuff":54,"minecraft:iron_hoe":1,"minecraft:deepslate_bricks":6,"minecraft:filled_map":1,"travelersbackpack:lapis":1,"minecraft:iron_chestplate":1,"minecraft:mossy_stone_bricks":1,"minecraft:golden_leggings":9,"minecraft:golden_sword":8,"minecraft:wooden_pickaxe":1},"minecraft:mined":{"minecraft:dark_oak_planks":3,"minecraft:white_bed":6,"minecraft:cherry_log":7,"minecraft:jungle_leaves":3,"biomesoplenty:brimstone":15,"minecraft:light_blue_carpet":1,"minecraft:obsidian":26,"minecraft:granite":1,"biomesoplenty:fir_slab":2,"minecraft:stone_brick_wall":1,"minecraft:jungle_log":2,"biomesoplenty:jacaranda_button":3,"minecraft:deepslate_bricks":6,"travelersbackpack:iron":6,"minecraft:green_concrete":2,"minecraft:hopper":2,"minecraft:chiseled_stone_bricks":1,"minecraft:spawner":7,"travelersbackpack:coal":1,"minecraft:magma_block":146,"biomesoplenty:tall_lavender":1,"minecraft:cobbled_deepslate":28,"minecraft:fire":10,"minecraft:barrel":3,"biomesoplenty:lavender":9,"minecraft:fletching_table":1,"minecraft:deepslate_lapis_ore":12,"minecraft:sculk_shrieker":1,"minecraft:water_cauldron":5,"minecraft:dirt_path":15,"minecraft:deepslate_brick_stairs":1,"minecraft:blue_orchid":1,"minecraft:iron_block":22,"biomesoplenty:jacaranda_trapdoor":3,"minecraft:tripwire":6,"biomesoplenty:jacaranda_planks":26,"minecraft:smoker":2,"minecraft:soul_fire":5,"minecraft:amethyst_cluster":13,"minecraft:torch":40,"minecraft:blast_furnace":2,"minecraft:melon":1,"minecraft:damaged_anvil":5,"minecraft:amethyst_block":7,"minecraft:cherry_fence":1,"minecraft:repeater":27,"biomesoplenty:magic_planks":2,"minecraft:jukebox":2,"minecraft:birch_door":1,"minecraft:stone_brick_stairs":3,"minecraft:grass":39,"minecraft:smooth_basalt":6,"minecraft:stonecutter":1,"minecraft:deepslate":1247,"minecraft:deepslate_tiles":3,"minecraft:mossy_cobblestone":10,"minecraft:nether_bricks":9,"minecraft:jungle_planks":8,"minecraft:redstone_wire":53,"biomesoplenty:jacaranda_log":8,"minecraft:jungle_sapling":2,"minecraft:green_terracotta":1,"minecraft:vine":2,"minecraft:cobblestone_slab":36,"biomesoplenty:brimstone_bud":1,"biomesoplenty:rose_quartz_cluster":3,"minecraft:white_wool":3,"minecraft:smithing_table":1,"minecraft:soul_sand":42,"toughasnails:water_purifier":2,"minecraft:stone_brick_slab":1,"biomesoplenty:mahogany_planks":1,"minecraft:tall_grass":13,"minecraft:copper_ore":63,"minecraft:dried_kelp_block":4,"minecraft:deepslate_gold_ore":58,"minecraft:red_terracotta":1,"minecraft:cobblestone_wall":13,"minecraft:birch_leaves":1,"minecraft:jungle_fence":3,"minecraft:gravel":100,"minecraft:cobweb":8,"minecraft:oak_button":5,"minecraft:stone_bricks":99,"minecraft:gold_ore":7,"minecraft:fern":2,"minecraft:spruce_planks":7,"minecraft:oak_sapling":2,"minecraft:jungle_slab":5,"minecraft:cobblestone_stairs":2,"minecraft:sculk_vein":7,"minecraft:brewing_stand":4,"minecraft:grass_block":305,"minecraft:composter":3,"minecraft:glowstone":17,"minecraft:sculk_catalyst":1,"minecraft:iron_ore":80,"minecraft:dark_oak_stairs":1,"minecraft:iron_bars":8,"biomesoplenty:medium_rose_quartz_bud":1,"minecraft:deepslate_redstone_ore":46,"hwg:gun_table":3,"minecraft:blackstone":7,"minecraft:jungle_stairs":3,"minecraft:calcite":3,"minecraft:chest":15,"minecraft:nether_quartz_ore":267,"minecraft:cobblestone":355,"minecraft:grindstone":1,"minecraft:oak_planks":29,"minecraft:wall_torch":32,"minecraft:cauldron":2,"minecraft:deepslate_copper_ore":6,"minecraft:pink_petals":1,"minecraft:powered_rail":1,"minecraft:oak_log":18,"minecraft:lime_terracotta":1,"minecraft:sand":4,"minecraft:dirt":773,"minecraft:netherrack":3178,"minecraft:ancient_debris":13,"minecraft:oak_leaves":6,"minecraft:nether_gold_ore":15,"minecraft:tuff":111,"minecraft:deepslate_diamond_ore":44,"minecraft:lever":1,"minecraft:ladder":2,"minecraft:stone_button":4,"minecraft:decorated_pot":1,"travelersbackpack:white_sleeping_bag":1,"biomesoplenty:jacaranda_sapling":11,"minecraft:large_fern":1,"minecraft:hay_block":12,"minecraft:oak_trapdoor":3,"minecraft:furnace":18,"minecraft:carrots":2,"minecraft:gold_block":7,"minecraft:nether_brick_fence":15,"minecraft:potted_cherry_sapling":1,"minecraft:bookshelf":39,"minecraft:deepslate_iron_ore":52,"minecraft:shroomlight":1,"minecraft:lantern":3,"minecraft:stripped_jungle_log":1,"minecraft:stone":3639,"minecraft:cherry_stairs":4,"minecraft:redstone_wall_torch":2,"biomesoplenty:magic_stairs":2,"biomesoplenty:orange_sand":83,"minecraft:stripped_dark_oak_log":9,"travelersbackpack:standard":3,"minecraft:crafting_table":6,"biomesoplenty:snowblossom_leaves":10,"minecraft:lectern":2,"minecraft:andesite_wall":1,"minecraft:deepslate_coal_ore":14,"minecraft:lapis_ore":1,"minecraft:sculk":63,"minecraft:spruce_stairs":1,"biomesoplenty:mahogany_log":6,"minecraft:coal_ore":249,"minecraft:cherry_leaves":3,"minecraft:cracked_stone_bricks":9,"minecraft:polished_andesite":1,"minecraft:mossy_stone_bricks":7},"minecraft:picked_up":{"contagion:contagious_flesh":154,"minecraft:flower_pot":1,"minecraft:smithing_table":1,"minecraft:lead":2,"minecraft:diamond_sword":4,"minecraft:brewing_stand":8,"minecraft:golden_sword":7,"minecraft:amethyst_block":7,"minecraft:string":117,"biomesoplenty:tall_lavender":4,"minecraft:shroomlight":1,"minecraft:beetroot":23,"minecraft:gold_nugget":157,"minecraft:cobbled_deepslate":1368,"minecraft:spruce_planks":7,"toughasnails:copper_water_canteen":2,"minecraft:written_book":1,"minecraft:melon_slice":3,"minecraft:golden_helmet":3,"minecraft:jukebox":9,"minecraft:composter":3,"minecraft:cherry_log":7,"minecraft:golden_chestplate":8,"minecraft:cauldron":7,"travelersbackpack:iron":7,"minecraft:stone_sword":1,"biomesoplenty:rose_quartz_chunk":8,"minecraft:iron_block":22,"biomesoplenty:fir_slab":2,"minecraft:blaze_rod":32,"minecraft:iron_bars":6,"biomesoplenty:lavender":71,"minecraft:magma_block":127,"minecraft:feather":11,"minecraft:water_bucket":1,"minecraft:jungle_log":21,"minecraft:brown_wool":2,"minecraft:smoker":2,"minecraft:flint":10,"minecraft:cherry_fence":1,"minecraft:lantern":3,"minecraft:stonecutter":1,"minecraft:glowstone_dust":56,"biomesoplenty:mahogany_planks":1,"hwg:gun_table":3,"minecraft:dropper":2,"minecraft:barrel":3,"minecraft:iron_hoe":1,"toughasnails:water_purifier":2,"biomesoplenty:magic_planks":2,"minecraft:lever":1,"minecraft:writable_book":1,"minecraft:granite":1,"minecraft:chainmail_helmet":3,"hwg:bullets":10,"minecraft:diamond_pickaxe":5,"minecraft:crafting_table":7,"minecraft:nether_wart":55,"minecraft:leather_leggings":18,"biomesoplenty:jacaranda_sapling":127,"minecraft:jungle_trapdoor":1,"tacz:ammo":1457,"minecraft:white_carpet":4,"minecraft:iron_shovel":2,"travelersbackpack:redstone":1,"minecraft:cracked_stone_bricks":8,"travelersbackpack:lapis":2,"minecraft:beef":54,"minecraft:jungle_sapling":4,"minecraft:iron_nugget":64,"minecraft:chest":17,"minecraft:egg":3,"mozombies_wave:disco_glasses":6,"minecraft:carrot":25,"minecraft:redstone":570,"minecraft:blue_carpet":2,"minecraft:tnt":4,"biomesoplenty:jacaranda_log":285,"minecraft:beetroot_seeds":44,"minecraft:deepslate_bricks":6,"minecraft:hay_block":12,"minecraft:gold_ingot":127,"minecraft:mutton":6,"minecraft:white_wool":29,"biomesoplenty:orange_sand":135,"minecraft:jungle_fence":4,"minecraft:oak_log":198,"minecraft:ancient_debris":25,"minecraft:golden_boots":6,"minecraft:stone_bricks":89,"minecraft:apple":12,"minecraft:iron_ore":13,"minecraft:glass_bottle":2,"travelersbackpack:blank_upgrade":5,"minecraft:iron_sword":3,"minecraft:dark_oak_stairs":1,"endrem:witch_pupil":2,"minecraft:smooth_basalt":6,"minecraft:gravel":49,"minecraft:leather_helmet":6,"biomesoplenty:flowering_oak_sapling":15,"travelersbackpack:standard":3,"biomesoplenty:mahogany_log":29,"tacz:modern_kinetic_gun":4,"minecraft:light_blue_carpet":1,"minecraft:diamond_axe":1,"minecraft:painting":6,"minecraft:oak_button":8,"minecraft:baked_potato":2,"minecraft:stripped_dark_oak_log":6,"minecraft:hopper":4,"minecraft:ender_pearl":16,"minecraft:nether_brick_fence":14,"minecraft:potion":3,"minecraft:stone_brick_stairs":3,"toughasnails:empty_iron_canteen":1,"minecraft:raw_copper":1697,"universal_graves:grave_compass":11,"biomesoplenty:brimstone":15,"minecraft:deepslate_tiles":3,"minecraft:redstone_torch":7,"minecraft:cobblestone_slab":47,"minecraft:calcite":3,"minecraft:iron_pickaxe":3,"minecraft:iron_boots":2,"minecraft:furnace":18,"minecraft:stick":173,"minecraft:torch":158,"travelersbackpack:iron_tier_upgrade":1,"minecraft:spruce_stairs":1,"minecraft:porkchop":18,"tacz:attachment":6,"minecraft:andesite_wall":1,"minecraft:rotten_flesh":1380,"plentyofarmors:copper_chestplate":1,"minecraft:deepslate_brick_stairs":1,"minecraft:obsidian":49,"minecraft:cobblestone":4149,"minecraft:leather_chestplate":3,"minecraft:pink_petals":12,"minecraft:repeater":30,"minecraft:golden_leggings":6,"minecraft:potato":19,"minecraft:tuff":103,"fwaystones:stone_brick_waystone":15,"minecraft:lapis_lazuli":242,"minecraft:dirt":1001,"minecraft:leather_boots":8,"minecraft:bone":115,"minecraft:wheat_seeds":22,"minecraft:raw_gold":120,"minecraft:bell":1,"minecraft:grindstone":1,"minecraft:mossy_stone_bricks":5,"minecraft:fletching_table":1,"biomesoplenty:magic_stairs":2,"minecraft:powered_rail":1,"minecraft:oak_planks":28,"biomesoplenty:jacaranda_button":13,"minecraft:sand":4,"minecraft:jungle_planks":10,"minecraft:lily_of_the_valley":1,"minecraft:jungle_slab":3,"hwg:grenade_frag":3,"minecraft:mossy_cobblestone":5,"travelersbackpack:white_sleeping_bag":1,"minecraft:sugar":11,"minecraft:diamond":101,"minecraft:crossbow":3,"minecraft:golden_apple":2,"minecraft:emerald":43,"minecraft:oak_sapling":59,"minecraft:netherrack":2432,"minecraft:cocoa_beans":7,"minecraft:charcoal":54,"minecraft:azure_bluet":3,"minecraft:chicken":9,"minecraft:ladder":3,"minecraft:stone_brick_wall":1,"minecraft:gold_block":7,"minecraft:brick":4,"minecraft:oak_trapdoor":2,"minecraft:moss_carpet":3,"minecraft:iron_axe":14,"minecraft:blackstone":5,"minecraft:blue_orchid":1,"minecraft:light_gray_wool":1,"minecraft:lectern":2,"minecraft:phantom_membrane":46,"minecraft:raw_iron":212,"minecraft:cherry_stairs":4,"minecraft:copper_ingot":82,"minecraft:note_block":23,"fwaystones:waystone":8,"minecraft:stone_button":4,"minecraft:dark_oak_planks":3,"biomesoplenty:jacaranda_trapdoor":3,"minecraft:arrow":12,"minecraft:jungle_stairs":1,"minecraft:nether_bricks":4,"minecraft:saddle":1,"minecraft:glow_ink_sac":12,"minecraft:leather":40,"minecraft:chainmail_chestplate":5,"minecraft:gunpowder":224,"biomesoplenty:jacaranda_planks":26,"minecraft:cobblestone_wall":13,"minecraft:cobblestone_stairs":2,"minecraft:iron_ingot":158,"travelersbackpack:coal":2,"minecraft:soul_sand":42,"minecraft:book":525,"minecraft:quartz":465,"minecraft:amethyst_shard":52,"minecraft:blast_furnace":2,"minecraft:white_bed":11,"minecraft:spruce_door":1,"minecraft:spider_eye":27,"minecraft:stripped_jungle_log":1,"minecraft:dried_kelp_block":4,"minecraft:chainmail_leggings":2,"minecraft:iron_helmet":1,"minecraft:cherry_sapling":1,"minecraft:damaged_anvil":5,"minecraft:coal":631},"minecraft:broken":{"toughasnails:copper_dirty_water_canteen":4,"minecraft:diamond_pickaxe":1,"toughasnails:iron_dirty_water_canteen":1,"toughasnails:copper_water_canteen":7,"minecraft:iron_axe":1,"minecraft:iron_pickaxe":5,"minecraft:stone_pickaxe":3,"toughasnails:iron_purified_water_canteen":7,"toughasnails:iron_water_canteen":2},"minecraft:custom":{"minecraft:interact_with_crafting_table":145,"minecraft:open_barrel":39,"minecraft:bell_ring":14,"minecraft:eat_cake_slice":3,"minecraft:leave_game":20,"minecraft:time_since_death":138381,"minecraft:play_time":1326553,"minecraft:deaths":30,"minecraft:jump":8082,"minecraft:enchant_item":10,"minecraft:interact_with_furnace":142,"minecraft:sleep_in_bed":41,"minecraft:damage_dealt":130479,"minecraft:interact_with_smoker":19,"minecraft:inspect_dispenser":2,"minecraft:interact_with_smithing_table":6,"minecraft:interact_with_anvil":7,"minecraft:inspect_hopper":4,"minecraft:damage_dealt_absorbed":481,"minecraft:sneak_time":167414,"minecraft:interact_with_blast_furnace":71,"minecraft:total_world_time":1326553,"minecraft:time_since_rest":38215,"minecraft:swim_one_cm":181201,"minecraft:fly_one_cm":1093683,"minecraft:open_chest":1027,"minecraft:fall_one_cm":210033,"minecraft:sprint_one_cm":1480867,"minecraft:drop":405,"minecraft:talked_to_villager":2,"minecraft:interact_with_brewingstand":24,"minecraft:walk_on_water_one_cm":164618,"minecraft:player_kills":5,"minecraft:crouch_one_cm":481399,"minecraft:mob_kills":2359,"minecraft:damage_dealt_resisted":1570,"minecraft:climb_one_cm":70009,"minecraft:walk_one_cm":2787544,"minecraft:walk_under_water_one_cm":105656,"minecraft:boat_one_cm":709,"minecraft:interact_with_grindstone":3,"minecraft:damage_taken":31135},"minecraft:crafted":{"minecraft:oak_sign":9,"travelersbackpack:crafting_upgrade":1,"minecraft:blaze_powder":2,"toughasnails:empty_iron_canteen":3,"minecraft:diamond_shovel":1,"minecraft:lever":4,"minecraft:bookshelf":45,"minecraft:cooked_mutton":3,"toughasnails:empty_copper_canteen":3,"minecraft:glass":57,"minecraft:diamond_helmet":1,"minecraft:repeater":32,"biomesoplenty:jacaranda_trapdoor":20,"biomesoplenty:jacaranda_stairs":16,"minecraft:glass_bottle":6,"plentyofarmors:marine_diamond_leggings":1,"travelersbackpack:standard":1,"biomesoplenty:jacaranda_fence_gate":2,"minecraft:smithing_table":1,"minecraft:copper_ingot":732,"minecraft:sticky_piston":6,"minecraft:stone_brick_stairs":12,"minecraft:iron_pickaxe":3,"minecraft:gold_ingot":159,"minecraft:netherite_ingot":3,"minecraft:composter":1,"minecraft:smooth_stone_slab":12,"minecraft:diamond_hoe":1,"minecraft:white_carpet":30,"travelersbackpack:blank_upgrade":4,"travelersbackpack:gold_tier_upgrade":1,"plentyofarmors:marine_diamond":12,"travelersbackpack:white_sleeping_bag":1,"minecraft:ladder":42,"minecraft:cherry_stairs":4,"minecraft:stone_pickaxe":3,"minecraft:diamond_boots":1,"minecraft:dark_oak_planks":24,"plentyofarmors:marine_diamond_chestplate":1,"minecraft:enchanting_table":1,"toughasnails:empty_diamond_canteen":6,"tacz:gun_smith_table":1,"biomesoplenty:magic_stairs":8,"biomesoplenty:jacaranda_button":52,"minecraft:wooden_axe":1,"minecraft:iron_shovel":1,"minecraft:iron_leggings":1,"minecraft:armor_stand":4,"minecraft:white_bed":1,"minecraft:oak_planks":532,"minecraft:cobblestone_slab":216,"minecraft:barrel":1,"minecraft:cobblestone_stairs":52,"minecraft:stone":320,"minecraft:hopper":33,"minecraft:iron_boots":2,"minecraft:chest":55,"minecraft:oak_button":140,"minecraft:rail":224,"minecraft:stone_bricks":288,"minecraft:oak_slab":6,"travelersbackpack:iron_tier_upgrade":1,"biomesoplenty:jacaranda_planks":1140,"minecraft:crafting_table":9,"tacz:ammo_box":1,"minecraft:wooden_pickaxe":1,"minecraft:iron_helmet":2,"biomesoplenty:jacaranda_slab":42,"minecraft:iron_chestplate":2,"minecraft:diamond_pickaxe":4,"minecraft:stick":414,"minecraft:iron_ingot":258,"minecraft:stone_sword":1,"minecraft:redstone_torch":119,"minecraft:cherry_planks":28,"minecraft:wooden_sword":1,"biomesoplenty:mahogany_planks":20,"contagion:heat_treated_flesh":101,"minecraft:stone_button":3,"minecraft:furnace":12,"minecraft:piston":6,"minecraft:oak_trapdoor":40,"minecraft:flint_and_steel":1,"minecraft:iron_axe":2,"minecraft:cobblestone_wall":24,"biomesoplenty:magic_planks":72,"minecraft:netherite_scrap":12,"minecraft:cooked_beef":44,"minecraft:diamond_sword":1,"travelersbackpack:backpack_tank":4,"minecraft:powered_rail":168,"minecraft:iron_sword":1,"minecraft:bucket":12,"minecraft:air":0,"minecraft:bread":1,"minecraft:jungle_planks":44,"travelersbackpack:squid":1,"minecraft:oak_boat":1,"minecraft:white_wool":8,"contagion:gold_streaked_flesh":3,"minecraft:torch":488},"minecraft:killed_by":{"zombies_plus:weak_zombie":1,"mozombies_wave:zombie_herobrine":1,"minecraft:zombie":2,"mozombies_wave:zombie_knight":1,"zombies_plus:bow_zombie":5,"mozombies_wave:zombie_notch":1,"zombies_plus:brute_zombie":1,"minecraft:blaze":2,"minecraft:witch":1,"zombies_plus:runner_zombie":1,"mozombies_wave:nether_zombie":1,"zombies_plus:axe_zombie":3}},"DataVersion":3465}