{"stats":{"minecraft:custom":{"minecraft:interact_with_anvil":1,"minecraft:mob_kills":21,"minecraft:traded_with_villager":3,"minecraft:interact_with_crafting_table":19,"minecraft:interact_with_cartography_table":1,"minecraft:open_barrel":42,"minecraft:leave_game":3,"minecraft:time_since_death":1770,"minecraft:sleep_in_bed":6,"minecraft:climb_one_cm":4503,"minecraft:time_since_rest":2052,"minecraft:sprint_one_cm":465949,"minecraft:damage_taken":5636,"minecraft:walk_one_cm":193974,"minecraft:drop":11,"minecraft:damage_dealt":4592,"minecraft:swim_one_cm":68655,"minecraft:talked_to_villager":1,"minecraft:open_chest":42,"minecraft:fly_one_cm":450495,"minecraft:crouch_one_cm":2856,"minecraft:play_time":115234,"minecraft:deaths":21,"minecraft:sneak_time":1969,"minecraft:walk_under_water_one_cm":7992,"minecraft:boat_one_cm":290164,"minecraft:jump":1881,"minecraft:walk_on_water_one_cm":39118,"minecraft:total_world_time":115234,"minecraft:fish_caught":3,"minecraft:fall_one_cm":38293},"minecraft:crafted":{"minecraft:wooden_sword":4,"minecraft:oak_planks":80,"minecraft:oak_sign":3,"minecraft:fishing_rod":1,"minecraft:crafting_table":3,"minecraft:wooden_pickaxe":3,"minecraft:stone_axe":1,"ribbits:maraca":1,"minecraft:oak_boat":3,"minecraft:stick":28,"minecraft:stone_pickaxe":1,"minecraft:axolotl_bucket":1,"minecraft:stone_sword":2,"minecraft:acacia_planks":4,"minecraft:dark_oak_planks":24,"minecraft:torch":32},"minecraft:used":{"minecraft:dark_oak_stairs":1,"minecraft:water_bucket":5,"minecraft:amethyst_block":1,"minecraft:stone_sword":98,"minecraft:stone_pickaxe":4,"minecraft:oak_planks":3,"minecraft:oak_sign":3,"minecraft:wooden_pickaxe":65,"minecraft:torch":32,"minecraft:crafting_table":4,"minecraft:axolotl_bucket":2,"minecraft:dark_oak_planks":1,"minecraft:deepslate_tiles":1,"minecraft:apple":6,"minecraft:bread":10,"minecraft:iron_pickaxe":21,"minecraft:map":1,"minecraft:dark_oak_slab":1,"minecraft:stone_axe":8,"minecraft:wooden_sword":9,"minecraft:fishing_rod":4,"minecraft:cobblestone":6,"minecraft:oak_sapling":1,"minecraft:bucket":7,"minecraft:oak_boat":3},"minecraft:killed_by":{"minecraft:vindicator":3,"zombies_plus:runner_zombie":3,"minecraft:witch":1,"minecraft:zombie":1,"mozombies_wave:disco_zombie":1,"zombies_plus:bow_zombie":2,"zombies_plus:crossbow_zombie":1,"mozombies_wave:zombie_chef":3,"zombies_plus:axe_zombie":1,"mozombies_wave:zombie_miner":2},"minecraft:mined":{"minecraft:dark_oak_planks":1,"minecraft:podzol":1,"minecraft:deepslate_tiles":1,"minecraft:acacia_leaves":1,"biomesoplenty:watergrass":11,"minecraft:stripped_dark_oak_log":2,"minecraft:dark_oak_log":4,"minecraft:crafting_table":1,"minecraft:torch":1,"minecraft:acacia_log":1,"minecraft:grass_block":2,"minecraft:tall_grass":2,"minecraft:cobblestone":13,"minecraft:lily_pad":2,"minecraft:oak_planks":1,"minecraft:large_fern":4,"minecraft:spruce_stairs":1,"minecraft:tall_seagrass":1,"biomesoplenty:huge_lily_pad":2,"minecraft:dark_oak_slab":1,"biomesoplenty:toadstool":1,"minecraft:gold_block":1,"minecraft:dark_oak_stairs":1,"minecraft:yellow_stained_glass_pane":5,"minecraft:grass":4,"minecraft:coal_ore":15,"minecraft:vine":1,"minecraft:oak_log":21,"minecraft:dirt":34,"minecraft:stone":25,"minecraft:oak_leaves":8,"minecraft:fern":1},"minecraft:killed":{"zombies_plus:slow_zombie":1,"mozombies_wave:zombie_chef":1,"minecraft:witch":2,"zombies_plus:crawler_zombie":2,"zombies_plus:runner_zombie":2,"zombies_plus:leaper_zombie":1,"zombies_plus:weak_zombie":1,"zombies_plus:axe_zombie":3,"zombies_plus:crossbow_zombie":1,"mozombies_wave:zombie_pa":1,"minecraft:zombie":3,"minecraft:drowned":1,"mozombies_wave:zombie_pirate":1,"mozombies_wave:disco_zombie":1},"minecraft:dropped":{"biomesoplenty:waterlily":1,"minecraft:wheat_seeds":2,"minecraft:cobblestone":2,"minecraft:rotten_flesh":2,"contagion:contagious_flesh":2,"minecraft:dirt":36,"biomesoplenty:huge_lily_pad":2,"minecraft:lily_pad":13},"minecraft:picked_up":{"minecraft:fishing_rod":1,"contagion:contagious_flesh":2,"minecraft:crafting_table":1,"minecraft:gold_block":1,"biomesoplenty:huge_lily_pad":4,"minecraft:oak_log":21,"minecraft:lily_pad":40,"minecraft:dirt":36,"minecraft:apple":1,"minecraft:wheat_seeds":2,"minecraft:deepslate_tiles":1,"minecraft:gold_nugget":1,"minecraft:beef":2,"minecraft:glass_bottle":2,"minecraft:oak_planks":1,"minecraft:dark_oak_stairs":1,"minecraft:dark_oak_sapling":6,"minecraft:stick":3,"biomesoplenty:waterlily":4,"minecraft:dark_oak_slab":1,"minecraft:acacia_log":1,"minecraft:spruce_stairs":1,"mozombies_wave:disco_glasses":1,"minecraft:ink_sac":2,"minecraft:redstone":1,"minecraft:dark_oak_log":4,"minecraft:dark_oak_planks":1,"minecraft:rotten_flesh":2,"minecraft:sugar":2,"minecraft:oak_sapling":5,"minecraft:coal":15,"minecraft:stripped_dark_oak_log":2,"minecraft:cod":3,"minecraft:cobblestone":38}},"DataVersion":3465}