{"stats":{"minecraft:custom":{"minecraft:mob_kills":8,"minecraft:interact_with_crafting_table":15,"minecraft:interact_with_cartography_table":1,"minecraft:leave_game":2,"minecraft:time_since_death":13008,"minecraft:sleep_in_bed":1,"minecraft:time_since_rest":13032,"minecraft:sprint_one_cm":277580,"minecraft:damage_taken":4334,"minecraft:walk_one_cm":81413,"minecraft:drop":1,"minecraft:damage_dealt":1869,"minecraft:swim_one_cm":43041,"minecraft:fly_one_cm":265419,"minecraft:open_chest":19,"minecraft:crouch_one_cm":2476,"minecraft:play_time":55326,"minecraft:deaths":16,"minecraft:sneak_time":1240,"minecraft:walk_under_water_one_cm":5908,"minecraft:boat_one_cm":111796,"minecraft:jump":1069,"minecraft:walk_on_water_one_cm":7012,"minecraft:total_world_time":55326,"minecraft:fall_one_cm":27928},"minecraft:used":{"minecraft:dark_oak_stairs":1,"minecraft:stone_sword":33,"minecraft:oak_planks":3,"minecraft:wooden_pickaxe":65,"minecraft:crafting_table":3,"minecraft:deepslate_tiles":1,"minecraft:dark_oak_planks":1,"minecraft:apple":3,"minecraft:bread":3,"minecraft:map":1,"minecraft:dark_oak_slab":1,"minecraft:stone_axe":1,"minecraft:wooden_sword":9,"minecraft:oak_sapling":1,"minecraft:oak_boat":1},"minecraft:crafted":{"minecraft:wooden_sword":4,"minecraft:oak_planks":60,"minecraft:crafting_table":3,"minecraft:wooden_pickaxe":3,"minecraft:stone_axe":1,"minecraft:oak_boat":1,"minecraft:stick":20,"minecraft:stone_pickaxe":1,"minecraft:stone_sword":2,"minecraft:acacia_planks":4,"minecraft:dark_oak_planks":24},"minecraft:killed_by":{"minecraft:vindicator":3,"zombies_plus:runner_zombie":3,"minecraft:zombie":1,"mozombies_wave:disco_zombie":1,"zombies_plus:bow_zombie":2,"zombies_plus:crossbow_zombie":1,"mozombies_wave:zombie_chef":2,"mozombies_wave:zombie_miner":2},"minecraft:mined":{"minecraft:dark_oak_planks":1,"minecraft:deepslate_tiles":1,"minecraft:acacia_leaves":1,"minecraft:stripped_dark_oak_log":2,"minecraft:dark_oak_log":4,"minecraft:crafting_table":1,"minecraft:torch":1,"minecraft:acacia_log":1,"minecraft:cobblestone":12,"minecraft:oak_planks":1,"minecraft:dark_oak_slab":1,"biomesoplenty:toadstool":1,"minecraft:dark_oak_stairs":1,"minecraft:yellow_stained_glass_pane":5,"minecraft:grass":2,"minecraft:oak_log":16,"minecraft:dirt":34,"minecraft:stone":18,"minecraft:oak_leaves":8,"minecraft:fern":1},"minecraft:dropped":{"minecraft:dirt":34},"minecraft:killed":{"zombies_plus:crawler_zombie":1,"zombies_plus:runner_zombie":1,"zombies_plus:axe_zombie":2,"zombies_plus:weak_zombie":1,"zombies_plus:crossbow_zombie":1,"mozombies_wave:zombie_pirate":1,"mozombies_wave:disco_zombie":1},"minecraft:picked_up":{"minecraft:crafting_table":1,"minecraft:oak_log":16,"minecraft:dirt":34,"minecraft:apple":1,"minecraft:deepslate_tiles":1,"minecraft:gold_nugget":1,"minecraft:oak_planks":1,"minecraft:dark_oak_stairs":1,"minecraft:dark_oak_sapling":6,"minecraft:stick":3,"minecraft:dark_oak_slab":1,"minecraft:acacia_log":1,"mozombies_wave:disco_glasses":1,"minecraft:ink_sac":2,"minecraft:dark_oak_log":4,"minecraft:dark_oak_planks":1,"minecraft:oak_sapling":5,"minecraft:stripped_dark_oak_log":2,"minecraft:cobblestone":30}},"DataVersion":3465}