{"stats":{"minecraft:dropped":{"minecraft:iron_sword":1,"minecraft:ender_pearl":1,"minecraft:leather":1,"minecraft:leather_helmet":1,"minecraft:cod":12,"minecraft:emerald":1,"minecraft:red_bed":1,"plentyofarmors:lapis_boots":1,"minecraft:wooden_sword":1,"minecraft:sand":1,"minecraft:sugar":1,"plentyofarmors:lapis_chestplate":1,"minecraft:stone_axe":6,"plentyofarmors:ice_shard":2,"minecraft:lever":1,"universal_graves:grave_compass":2,"minecraft:leather_boots":1,"minecraft:leather_leggings":1,"plentyofarmors:lapis_leggings":1,"biomesoplenty:mahogany_sapling":1,"biomesoplenty:mahogany_log":5,"plentyofarmors:lapis_helmet":1,"minecraft:cobblestone":3,"minecraft:copper_ingot":1,"contagion:contagious_flesh":2,"minecraft:pufferfish":1,"minecraft:wooden_axe":1,"minecraft:iron_axe":1,"minecraft:string":1,"toughasnails:leather_water_canteen":1,"minecraft:kelp":2,"minecraft:stone_sword":2,"minecraft:filled_map":1,"minecraft:shield":1,"minecraft:spider_eye":5},"minecraft:crafted":{"minecraft:oak_planks":44,"minecraft:lever":3,"biomesoplenty:mahogany_slab":36,"hwg:shotgun":1,"minecraft:iron_boots":1,"biomesoplenty:fir_slab":30,"hwg:shotgun_shell":90,"minecraft:oak_fence":12,"minecraft:oak_slab":6,"minecraft:crafting_table":3,"minecraft:spruce_planks":72,"minecraft:wooden_pickaxe":1,"minecraft:iron_helmet":1,"plentyofarmors:lapis_chestplate":1,"minecraft:copper_ingot":3,"plentyofarmors:lapis_leggings":1,"minecraft:dark_oak_slab":24,"minecraft:iron_chestplate":1,"minecraft:shield":1,"minecraft:stick":104,"minecraft:iron_ingot":48,"biomesoplenty:mahogany_boat":3,"minecraft:stone_sword":3,"minecraft:gold_ingot":11,"plentyofarmors:lapis_helmet":1,"minecraft:wooden_sword":1,"biomesoplenty:mahogany_fence":33,"minecraft:iron_nugget":54,"biomesoplenty:mahogany_planks":160,"toughasnails:empty_gold_canteen":1,"minecraft:soul_torch":4,"minecraft:furnace":1,"minecraft:bone_meal":3,"minecraft:terracotta":12,"minecraft:dark_oak_fence":6,"minecraft:black_terracotta":8,"minecraft:ladder":12,"minecraft:stone_pickaxe":1,"biomesoplenty:mahogany_stairs":16,"minecraft:dark_oak_planks":32,"plentyofarmors:lapis_boots":1,"minecraft:wheat":18,"minecraft:cooked_cod":2,"minecraft:diamond_sword":1,"minecraft:iron_sword":1,"minecraft:stone_axe":2,"minecraft:bread":13,"minecraft:air":0,"biomesoplenty:fir_fence":12,"minecraft:gold_nugget":72,"minecraft:wooden_axe":1,"minecraft:iron_shovel":1,"minecraft:iron_leggings":1,"minecraft:torch":8,"minecraft:clay":12},"minecraft:killed":{"zombies_plus:slow_zombie":1,"mozombies_wave:zombie_king":3,"mozombies_wave:zombie_chef":1,"minecraft:cod":2,"zombies_plus:cave_zombie":2,"mozombies_wave:disco_zombie":1,"undeadnights:horde_zombie":2,"minecraft:zombie_villager":3,"mozombies_wave:zombie_creeper":1,"mozombies_wave:zombie_miner":1,"minecraft:sheep":1,"zombies_plus:crossbow_zombie":1,"minecraft:zombie":140,"mozombies_wave:zombie_dwarf":1,"zombies_plus:runner_zombie":7,"zombies_plus:weak_zombie":1,"mozombies_wave:zombie_pa":1,"minecraft:drowned":23,"mozombies_wave:zombie_cyborg":1,"zombies_plus:sword_zombie":3,"minecraft:husk":1,"zombies_plus:crawler_zombie":2,"zombies_plus:leaper_zombie":2,"zombies_plus:axe_zombie":3,"minecraft:polar_bear":1,"minecraft:player":9,"zombies_plus:bow_zombie":1},"minecraft:picked_up":{"minecraft:wooden_axe":1,"contagion:contagious_flesh":10,"minecraft:stone_slab":1,"minecraft:string":16,"minecraft:soul_soil":1,"minecraft:raw_copper":32,"minecraft:pufferfish":2,"minecraft:cobbled_deepslate":23,"biomesoplenty:fir_planks":32,"minecraft:spruce_planks":7,"toughasnails:copper_water_canteen":1,"minecraft:iron_pickaxe":1,"minecraft:melon_slice":31,"minecraft:furnace":4,"minecraft:stick":6,"minecraft:deepslate_brick_wall":10,"minecraft:torch":14,"minecraft:porkchop":2,"minecraft:light_gray_bed":2,"minecraft:rotten_flesh":141,"biomesoplenty:mahogany_sapling":7,"biomesoplenty:fir_slab":2,"plentyofarmors:copper_chestplate":1,"minecraft:cod":27,"minecraft:cobblestone":148,"minecraft:dark_oak_boat":1,"minecraft:potato":2,"biomesoplenty:mahogany_boat":4,"minecraft:lapis_lazuli":32,"minecraft:dirt":37,"minecraft:lantern":3,"minecraft:name_tag":1,"minecraft:leather_boots":1,"minecraft:bone":14,"minecraft:bow":2,"minecraft:raw_gold":18,"minecraft:oak_planks":1,"biomesoplenty:mahogany_planks":11,"minecraft:black_terracotta":2,"minecraft:jungle_planks":14,"minecraft:sand":4,"biomesoplenty:fir_fence":1,"toughasnails:leather_water_canteen":2,"minecraft:dark_oak_log":8,"minecraft:sugar":1,"minecraft:diamond":2,"minecraft:emerald":1,"hwg:bullets":9,"minecraft:light_gray_carpet":1,"minecraft:dark_oak_fence":2,"minecraft:crafting_table":3,"minecraft:ladder":5,"minecraft:nether_wart":2,"minecraft:clay_ball":48,"minecraft:leather_leggings":1,"minecraft:shield":1,"minecraft:red_bed":3,"minecraft:iron_axe":1,"minecraft:beef":1,"minecraft:iron_nugget":7,"minecraft:chest":3,"minecraft:phantom_membrane":3,"minecraft:raw_iron":27,"minecraft:copper_ingot":2,"minecraft:note_block":2,"minecraft:carrot":1,"minecraft:redstone":5,"minecraft:dark_oak_planks":19,"minecraft:jungle_stairs":8,"minecraft:hay_block":2,"biomesoplenty:mahogany_stairs":1,"minecraft:saddle":1,"minecraft:gold_ingot":1,"minecraft:mutton":4,"minecraft:white_wool":3,"minecraft:salmon":3,"minecraft:leather":3,"minecraft:oak_log":11,"minecraft:lily_pad":1,"plentyofarmors:lapis_chestplate":1,"minecraft:gunpowder":29,"biomesoplenty:mahogany_slab":1,"travelersbackpack:cow":1,"minecraft:apple":2,"minecraft:kelp":19,"minecraft:iron_ingot":4,"minecraft:stone_pickaxe":1,"plentyofarmors:ice_shard":2,"minecraft:dark_oak_stairs":48,"minecraft:book":3,"minecraft:dark_oak_slab":27,"minecraft:gravel":19,"minecraft:soul_torch":6,"minecraft:spruce_log":18,"minecraft:spider_eye":5,"minecraft:leather_helmet":1,"biomesoplenty:mahogany_log":51,"minecraft:diamond_shovel":1,"minecraft:stone_axe":3,"minecraft:coal":41,"minecraft:ender_pearl":1},"minecraft:custom":{"minecraft:interact_with_crafting_table":65,"minecraft:open_barrel":1,"minecraft:leave_game":3,"minecraft:time_since_death":25720,"minecraft:sprint_one_cm":373065,"minecraft:damage_blocked_by_shield":2276,"minecraft:drop":44,"minecraft:talked_to_villager":17,"minecraft:play_time":249598,"minecraft:deaths":32,"minecraft:jump":3074,"minecraft:interact_with_brewingstand":1,"minecraft:walk_on_water_one_cm":52391,"minecraft:interact_with_furnace":33,"minecraft:sleep_in_bed":3,"minecraft:damage_dealt":32749,"minecraft:player_kills":9,"minecraft:crouch_one_cm":70539,"minecraft:interact_with_smoker":5,"minecraft:mob_kills":206,"minecraft:climb_one_cm":9386,"minecraft:walk_one_cm":280562,"minecraft:damage_dealt_absorbed":241,"minecraft:sneak_time":25636,"minecraft:walk_under_water_one_cm":34656,"minecraft:boat_one_cm":412151,"minecraft:interact_with_blast_furnace":21,"minecraft:total_world_time":249598,"minecraft:time_since_rest":7618,"minecraft:damage_taken":10127,"minecraft:swim_one_cm":224470,"minecraft:fly_one_cm":470356,"minecraft:open_chest":79,"minecraft:fish_caught":32,"minecraft:fall_one_cm":73821},"minecraft:killed_by":{"zombies_plus:bow_zombie":2,"mozombies_wave:zombie_chef":2,"mozombies_wave:zombie_herobrine":1,"minecraft:zombie":1,"minecraft:player":11,"zombies_plus:runner_zombie":4,"mozombies_wave:zombie_dwarf":1,"mozombies_wave:disco_zombie":3,"zombies_plus:axe_zombie":1},"minecraft:used":{"minecraft:iron_shovel":12,"biomesoplenty:mahogany_slab":37,"minecraft:ladder":14,"minecraft:chest":3,"minecraft:shield":58,"minecraft:iron_sword":249,"minecraft:rotten_flesh":1,"minecraft:jungle_planks":14,"minecraft:lantern":3,"minecraft:dark_oak_slab":51,"biomesoplenty:mahogany_sapling":5,"toughasnails:leather_water_canteen":63,"minecraft:dark_oak_boat":1,"minecraft:furnace":6,"minecraft:cooked_cod":18,"biomesoplenty:fir_fence":13,"minecraft:deepslate_brick_wall":10,"minecraft:dark_oak_stairs":48,"minecraft:stone_pickaxe":142,"minecraft:oak_planks":18,"minecraft:wooden_pickaxe":4,"minecraft:sandstone":1,"minecraft:sand":3,"toughasnails:gold_water_canteen":28,"minecraft:bread":15,"minecraft:melon_slice":11,"minecraft:string":1,"minecraft:gravel":19,"minecraft:wooden_sword":1,"minecraft:diamond_sword":75,"minecraft:dark_oak_fence":8,"minecraft:bone_meal":3,"minecraft:oak_fence":12,"biomesoplenty:mahogany_planks":36,"minecraft:stone_sword":296,"minecraft:light_gray_carpet":1,"minecraft:spruce_planks":34,"minecraft:torch":18,"minecraft:dirt":37,"plentyofarmors:copper_chestplate":1,"biomesoplenty:mahogany_stairs":17,"minecraft:wooden_axe":10,"minecraft:dark_oak_planks":1,"minecraft:iron_axe":5,"minecraft:light_gray_bed":1,"biomesoplenty:mahogany_log":6,"minecraft:salmon":1,"biomesoplenty:mahogany_fence":20,"biomesoplenty:fir_slab":30,"minecraft:oak_slab":6,"minecraft:crafting_table":7,"minecraft:red_bed":2,"minecraft:cod":2,"toughasnails:empty_gold_canteen":1,"minecraft:apple":2,"minecraft:iron_pickaxe":147,"minecraft:map":1,"minecraft:jungle_stairs":8,"minecraft:stone_slab":3,"biomesoplenty:mahogany_boat":6,"minecraft:stone_axe":276,"minecraft:fishing_rod":105,"minecraft:cobblestone":125,"minecraft:soul_torch":9},"minecraft:broken":{"minecraft:stone_pickaxe":1},"minecraft:mined":{"minecraft:dark_oak_planks":22,"minecraft:jungle_leaves":1,"biomesoplenty:fir_slab":5,"minecraft:grass_block":7,"minecraft:light_gray_bed":2,"minecraft:iron_ore":14,"minecraft:cobbled_deepslate":2,"minecraft:deepslate_lapis_ore":4,"minecraft:dark_oak_stairs":48,"minecraft:deepslate_redstone_ore":1,"minecraft:soul_wall_torch":3,"minecraft:red_bed":3,"minecraft:kelp_plant":3,"minecraft:deepslate_brick_wall":12,"minecraft:powder_snow":1,"minecraft:clay":12,"minecraft:torch":5,"minecraft:jungle_stairs":8,"minecraft:melon":8,"minecraft:chest":3,"minecraft:cobblestone":23,"minecraft:oak_planks":2,"biomesoplenty:mahogany_slab":3,"minecraft:wall_torch":4,"minecraft:deepslate_copper_ore":4,"minecraft:dark_oak_slab":24,"minecraft:yellow_stained_glass_pane":3,"minecraft:oak_log":9,"minecraft:sand":4,"minecraft:dirt":28,"minecraft:deepslate":22,"minecraft:dark_oak_log":8,"minecraft:ladder":5,"minecraft:dark_oak_fence":2,"minecraft:jungle_planks":14,"minecraft:soul_campfire":1,"biomesoplenty:mahogany_sapling":1,"minecraft:kelp":11,"minecraft:hay_block":2,"minecraft:furnace":4,"minecraft:suspicious_sand":1,"minecraft:bookshelf":1,"biomesoplenty:mahogany_leaves":23,"minecraft:deepslate_iron_ore":13,"minecraft:lantern":2,"minecraft:stone":131,"minecraft:soul_torch":2,"minecraft:crafting_table":3,"biomesoplenty:mahogany_planks":11,"minecraft:stone_slab":3,"minecraft:tall_grass":4,"minecraft:deepslate_gold_ore":18,"biomesoplenty:sprout":1,"biomesoplenty:fir_fence":1,"biomesoplenty:mahogany_log":31,"minecraft:spruce_log":1,"minecraft:coal_ore":27,"biomesoplenty:mahogany_stairs":1,"minecraft:gravel":2,"minecraft:cobweb":8,"minecraft:fern":5}},"DataVersion":3465}