{"stats":{"minecraft:dropped":{"biomesoplenty:mahogany_log":5,"minecraft:iron_sword":1,"minecraft:leather":1,"minecraft:copper_ingot":1,"minecraft:leather_helmet":1,"minecraft:cod":12,"minecraft:pufferfish":1,"minecraft:wooden_axe":1,"minecraft:iron_axe":1,"minecraft:wooden_sword":1,"minecraft:sand":1,"plentyofarmors:lapis_chestplate":1,"toughasnails:leather_water_canteen":1,"minecraft:stone_axe":6,"minecraft:kelp":2,"minecraft:lever":1,"minecraft:stone_sword":2,"universal_graves:grave_compass":2,"minecraft:filled_map":1,"minecraft:spider_eye":5,"minecraft:leather_boots":1,"biomesoplenty:mahogany_sapling":1},"minecraft:crafted":{"minecraft:wooden_sword":1,"minecraft:oak_planks":44,"biomesoplenty:mahogany_fence":33,"minecraft:iron_nugget":9,"biomesoplenty:mahogany_planks":160,"toughasnails:empty_gold_canteen":1,"minecraft:soul_torch":4,"minecraft:furnace":1,"minecraft:lever":3,"minecraft:bone_meal":3,"biomesoplenty:mahogany_slab":36,"minecraft:terracotta":12,"minecraft:dark_oak_fence":6,"hwg:shotgun":1,"minecraft:black_terracotta":8,"biomesoplenty:fir_slab":30,"minecraft:ladder":12,"minecraft:stone_pickaxe":1,"biomesoplenty:mahogany_stairs":16,"hwg:shotgun_shell":30,"minecraft:dark_oak_planks":32,"minecraft:oak_fence":12,"minecraft:wheat":18,"plentyofarmors:lapis_boots":1,"minecraft:cooked_cod":2,"minecraft:oak_slab":6,"minecraft:diamond_sword":1,"minecraft:crafting_table":2,"minecraft:spruce_planks":72,"minecraft:wooden_pickaxe":1,"minecraft:iron_sword":1,"plentyofarmors:lapis_chestplate":1,"plentyofarmors:lapis_leggings":1,"minecraft:copper_ingot":3,"minecraft:stone_axe":1,"minecraft:air":0,"minecraft:bread":13,"biomesoplenty:fir_fence":12,"minecraft:iron_chestplate":1,"minecraft:dark_oak_slab":24,"minecraft:gold_nugget":72,"minecraft:iron_shovel":1,"minecraft:stick":104,"minecraft:iron_ingot":21,"minecraft:gold_ingot":11,"minecraft:wooden_axe":1,"minecraft:stone_sword":3,"biomesoplenty:mahogany_boat":3,"plentyofarmors:lapis_helmet":1,"minecraft:torch":4,"minecraft:clay":12},"minecraft:killed":{"zombies_plus:slow_zombie":1,"mozombies_wave:zombie_king":3,"mozombies_wave:zombie_chef":1,"zombies_plus:runner_zombie":7,"minecraft:cod":2,"zombies_plus:weak_zombie":1,"mozombies_wave:zombie_pa":1,"zombies_plus:cave_zombie":2,"minecraft:drowned":10,"zombies_plus:sword_zombie":3,"mozombies_wave:disco_zombie":1,"minecraft:husk":1,"undeadnights:horde_zombie":1,"zombies_plus:crawler_zombie":2,"minecraft:zombie_villager":3,"zombies_plus:leaper_zombie":1,"mozombies_wave:zombie_creeper":1,"mozombies_wave:zombie_miner":1,"minecraft:polar_bear":1,"minecraft:sheep":1,"zombies_plus:crossbow_zombie":1,"minecraft:zombie":138,"mozombies_wave:zombie_dwarf":1,"minecraft:player":7,"zombies_plus:bow_zombie":1},"minecraft:picked_up":{"minecraft:wooden_axe":1,"contagion:contagious_flesh":6,"minecraft:crafting_table":2,"minecraft:nether_wart":2,"minecraft:ladder":5,"minecraft:clay_ball":48,"minecraft:stone_slab":1,"minecraft:shield":1,"minecraft:iron_axe":1,"minecraft:string":16,"minecraft:red_bed":2,"minecraft:soul_soil":1,"minecraft:raw_copper":32,"minecraft:pufferfish":2,"minecraft:beef":1,"minecraft:cobbled_deepslate":23,"biomesoplenty:fir_planks":32,"toughasnails:copper_water_canteen":1,"minecraft:iron_nugget":7,"minecraft:iron_pickaxe":1,"minecraft:melon_slice":31,"minecraft:chest":3,"minecraft:phantom_membrane":3,"minecraft:furnace":4,"minecraft:stick":6,"minecraft:raw_iron":13,"minecraft:deepslate_brick_wall":10,"minecraft:copper_ingot":1,"minecraft:torch":14,"minecraft:note_block":2,"minecraft:porkchop":2,"minecraft:carrot":1,"minecraft:redstone":5,"minecraft:dark_oak_planks":19,"minecraft:rotten_flesh":130,"minecraft:light_gray_bed":1,"minecraft:jungle_stairs":8,"biomesoplenty:mahogany_sapling":7,"minecraft:hay_block":2,"biomesoplenty:fir_slab":2,"biomesoplenty:mahogany_stairs":1,"minecraft:saddle":1,"minecraft:gold_ingot":1,"plentyofarmors:copper_chestplate":1,"minecraft:mutton":2,"minecraft:white_wool":1,"minecraft:cod":27,"minecraft:cobblestone":135,"minecraft:salmon":3,"minecraft:leather":2,"minecraft:dark_oak_boat":1,"minecraft:potato":2,"minecraft:oak_log":11,"biomesoplenty:mahogany_boat":4,"minecraft:lily_pad":1,"plentyofarmors:lapis_chestplate":1,"minecraft:gunpowder":28,"minecraft:lapis_lazuli":32,"minecraft:dirt":37,"minecraft:lantern":3,"minecraft:name_tag":1,"biomesoplenty:mahogany_slab":1,"minecraft:leather_boots":1,"minecraft:bone":11,"minecraft:kelp":10,"minecraft:bow":2,"minecraft:raw_gold":18,"minecraft:iron_ingot":3,"minecraft:stone_pickaxe":1,"biomesoplenty:mahogany_planks":11,"minecraft:dark_oak_stairs":48,"minecraft:book":3,"minecraft:black_terracotta":2,"minecraft:dark_oak_slab":27,"minecraft:gravel":19,"minecraft:sand":4,"minecraft:jungle_planks":14,"biomesoplenty:fir_fence":1,"minecraft:soul_torch":6,"minecraft:spruce_log":18,"toughasnails:leather_water_canteen":2,"minecraft:leather_helmet":1,"minecraft:spider_eye":5,"minecraft:dark_oak_log":8,"biomesoplenty:mahogany_log":51,"minecraft:diamond_shovel":1,"minecraft:diamond":2,"minecraft:stone_axe":3,"hwg:bullets":9,"minecraft:dark_oak_fence":2,"minecraft:coal":20,"minecraft:ender_pearl":1},"minecraft:custom":{"minecraft:mob_kills":185,"minecraft:interact_with_crafting_table":58,"minecraft:open_barrel":1,"minecraft:leave_game":2,"minecraft:time_since_death":7520,"minecraft:climb_one_cm":7239,"minecraft:sprint_one_cm":342340,"minecraft:walk_one_cm":250357,"minecraft:damage_blocked_by_shield":2036,"minecraft:drop":31,"minecraft:damage_dealt_absorbed":241,"minecraft:talked_to_villager":17,"minecraft:play_time":223251,"minecraft:sneak_time":22636,"minecraft:deaths":31,"minecraft:walk_under_water_one_cm":32778,"minecraft:boat_one_cm":412151,"minecraft:jump":2751,"minecraft:interact_with_blast_furnace":21,"minecraft:walk_on_water_one_cm":50316,"minecraft:total_world_time":223251,"minecraft:interact_with_furnace":21,"minecraft:sleep_in_bed":2,"minecraft:time_since_rest":7544,"minecraft:damage_taken":9931,"minecraft:damage_dealt":29454,"minecraft:swim_one_cm":223694,"minecraft:fly_one_cm":395815,"minecraft:player_kills":7,"minecraft:open_chest":76,"minecraft:crouch_one_cm":61900,"minecraft:interact_with_smoker":5,"minecraft:fish_caught":32,"minecraft:fall_one_cm":64724},"minecraft:killed_by":{"minecraft:player":10,"zombies_plus:runner_zombie":4,"zombies_plus:bow_zombie":2,"mozombies_wave:zombie_chef":2,"mozombies_wave:zombie_dwarf":1,"mozombies_wave:zombie_herobrine":1,"minecraft:zombie":1,"mozombies_wave:disco_zombie":3,"zombies_plus:axe_zombie":1},"minecraft:used":{"minecraft:oak_fence":12,"biomesoplenty:mahogany_planks":32,"minecraft:stone_sword":296,"minecraft:iron_shovel":12,"biomesoplenty:mahogany_slab":37,"minecraft:ladder":14,"minecraft:spruce_planks":6,"minecraft:chest":3,"minecraft:shield":54,"minecraft:iron_sword":249,"minecraft:rotten_flesh":1,"minecraft:torch":18,"minecraft:dirt":37,"minecraft:jungle_planks":14,"plentyofarmors:copper_chestplate":1,"biomesoplenty:mahogany_stairs":17,"minecraft:dark_oak_planks":1,"minecraft:wooden_axe":10,"minecraft:lantern":3,"minecraft:iron_axe":5,"minecraft:dark_oak_slab":51,"biomesoplenty:mahogany_sapling":5,"toughasnails:leather_water_canteen":63,"minecraft:dark_oak_boat":1,"minecraft:furnace":6,"minecraft:cooked_cod":14,"biomesoplenty:fir_fence":13,"minecraft:deepslate_brick_wall":10,"minecraft:dark_oak_stairs":48,"minecraft:stone_pickaxe":142,"minecraft:oak_planks":18,"minecraft:wooden_pickaxe":4,"minecraft:sandstone":1,"biomesoplenty:mahogany_log":6,"minecraft:salmon":1,"minecraft:sand":3,"biomesoplenty:fir_slab":30,"biomesoplenty:mahogany_fence":20,"minecraft:oak_slab":6,"minecraft:crafting_table":5,"minecraft:red_bed":2,"minecraft:cod":2,"toughasnails:gold_water_canteen":21,"toughasnails:empty_gold_canteen":1,"minecraft:apple":2,"minecraft:string":1,"minecraft:melon_slice":11,"minecraft:bread":15,"minecraft:iron_pickaxe":101,"minecraft:map":1,"minecraft:jungle_stairs":8,"minecraft:stone_slab":3,"minecraft:gravel":19,"biomesoplenty:mahogany_boat":6,"minecraft:stone_axe":270,"minecraft:diamond_sword":11,"minecraft:fishing_rod":105,"minecraft:wooden_sword":1,"minecraft:cobblestone":115,"minecraft:dark_oak_fence":8,"minecraft:bone_meal":3,"minecraft:soul_torch":9},"minecraft:broken":{"minecraft:stone_pickaxe":1},"minecraft:mined":{"minecraft:dark_oak_planks":21,"minecraft:jungle_leaves":1,"minecraft:dark_oak_log":8,"minecraft:ladder":5,"minecraft:dark_oak_fence":2,"biomesoplenty:fir_slab":5,"minecraft:grass_block":7,"minecraft:jungle_planks":14,"minecraft:light_gray_bed":1,"minecraft:soul_campfire":1,"biomesoplenty:mahogany_sapling":1,"minecraft:kelp":2,"minecraft:hay_block":2,"minecraft:furnace":4,"minecraft:cobbled_deepslate":2,"minecraft:suspicious_sand":1,"minecraft:deepslate_lapis_ore":4,"minecraft:dark_oak_stairs":48,"minecraft:bookshelf":1,"minecraft:deepslate_iron_ore":13,"biomesoplenty:mahogany_leaves":23,"minecraft:lantern":2,"minecraft:stone":117,"minecraft:deepslate_redstone_ore":1,"minecraft:soul_wall_torch":3,"minecraft:red_bed":2,"minecraft:kelp_plant":3,"minecraft:deepslate_brick_wall":12,"minecraft:soul_torch":2,"minecraft:clay":12,"minecraft:crafting_table":2,"minecraft:torch":5,"minecraft:jungle_stairs":8,"minecraft:melon":8,"biomesoplenty:mahogany_planks":11,"minecraft:chest":3,"minecraft:stone_slab":3,"minecraft:tall_grass":4,"minecraft:cobblestone":23,"biomesoplenty:sprout":1,"minecraft:deepslate_gold_ore":18,"biomesoplenty:mahogany_slab":3,"minecraft:wall_torch":4,"minecraft:deepslate_copper_ore":4,"minecraft:dark_oak_slab":24,"biomesoplenty:fir_fence":1,"biomesoplenty:mahogany_log":31,"minecraft:spruce_log":1,"minecraft:yellow_stained_glass_pane":3,"biomesoplenty:mahogany_stairs":1,"minecraft:oak_log":9,"minecraft:coal_ore":9,"minecraft:gravel":2,"minecraft:sand":4,"minecraft:dirt":28,"minecraft:cobweb":8,"minecraft:deepslate":22,"minecraft:fern":5}},"DataVersion":3465}