{"stats":{"minecraft:crafted":{"minecraft:wooden_sword":1,"minecraft:oak_planks":44,"biomesoplenty:mahogany_fence":33,"biomesoplenty:mahogany_planks":140,"minecraft:soul_torch":4,"minecraft:furnace":1,"minecraft:bone_meal":3,"biomesoplenty:mahogany_slab":36,"minecraft:dark_oak_fence":6,"minecraft:ladder":12,"biomesoplenty:fir_slab":30,"minecraft:stone_pickaxe":1,"biomesoplenty:mahogany_stairs":16,"minecraft:dark_oak_planks":32,"minecraft:oak_fence":12,"plentyofarmors:lapis_boots":1,"minecraft:wheat":18,"minecraft:cooked_cod":2,"minecraft:oak_slab":6,"minecraft:crafting_table":2,"minecraft:wooden_pickaxe":1,"plentyofarmors:lapis_chestplate":1,"minecraft:iron_sword":1,"plentyofarmors:lapis_leggings":1,"minecraft:copper_ingot":3,"minecraft:stone_axe":1,"minecraft:bread":13,"minecraft:air":0,"biomesoplenty:fir_fence":12,"minecraft:dark_oak_slab":24,"minecraft:stick":104,"minecraft:iron_ingot":2,"minecraft:wooden_axe":1,"minecraft:stone_sword":2,"biomesoplenty:mahogany_boat":2,"plentyofarmors:lapis_helmet":1,"minecraft:torch":4},"minecraft:mined":{"minecraft:dark_oak_planks":21,"minecraft:jungle_leaves":1,"minecraft:dark_oak_log":8,"minecraft:ladder":5,"minecraft:dark_oak_fence":2,"biomesoplenty:fir_slab":5,"minecraft:grass_block":7,"minecraft:jungle_planks":14,"minecraft:light_gray_bed":1,"minecraft:soul_campfire":1,"biomesoplenty:mahogany_sapling":1,"minecraft:kelp":2,"minecraft:hay_block":2,"minecraft:furnace":4,"minecraft:suspicious_sand":1,"minecraft:deepslate_lapis_ore":4,"minecraft:dark_oak_stairs":48,"minecraft:deepslate_iron_ore":4,"minecraft:bookshelf":1,"biomesoplenty:mahogany_leaves":23,"minecraft:lantern":2,"minecraft:stone":117,"minecraft:deepslate_redstone_ore":1,"minecraft:soul_wall_torch":3,"minecraft:red_bed":2,"minecraft:kelp_plant":3,"minecraft:deepslate_brick_wall":12,"minecraft:soul_torch":2,"minecraft:crafting_table":2,"minecraft:torch":5,"minecraft:jungle_stairs":8,"minecraft:melon":8,"biomesoplenty:mahogany_planks":11,"minecraft:chest":3,"minecraft:cobblestone":12,"minecraft:tall_grass":4,"biomesoplenty:sprout":1,"minecraft:deepslate_gold_ore":11,"biomesoplenty:mahogany_slab":3,"minecraft:wall_torch":3,"minecraft:deepslate_copper_ore":4,"minecraft:dark_oak_slab":24,"biomesoplenty:fir_fence":1,"biomesoplenty:mahogany_log":26,"minecraft:yellow_stained_glass_pane":3,"minecraft:oak_log":9,"minecraft:coal_ore":9,"biomesoplenty:mahogany_stairs":1,"minecraft:gravel":2,"minecraft:sand":4,"minecraft:dirt":28,"minecraft:cobweb":7,"minecraft:deepslate":10,"minecraft:fern":5},"minecraft:dropped":{"biomesoplenty:mahogany_log":5,"minecraft:leather":1,"minecraft:copper_ingot":1,"minecraft:cod":12,"minecraft:pufferfish":1,"minecraft:wooden_axe":1,"minecraft:wooden_sword":1,"minecraft:sand":1,"toughasnails:leather_water_canteen":1,"minecraft:stone_axe":2,"minecraft:kelp":2,"minecraft:stone_sword":1,"universal_graves:grave_compass":1,"minecraft:filled_map":1,"biomesoplenty:mahogany_sapling":1},"minecraft:broken":{"minecraft:stone_pickaxe":1},"minecraft:killed":{"zombies_plus:runner_zombie":3,"minecraft:cod":2,"zombies_plus:cave_zombie":2,"minecraft:drowned":10,"zombies_plus:sword_zombie":1,"mozombies_wave:disco_zombie":1,"undeadnights:horde_zombie":1,"zombies_plus:crawler_zombie":1,"minecraft:zombie_villager":2,"zombies_plus:leaper_zombie":1,"mozombies_wave:zombie_creeper":1,"zombies_plus:crossbow_zombie":1,"minecraft:zombie":11,"mozombies_wave:zombie_dwarf":1,"minecraft:player":7,"zombies_plus:bow_zombie":1},"minecraft:killed_by":{"minecraft:player":8,"zombies_plus:runner_zombie":3,"zombies_plus:bow_zombie":2,"mozombies_wave:zombie_dwarf":1,"mozombies_wave:disco_zombie":3},"minecraft:picked_up":{"minecraft:wooden_axe":1,"minecraft:crafting_table":2,"minecraft:ladder":5,"minecraft:shield":1,"minecraft:raw_copper":32,"minecraft:string":6,"minecraft:red_bed":2,"minecraft:soul_soil":1,"minecraft:pufferfish":2,"minecraft:cobbled_deepslate":10,"biomesoplenty:fir_planks":32,"minecraft:iron_pickaxe":1,"minecraft:melon_slice":31,"minecraft:chest":3,"minecraft:phantom_membrane":1,"minecraft:furnace":4,"minecraft:stick":5,"minecraft:raw_iron":4,"minecraft:deepslate_brick_wall":10,"minecraft:copper_ingot":1,"minecraft:torch":13,"minecraft:note_block":2,"minecraft:redstone":5,"minecraft:dark_oak_planks":19,"minecraft:light_gray_bed":1,"minecraft:rotten_flesh":30,"minecraft:jungle_stairs":8,"biomesoplenty:mahogany_sapling":7,"minecraft:hay_block":2,"biomesoplenty:fir_slab":2,"biomesoplenty:mahogany_stairs":1,"minecraft:saddle":1,"plentyofarmors:copper_chestplate":1,"minecraft:cod":25,"minecraft:cobblestone":128,"minecraft:salmon":3,"minecraft:leather":1,"minecraft:dark_oak_boat":1,"minecraft:oak_log":11,"biomesoplenty:mahogany_boat":3,"minecraft:lily_pad":1,"minecraft:gunpowder":2,"minecraft:lapis_lazuli":32,"minecraft:dirt":37,"minecraft:lantern":3,"biomesoplenty:mahogany_slab":1,"minecraft:name_tag":1,"minecraft:bone":2,"minecraft:kelp":9,"minecraft:bow":2,"minecraft:raw_gold":11,"minecraft:stone_pickaxe":1,"biomesoplenty:mahogany_planks":11,"minecraft:dark_oak_stairs":48,"minecraft:book":3,"minecraft:dark_oak_slab":27,"minecraft:gravel":19,"minecraft:jungle_planks":14,"minecraft:sand":4,"biomesoplenty:fir_fence":1,"minecraft:soul_torch":6,"toughasnails:leather_water_canteen":2,"minecraft:dark_oak_log":8,"biomesoplenty:mahogany_log":46,"minecraft:stone_axe":1,"minecraft:dark_oak_fence":2,"minecraft:coal":20},"minecraft:custom":{"minecraft:mob_kills":39,"minecraft:interact_with_crafting_table":39,"minecraft:open_barrel":1,"minecraft:leave_game":2,"minecraft:time_since_death":8724,"minecraft:climb_one_cm":4115,"minecraft:sprint_one_cm":220386,"minecraft:walk_one_cm":188536,"minecraft:damage_blocked_by_shield":1216,"minecraft:drop":17,"minecraft:talked_to_villager":17,"minecraft:play_time":158095,"minecraft:deaths":23,"minecraft:sneak_time":12405,"minecraft:walk_under_water_one_cm":26878,"minecraft:boat_one_cm":406675,"minecraft:jump":1876,"minecraft:interact_with_blast_furnace":10,"minecraft:walk_on_water_one_cm":42746,"minecraft:total_world_time":158095,"minecraft:interact_with_furnace":10,"minecraft:sleep_in_bed":2,"minecraft:time_since_rest":8752,"minecraft:damage_taken":6523,"minecraft:damage_dealt":9370,"minecraft:swim_one_cm":191476,"minecraft:fly_one_cm":235367,"minecraft:player_kills":7,"minecraft:open_chest":36,"minecraft:crouch_one_cm":38650,"minecraft:interact_with_smoker":2,"minecraft:fish_caught":32,"minecraft:fall_one_cm":43613},"minecraft:used":{"minecraft:oak_fence":12,"biomesoplenty:mahogany_planks":32,"minecraft:stone_sword":165,"biomesoplenty:mahogany_slab":37,"minecraft:ladder":14,"minecraft:chest":3,"minecraft:shield":34,"minecraft:iron_sword":31,"minecraft:rotten_flesh":1,"minecraft:torch":17,"minecraft:dirt":37,"minecraft:jungle_planks":14,"biomesoplenty:mahogany_stairs":17,"minecraft:dark_oak_planks":1,"minecraft:wooden_axe":10,"minecraft:lantern":3,"minecraft:dark_oak_slab":51,"biomesoplenty:mahogany_sapling":5,"toughasnails:leather_water_canteen":34,"minecraft:dark_oak_boat":1,"minecraft:furnace":6,"minecraft:cooked_cod":2,"biomesoplenty:fir_fence":13,"minecraft:deepslate_brick_wall":10,"minecraft:dark_oak_stairs":48,"minecraft:stone_pickaxe":142,"minecraft:oak_planks":18,"minecraft:wooden_pickaxe":4,"biomesoplenty:mahogany_log":6,"minecraft:salmon":1,"minecraft:sand":3,"biomesoplenty:fir_slab":30,"biomesoplenty:mahogany_fence":20,"minecraft:oak_slab":6,"minecraft:crafting_table":4,"minecraft:red_bed":2,"minecraft:apple":2,"minecraft:melon_slice":11,"minecraft:bread":11,"minecraft:iron_pickaxe":47,"minecraft:map":1,"minecraft:jungle_stairs":8,"minecraft:gravel":19,"biomesoplenty:mahogany_boat":5,"minecraft:stone_axe":210,"minecraft:fishing_rod":105,"minecraft:wooden_sword":1,"minecraft:cobblestone":54,"minecraft:dark_oak_fence":8,"minecraft:bone_meal":3,"minecraft:soul_torch":9}},"DataVersion":3465}