{"stats":{"minecraft:killed":{"zombies_plus:slow_zombie":1,"mozombies_wave:zombie_king":5,"zombies_plus:shrieker_zombie":1,"mozombies_wave:zombie_chef":3,"minecraft:cod":2,"zombies_plus:cave_zombie":2,"mozombies_wave:zombie_notch":1,"mozombies_wave:disco_zombie":2,"undeadnights:horde_zombie":2,"minecraft:zombie_villager":3,"mozombies_wave:zombie_creeper":1,"mozombies_wave:zombie_miner":2,"minecraft:sheep":3,"zombies_plus:crossbow_zombie":1,"minecraft:zombie":270,"mozombies_wave:zombie_dwarf":3,"zombies_plus:brute_zombie":4,"zombies_plus:runner_zombie":13,"zombies_plus:weak_zombie":3,"mozombies_wave:zombie_pa":2,"minecraft:drowned":58,"mozombies_wave:zombie_cyborg":2,"zombies_plus:sword_zombie":5,"mozombies_wave:zombie_pirate":4,"minecraft:husk":1,"zombies_plus:crawler_zombie":6,"zombies_plus:leaper_zombie":3,"zombies_plus:axe_zombie":8,"minecraft:polar_bear":1,"minecraft:player":14,"zombies_plus:bow_zombie":1},"minecraft:used":{"minecraft:iron_shovel":134,"minecraft:spruce_slab":14,"biomesoplenty:mahogany_slab":60,"minecraft:ladder":20,"minecraft:chest":6,"minecraft:shield":89,"minecraft:iron_sword":249,"minecraft:rotten_flesh":30,"minecraft:iron_chestplate":1,"minecraft:jungle_planks":15,"minecraft:carrot":161,"minecraft:lantern":3,"biomesoplenty:fir_sapling":91,"minecraft:dark_oak_slab":51,"biomesoplenty:mahogany_sapling":6,"toughasnails:leather_water_canteen":72,"minecraft:dark_oak_boat":1,"minecraft:furnace":7,"minecraft:cooked_cod":24,"minecraft:potato":343,"biomesoplenty:fir_fence":13,"minecraft:golden_boots":1,"minecraft:deepslate_brick_wall":10,"minecraft:dark_oak_stairs":48,"minecraft:oak_planks":18,"minecraft:stone_pickaxe":144,"minecraft:wooden_pickaxe":4,"minecraft:sandstone":1,"biomesoplenty:fir_planks":86,"minecraft:diamond_axe":481,"minecraft:sand":3,"minecraft:blast_furnace":1,"toughasnails:gold_water_canteen":242,"minecraft:melon_slice":31,"minecraft:string":1,"minecraft:bread":15,"minecraft:gravel":19,"minecraft:golden_helmet":1,"minecraft:wooden_sword":1,"minecraft:diamond_sword":702,"minecraft:dark_oak_fence":8,"minecraft:bone_meal":53,"minecraft:oak_fence":12,"biomesoplenty:mahogany_planks":39,"minecraft:stone_sword":296,"minecraft:light_gray_carpet":2,"minecraft:spruce_planks":75,"minecraft:cooked_salmon":2,"minecraft:stone_hoe":262,"minecraft:torch":32,"minecraft:dirt":412,"plentyofarmors:copper_chestplate":1,"biomesoplenty:mahogany_stairs":17,"minecraft:dark_oak_planks":2,"minecraft:wooden_axe":10,"minecraft:iron_axe":85,"minecraft:smooth_basalt":2,"minecraft:cooked_beef":6,"minecraft:cobbled_deepslate":4,"minecraft:light_gray_bed":3,"toughasnails:empty_leather_canteen":1,"minecraft:calcite":1,"minecraft:cooked_mutton":4,"minecraft:water_bucket":23,"minecraft:baked_potato":47,"biomesoplenty:mahogany_log":6,"minecraft:salmon":1,"biomesoplenty:mahogany_fence":20,"biomesoplenty:fir_slab":3550,"minecraft:oak_slab":6,"minecraft:crafting_table":14,"minecraft:red_bed":6,"minecraft:cod":2,"toughasnails:empty_gold_canteen":1,"minecraft:wooden_hoe":8,"minecraft:diamond_pickaxe":260,"minecraft:apple":16,"minecraft:diamond_shovel":372,"minecraft:iron_pickaxe":239,"minecraft:map":1,"minecraft:jungle_stairs":8,"minecraft:stone_slab":3,"biomesoplenty:mahogany_boat":8,"minecraft:stone_axe":615,"minecraft:fishing_rod":105,"minecraft:cobblestone":127,"minecraft:cooked_porkchop":2,"minecraft:bucket":24,"biomesoplenty:fir_log":6,"minecraft:soul_torch":11},"minecraft:dropped":{"minecraft:iron_sword":1,"minecraft:dark_oak_stairs":2,"minecraft:baked_potato":35,"minecraft:ender_pearl":1,"minecraft:crafting_table":1,"minecraft:leather":1,"minecraft:jungle_planks":1,"minecraft:leather_helmet":1,"biomesoplenty:fir_sapling":26,"minecraft:cod":12,"minecraft:emerald":1,"minecraft:red_bed":1,"minecraft:dark_oak_fence":2,"plentyofarmors:lapis_boots":3,"minecraft:mutton":3,"hwg:shotgun_shell":2,"minecraft:gold_nugget":1,"minecraft:wooden_sword":1,"minecraft:sand":1,"minecraft:sugar":1,"minecraft:dark_oak_planks":2,"minecraft:bone":1,"minecraft:gravel":3,"plentyofarmors:lapis_chestplate":3,"minecraft:stone_axe":8,"plentyofarmors:ice_shard":2,"minecraft:lever":1,"minecraft:cobbled_deepslate":2,"hwg:pistol":1,"minecraft:rotten_flesh":47,"universal_graves:grave_compass":3,"minecraft:diamond_shovel":1,"minecraft:carrot":163,"minecraft:leather_chestplate":2,"minecraft:leather_boots":2,"plentyofarmors:lapis_leggings":3,"minecraft:leather_leggings":4,"biomesoplenty:mahogany_sapling":1,"minecraft:golden_boots":3,"minecraft:water_bucket":1,"biomesoplenty:mahogany_log":26,"minecraft:iron_ingot":7,"minecraft:wheat_seeds":13,"minecraft:golden_helmet":1,"plentyofarmors:lapis_helmet":3,"hwg:shotgun":1,"minecraft:iron_helmet":3,"minecraft:cobblestone":5,"minecraft:copper_ingot":2,"biomesoplenty:fir_slab":448,"minecraft:coal":3,"contagion:contagious_flesh":2,"minecraft:stick":7,"biomesoplenty:mahogany_fence":1,"minecraft:pufferfish":1,"minecraft:wooden_axe":1,"minecraft:iron_leggings":2,"tacz:modern_kinetic_gun":6,"minecraft:iron_axe":3,"minecraft:string":1,"toughasnails:leather_water_canteen":1,"minecraft:kelp":23,"minecraft:soul_torch":1,"minecraft:stone_sword":2,"minecraft:white_carpet":1,"minecraft:iron_boots":1,"minecraft:filled_map":1,"minecraft:diamond_sword":1,"minecraft:potato":474,"minecraft:shield":1,"biomesoplenty:fir_planks":2,"minecraft:iron_chestplate":1,"minecraft:golden_leggings":1,"minecraft:spider_eye":5,"minecraft:wooden_pickaxe":1,"minecraft:stone_pickaxe":1},"minecraft:mined":{"minecraft:dark_oak_planks":61,"minecraft:spruce_planks":10,"minecraft:farmland":3,"minecraft:jungle_leaves":1,"biomesoplenty:red_maple_leaves":2,"biomesoplenty:fir_slab":447,"minecraft:grass_block":190,"minecraft:light_gray_bed":3,"minecraft:tall_seagrass":2,"minecraft:iron_ore":25,"minecraft:cobbled_deepslate":12,"minecraft:deepslate_lapis_ore":4,"minecraft:dark_oak_stairs":96,"minecraft:spruce_slab":1,"minecraft:deepslate_redstone_ore":1,"minecraft:soul_wall_torch":3,"minecraft:red_bed":5,"minecraft:kelp_plant":16,"minecraft:deepslate_brick_wall":13,"minecraft:powder_snow":1,"minecraft:clay":12,"minecraft:torch":22,"minecraft:jungle_stairs":14,"minecraft:blast_furnace":3,"minecraft:melon":8,"minecraft:chest":3,"minecraft:cobblestone":29,"minecraft:oak_planks":18,"biomesoplenty:mahogany_slab":62,"minecraft:wall_torch":6,"minecraft:deepslate_copper_ore":4,"minecraft:seagrass":2,"minecraft:dark_oak_slab":49,"biomesoplenty:fir_log":39,"minecraft:yellow_stained_glass_pane":3,"minecraft:grass":4,"minecraft:oak_log":9,"minecraft:sand":116,"minecraft:dirt":249,"biomesoplenty:fir_sapling":12,"minecraft:deepslate":23,"biomesoplenty:mahogany_fence":20,"minecraft:tuff":6,"minecraft:deepslate_diamond_ore":2,"minecraft:dark_oak_log":8,"minecraft:dark_oak_fence":8,"minecraft:ladder":17,"minecraft:jungle_planks":31,"minecraft:soul_campfire":1,"minecraft:spruce_leaves":55,"biomesoplenty:mahogany_sapling":2,"minecraft:kelp":19,"minecraft:hay_block":2,"minecraft:furnace":5,"minecraft:carrots":80,"minecraft:suspicious_sand":1,"minecraft:gold_block":1,"minecraft:bookshelf":6,"minecraft:potatoes":182,"biomesoplenty:mahogany_leaves":24,"minecraft:deepslate_iron_ore":25,"minecraft:lantern":2,"minecraft:stone":156,"minecraft:oak_slab":6,"minecraft:light_gray_carpet":1,"minecraft:soul_torch":2,"minecraft:oak_fence":12,"minecraft:crafting_table":10,"biomesoplenty:fir_planks":9,"biomesoplenty:mahogany_planks":18,"minecraft:stone_slab":3,"minecraft:copper_ore":11,"minecraft:tall_grass":6,"biomesoplenty:sprout":1,"minecraft:deepslate_gold_ore":18,"biomesoplenty:fir_fence":13,"biomesoplenty:mahogany_log":44,"minecraft:white_carpet":1,"minecraft:spruce_log":20,"biomesoplenty:mahogany_stairs":17,"minecraft:coal_ore":45,"biomesoplenty:fir_leaves":82,"minecraft:gravel":5,"minecraft:cobweb":9,"minecraft:fern":8},"minecraft:picked_up":{"minecraft:wooden_axe":1,"contagion:contagious_flesh":23,"minecraft:stone_slab":1,"minecraft:diamond_sword":1,"minecraft:amethyst_block":2,"minecraft:string":25,"minecraft:dark_oak_trapdoor":2,"minecraft:soul_soil":1,"minecraft:raw_copper":69,"minecraft:iron_leggings":1,"universal_graves:grave_compass":1,"minecraft:pufferfish":2,"minecraft:gold_nugget":3,"minecraft:cobbled_deepslate":36,"biomesoplenty:fir_planks":105,"minecraft:spruce_planks":16,"toughasnails:copper_water_canteen":1,"minecraft:calcite":1,"minecraft:iron_pickaxe":1,"minecraft:melon_slice":31,"minecraft:furnace":5,"minecraft:golden_helmet":1,"minecraft:stick":150,"minecraft:deepslate_brick_wall":10,"minecraft:oak_fence":12,"minecraft:torch":36,"minecraft:porkchop":2,"biomesoplenty:mahogany_fence":16,"minecraft:light_gray_bed":3,"minecraft:rotten_flesh":266,"biomesoplenty:mahogany_sapling":13,"biomesoplenty:fir_slab":587,"plentyofarmors:copper_chestplate":1,"minecraft:cod":27,"minecraft:cobblestone":180,"minecraft:leather_chestplate":2,"minecraft:cooked_beef":5,"minecraft:water_bucket":1,"minecraft:dark_oak_boat":1,"minecraft:golden_leggings":2,"minecraft:potato":863,"biomesoplenty:fir_sapling":238,"biomesoplenty:fir_log":1082,"minecraft:tuff":6,"biomesoplenty:mahogany_boat":6,"minecraft:lapis_lazuli":32,"hwg:pistol":1,"minecraft:dirt":526,"minecraft:lantern":3,"minecraft:name_tag":1,"minecraft:leather_boots":2,"minecraft:bone":28,"minecraft:bow":2,"minecraft:wheat_seeds":13,"biomesoplenty:fir_boat":1,"minecraft:raw_gold":18,"minecraft:diamond_helmet":1,"minecraft:oak_planks":16,"biomesoplenty:mahogany_planks":12,"minecraft:black_terracotta":2,"minecraft:poisonous_potato":2,"minecraft:sand":116,"minecraft:jungle_planks":31,"biomesoplenty:fir_fence":6,"toughasnails:leather_water_canteen":2,"minecraft:dark_oak_log":8,"minecraft:sugar":1,"minecraft:diamond":4,"minecraft:emerald":38,"hwg:bullets":9,"minecraft:oak_sapling":12,"minecraft:light_gray_carpet":2,"minecraft:dark_oak_fence":4,"minecraft:charcoal":60,"minecraft:crafting_table":10,"minecraft:ladder":15,"minecraft:nether_wart":4,"minecraft:clay_ball":48,"minecraft:leather_leggings":4,"minecraft:wooden_pickaxe":1,"minecraft:shield":1,"minecraft:red_bed":6,"minecraft:iron_axe":3,"minecraft:white_carpet":1,"minecraft:beef":3,"minecraft:iron_nugget":7,"minecraft:spruce_slab":2,"minecraft:chest":3,"minecraft:phantom_membrane":8,"minecraft:raw_iron":65,"minecraft:copper_ingot":7,"minecraft:note_block":2,"mozombies_wave:disco_glasses":1,"minecraft:carrot":322,"minecraft:redstone":5,"minecraft:dark_oak_planks":51,"minecraft:jungle_stairs":9,"minecraft:hay_block":2,"biomesoplenty:mahogany_stairs":16,"minecraft:saddle":1,"minecraft:gold_ingot":6,"minecraft:mutton":7,"minecraft:white_wool":5,"minecraft:salmon":3,"minecraft:leather":3,"minecraft:oak_log":11,"minecraft:lily_pad":1,"minecraft:golden_boots":2,"plentyofarmors:lapis_chestplate":1,"minecraft:gunpowder":151,"biomesoplenty:mahogany_slab":36,"minecraft:cooked_mutton":5,"minecraft:apple":3,"travelersbackpack:cow":1,"minecraft:kelp":43,"minecraft:iron_ingot":5,"minecraft:stone_pickaxe":1,"minecraft:iron_ore":1,"plentyofarmors:ice_shard":2,"hwg:shotgun":1,"minecraft:dark_oak_stairs":82,"minecraft:book":29,"minecraft:oak_slab":4,"minecraft:smooth_basalt":3,"minecraft:dark_oak_slab":45,"minecraft:gravel":22,"minecraft:soul_torch":8,"minecraft:blast_furnace":3,"minecraft:spruce_log":52,"minecraft:spider_eye":9,"minecraft:leather_helmet":1,"biomesoplenty:mahogany_log":74,"minecraft:diamond_shovel":2,"plentyofarmors:lapis_leggings":1,"minecraft:stone_axe":3,"tacz:modern_kinetic_gun":6,"minecraft:iron_helmet":2,"minecraft:diamond_axe":1,"minecraft:coal":89,"minecraft:ender_pearl":5},"minecraft:broken":{"minecraft:stone_pickaxe":1,"minecraft:stone_axe":2,"minecraft:stone_hoe":2,"toughasnails:leather_water_canteen":1,"minecraft:shield":1,"minecraft:iron_pickaxe":1},"minecraft:custom":{"minecraft:interact_with_crafting_table":118,"minecraft:open_barrel":1,"minecraft:leave_game":9,"minecraft:time_since_death":47395,"minecraft:sprint_one_cm":1084935,"minecraft:damage_blocked_by_shield":5786,"minecraft:drop":194,"minecraft:talked_to_villager":50,"minecraft:play_time":674702,"minecraft:deaths":55,"minecraft:jump":9783,"minecraft:interact_with_brewingstand":1,"minecraft:walk_on_water_one_cm":186279,"minecraft:interact_with_furnace":89,"minecraft:traded_with_villager":38,"minecraft:sleep_in_bed":16,"minecraft:damage_dealt":70867,"minecraft:player_kills":14,"minecraft:crouch_one_cm":455398,"minecraft:interact_with_smoker":53,"minecraft:interact_with_smithing_table":2,"minecraft:interact_with_anvil":3,"minecraft:mob_kills":415,"minecraft:climb_one_cm":13026,"minecraft:walk_one_cm":738741,"minecraft:damage_dealt_absorbed":241,"minecraft:sneak_time":107419,"minecraft:walk_under_water_one_cm":139197,"minecraft:boat_one_cm":546399,"minecraft:interact_with_blast_furnace":52,"minecraft:total_world_time":674702,"minecraft:time_since_rest":23415,"minecraft:damage_taken":19514,"minecraft:swim_one_cm":849715,"minecraft:fly_one_cm":2002416,"minecraft:open_chest":373,"minecraft:fish_caught":32,"minecraft:fall_one_cm":174724},"minecraft:crafted":{"minecraft:oak_planks":44,"minecraft:lever":3,"biomesoplenty:mahogany_slab":36,"minecraft:cooked_mutton":4,"minecraft:glass":112,"hwg:shotgun":1,"minecraft:bow":1,"minecraft:iron_boots":2,"biomesoplenty:fir_slab":3648,"minecraft:chest":3,"hwg:shotgun_shell":140,"minecraft:stone_hoe":2,"minecraft:oak_fence":12,"minecraft:oak_slab":6,"minecraft:emerald":37,"minecraft:cooked_porkchop":2,"minecraft:crafting_table":5,"minecraft:spruce_planks":72,"minecraft:iron_helmet":2,"minecraft:wooden_pickaxe":1,"minecraft:baked_potato":112,"plentyofarmors:lapis_chestplate":2,"minecraft:copper_ingot":3,"plentyofarmors:lapis_leggings":2,"biomesoplenty:fir_planks":2484,"minecraft:dispenser":1,"minecraft:dark_oak_slab":24,"minecraft:iron_chestplate":2,"minecraft:wooden_hoe":1,"minecraft:diamond_pickaxe":1,"minecraft:charcoal":84,"minecraft:shield":2,"minecraft:stick":1320,"minecraft:iron_ingot":78,"minecraft:stone_sword":3,"biomesoplenty:mahogany_boat":4,"minecraft:gold_ingot":11,"plentyofarmors:lapis_helmet":3,"minecraft:redstone_torch":1,"minecraft:composter":1,"minecraft:golden_carrot":7,"minecraft:wooden_sword":1,"biomesoplenty:mahogany_fence":33,"minecraft:iron_nugget":81,"biomesoplenty:mahogany_planks":168,"toughasnails:empty_gold_canteen":1,"minecraft:soul_torch":4,"minecraft:furnace":2,"minecraft:bone_meal":51,"minecraft:oak_trapdoor":2,"minecraft:terracotta":12,"minecraft:dark_oak_fence":6,"minecraft:black_terracotta":8,"minecraft:ladder":21,"minecraft:stone_pickaxe":2,"biomesoplenty:mahogany_stairs":16,"minecraft:dark_oak_planks":32,"plentyofarmors:lapis_boots":3,"minecraft:wheat":18,"minecraft:cooked_beef":6,"minecraft:sugar":61,"minecraft:cooked_cod":2,"minecraft:diamond_sword":1,"minecraft:activator_rail":6,"minecraft:iron_sword":1,"minecraft:cooked_salmon":2,"minecraft:bucket":1,"minecraft:stone_axe":6,"minecraft:enchanted_book":1,"minecraft:bread":13,"minecraft:air":0,"biomesoplenty:fir_fence":12,"minecraft:gold_nugget":117,"minecraft:wooden_axe":1,"minecraft:iron_shovel":1,"minecraft:iron_leggings":2,"minecraft:torch":8,"minecraft:clay":12},"minecraft:killed_by":{"zombies_plus:bow_zombie":2,"minecraft:drowned":17,"mozombies_wave:zombie_chef":2,"zombies_plus:brute_zombie":1,"mozombies_wave:zombie_herobrine":1,"minecraft:zombie":1,"minecraft:player":12,"zombies_plus:runner_zombie":4,"mozombies_wave:zombie_dwarf":1,"mozombies_wave:disco_zombie":3,"zombies_plus:leaper_zombie":1,"zombies_plus:axe_zombie":2}},"DataVersion":3465}