{"stats":{"minecraft:custom":{"minecraft:interact_with_crafting_table":84,"minecraft:open_barrel":1,"minecraft:leave_game":5,"minecraft:time_since_death":9641,"minecraft:sprint_one_cm":582668,"minecraft:damage_blocked_by_shield":5471,"minecraft:drop":102,"minecraft:talked_to_villager":20,"minecraft:play_time":422707,"minecraft:deaths":53,"minecraft:jump":5217,"minecraft:interact_with_brewingstand":1,"minecraft:walk_on_water_one_cm":137227,"minecraft:interact_with_furnace":51,"minecraft:sleep_in_bed":7,"minecraft:damage_dealt":62120,"minecraft:player_kills":13,"minecraft:crouch_one_cm":341026,"minecraft:interact_with_smoker":12,"minecraft:mob_kills":375,"minecraft:climb_one_cm":10314,"minecraft:walk_one_cm":425745,"minecraft:damage_dealt_absorbed":241,"minecraft:sneak_time":82140,"minecraft:walk_under_water_one_cm":93148,"minecraft:boat_one_cm":421137,"minecraft:interact_with_blast_furnace":25,"minecraft:total_world_time":422707,"minecraft:time_since_rest":9665,"minecraft:damage_taken":17167,"minecraft:swim_one_cm":476146,"minecraft:fly_one_cm":917432,"minecraft:open_chest":150,"minecraft:fish_caught":32,"minecraft:fall_one_cm":95244},"minecraft:used":{"minecraft:iron_shovel":87,"biomesoplenty:mahogany_slab":60,"minecraft:ladder":14,"minecraft:chest":3,"minecraft:shield":86,"minecraft:iron_sword":249,"minecraft:rotten_flesh":8,"minecraft:jungle_planks":15,"minecraft:lantern":3,"biomesoplenty:fir_sapling":7,"minecraft:dark_oak_slab":51,"biomesoplenty:mahogany_sapling":6,"toughasnails:leather_water_canteen":68,"minecraft:dark_oak_boat":1,"minecraft:furnace":7,"minecraft:cooked_cod":24,"biomesoplenty:fir_fence":13,"minecraft:deepslate_brick_wall":10,"minecraft:dark_oak_stairs":48,"minecraft:oak_planks":18,"minecraft:stone_pickaxe":142,"minecraft:wooden_pickaxe":4,"minecraft:sandstone":1,"biomesoplenty:fir_planks":39,"minecraft:diamond_axe":242,"minecraft:sand":3,"toughasnails:gold_water_canteen":77,"minecraft:melon_slice":31,"minecraft:bread":15,"minecraft:string":1,"minecraft:gravel":19,"minecraft:wooden_sword":1,"minecraft:diamond_sword":565,"minecraft:dark_oak_fence":8,"minecraft:bone_meal":9,"minecraft:oak_fence":12,"biomesoplenty:mahogany_planks":39,"minecraft:stone_sword":296,"minecraft:light_gray_carpet":1,"minecraft:spruce_planks":75,"minecraft:cooked_salmon":2,"minecraft:torch":31,"minecraft:dirt":63,"plentyofarmors:copper_chestplate":1,"biomesoplenty:mahogany_stairs":17,"minecraft:dark_oak_planks":1,"minecraft:wooden_axe":10,"minecraft:iron_axe":85,"minecraft:smooth_basalt":2,"minecraft:cooked_beef":3,"minecraft:cobbled_deepslate":2,"minecraft:light_gray_bed":1,"minecraft:calcite":1,"minecraft:cooked_mutton":4,"minecraft:water_bucket":10,"biomesoplenty:mahogany_log":6,"minecraft:salmon":1,"biomesoplenty:mahogany_fence":20,"biomesoplenty:fir_slab":2652,"minecraft:oak_slab":6,"minecraft:crafting_table":8,"minecraft:red_bed":3,"minecraft:cod":2,"toughasnails:empty_gold_canteen":1,"minecraft:apple":8,"minecraft:iron_pickaxe":237,"minecraft:map":1,"minecraft:jungle_stairs":8,"minecraft:stone_slab":3,"biomesoplenty:mahogany_boat":8,"minecraft:stone_axe":615,"minecraft:fishing_rod":105,"minecraft:cobblestone":125,"minecraft:cooked_porkchop":2,"minecraft:bucket":11,"minecraft:soul_torch":11},"minecraft:crafted":{"minecraft:oak_planks":44,"minecraft:lever":3,"biomesoplenty:mahogany_slab":36,"minecraft:cooked_mutton":4,"hwg:shotgun":1,"minecraft:iron_boots":1,"biomesoplenty:fir_slab":2952,"hwg:shotgun_shell":90,"minecraft:oak_fence":12,"minecraft:oak_slab":6,"minecraft:cooked_porkchop":2,"minecraft:crafting_table":4,"minecraft:spruce_planks":72,"minecraft:iron_helmet":1,"minecraft:wooden_pickaxe":1,"plentyofarmors:lapis_chestplate":1,"plentyofarmors:lapis_leggings":1,"minecraft:copper_ingot":3,"biomesoplenty:fir_planks":1588,"minecraft:dark_oak_slab":24,"minecraft:iron_chestplate":1,"minecraft:shield":2,"minecraft:stick":116,"minecraft:iron_ingot":54,"minecraft:stone_sword":3,"biomesoplenty:mahogany_boat":4,"minecraft:gold_ingot":11,"plentyofarmors:lapis_helmet":1,"minecraft:wooden_sword":1,"biomesoplenty:mahogany_fence":33,"minecraft:iron_nugget":54,"biomesoplenty:mahogany_planks":168,"toughasnails:empty_gold_canteen":1,"minecraft:soul_torch":4,"minecraft:furnace":2,"minecraft:bone_meal":51,"minecraft:terracotta":12,"minecraft:dark_oak_fence":6,"minecraft:black_terracotta":8,"minecraft:ladder":12,"minecraft:stone_pickaxe":1,"biomesoplenty:mahogany_stairs":16,"minecraft:dark_oak_planks":32,"plentyofarmors:lapis_boots":1,"minecraft:wheat":18,"minecraft:cooked_beef":3,"minecraft:cooked_cod":2,"minecraft:diamond_sword":1,"minecraft:iron_sword":1,"minecraft:cooked_salmon":2,"minecraft:bucket":1,"minecraft:stone_axe":6,"minecraft:bread":13,"minecraft:air":0,"biomesoplenty:fir_fence":12,"minecraft:gold_nugget":72,"minecraft:wooden_axe":1,"minecraft:iron_shovel":1,"minecraft:iron_leggings":1,"minecraft:torch":8,"minecraft:clay":12},"minecraft:broken":{"minecraft:stone_pickaxe":1,"minecraft:stone_axe":2,"toughasnails:leather_water_canteen":1,"minecraft:shield":1},"minecraft:killed_by":{"zombies_plus:bow_zombie":2,"minecraft:drowned":17,"mozombies_wave:zombie_chef":2,"zombies_plus:brute_zombie":1,"mozombies_wave:zombie_herobrine":1,"minecraft:zombie":1,"minecraft:player":11,"zombies_plus:runner_zombie":4,"mozombies_wave:zombie_dwarf":1,"mozombies_wave:disco_zombie":3,"zombies_plus:axe_zombie":2},"minecraft:mined":{"minecraft:dark_oak_planks":58,"minecraft:spruce_planks":10,"minecraft:jungle_leaves":1,"biomesoplenty:fir_slab":280,"minecraft:grass_block":43,"minecraft:light_gray_bed":2,"minecraft:tall_seagrass":2,"minecraft:iron_ore":15,"minecraft:cobbled_deepslate":10,"minecraft:deepslate_lapis_ore":4,"minecraft:dark_oak_stairs":94,"minecraft:deepslate_redstone_ore":1,"minecraft:soul_wall_torch":3,"minecraft:red_bed":4,"minecraft:kelp_plant":7,"minecraft:deepslate_brick_wall":13,"minecraft:powder_snow":1,"minecraft:clay":12,"minecraft:torch":20,"minecraft:jungle_stairs":14,"minecraft:melon":8,"minecraft:chest":3,"minecraft:cobblestone":29,"minecraft:oak_planks":18,"biomesoplenty:mahogany_slab":62,"minecraft:wall_torch":5,"minecraft:deepslate_copper_ore":4,"minecraft:seagrass":1,"minecraft:dark_oak_slab":47,"biomesoplenty:fir_log":26,"minecraft:yellow_stained_glass_pane":3,"minecraft:grass":1,"minecraft:oak_log":9,"minecraft:sand":4,"minecraft:dirt":82,"biomesoplenty:fir_sapling":6,"minecraft:deepslate":23,"biomesoplenty:mahogany_fence":20,"minecraft:tuff":6,"minecraft:deepslate_diamond_ore":2,"minecraft:dark_oak_log":8,"minecraft:ladder":5,"minecraft:dark_oak_fence":8,"minecraft:jungle_planks":31,"minecraft:soul_campfire":1,"minecraft:spruce_leaves":55,"biomesoplenty:mahogany_sapling":2,"minecraft:kelp":15,"minecraft:hay_block":2,"minecraft:furnace":5,"minecraft:suspicious_sand":1,"minecraft:bookshelf":1,"minecraft:deepslate_iron_ore":25,"biomesoplenty:mahogany_leaves":24,"minecraft:lantern":2,"minecraft:stone":152,"minecraft:oak_slab":6,"minecraft:soul_torch":2,"minecraft:oak_fence":12,"minecraft:crafting_table":4,"biomesoplenty:fir_planks":5,"biomesoplenty:mahogany_planks":18,"minecraft:stone_slab":3,"minecraft:tall_grass":6,"minecraft:copper_ore":8,"biomesoplenty:sprout":1,"minecraft:deepslate_gold_ore":18,"biomesoplenty:fir_fence":13,"biomesoplenty:mahogany_log":44,"minecraft:spruce_log":20,"minecraft:coal_ore":45,"biomesoplenty:mahogany_stairs":17,"biomesoplenty:fir_leaves":82,"minecraft:gravel":5,"minecraft:cobweb":8,"minecraft:fern":5},"minecraft:dropped":{"minecraft:iron_sword":1,"minecraft:ender_pearl":1,"minecraft:leather":1,"minecraft:jungle_planks":1,"minecraft:leather_helmet":1,"minecraft:cod":12,"minecraft:emerald":1,"minecraft:red_bed":1,"minecraft:dark_oak_fence":2,"plentyofarmors:lapis_boots":1,"hwg:shotgun_shell":2,"minecraft:wooden_sword":1,"minecraft:sand":1,"minecraft:sugar":1,"minecraft:gravel":3,"plentyofarmors:lapis_chestplate":1,"minecraft:stone_axe":8,"plentyofarmors:ice_shard":2,"minecraft:lever":1,"minecraft:cobbled_deepslate":2,"hwg:pistol":1,"minecraft:rotten_flesh":25,"universal_graves:grave_compass":2,"minecraft:leather_chestplate":2,"minecraft:leather_boots":2,"plentyofarmors:lapis_leggings":1,"minecraft:leather_leggings":3,"biomesoplenty:mahogany_sapling":1,"biomesoplenty:mahogany_log":26,"minecraft:iron_ingot":7,"plentyofarmors:lapis_helmet":1,"minecraft:iron_helmet":1,"hwg:shotgun":1,"minecraft:cobblestone":4,"minecraft:copper_ingot":1,"biomesoplenty:fir_slab":448,"contagion:contagious_flesh":2,"minecraft:stick":7,"biomesoplenty:mahogany_fence":1,"minecraft:pufferfish":1,"minecraft:wooden_axe":1,"tacz:modern_kinetic_gun":6,"minecraft:iron_axe":3,"minecraft:string":1,"toughasnails:leather_water_canteen":1,"minecraft:kelp":16,"minecraft:stone_sword":2,"minecraft:filled_map":1,"minecraft:diamond_sword":1,"minecraft:potato":1,"minecraft:shield":1,"biomesoplenty:fir_planks":1,"minecraft:spider_eye":5,"minecraft:wooden_pickaxe":1},"minecraft:killed":{"zombies_plus:slow_zombie":1,"mozombies_wave:zombie_king":5,"mozombies_wave:zombie_chef":3,"minecraft:cod":2,"zombies_plus:cave_zombie":2,"mozombies_wave:zombie_notch":1,"mozombies_wave:disco_zombie":2,"undeadnights:horde_zombie":2,"minecraft:zombie_villager":3,"mozombies_wave:zombie_creeper":1,"mozombies_wave:zombie_miner":1,"minecraft:sheep":1,"zombies_plus:crossbow_zombie":1,"minecraft:zombie":257,"mozombies_wave:zombie_dwarf":1,"zombies_plus:brute_zombie":4,"zombies_plus:runner_zombie":13,"zombies_plus:weak_zombie":2,"mozombies_wave:zombie_pa":2,"minecraft:drowned":40,"mozombies_wave:zombie_cyborg":2,"zombies_plus:sword_zombie":5,"mozombies_wave:zombie_pirate":4,"minecraft:husk":1,"zombies_plus:crawler_zombie":6,"zombies_plus:leaper_zombie":3,"zombies_plus:axe_zombie":7,"minecraft:polar_bear":1,"minecraft:player":13,"zombies_plus:bow_zombie":1},"minecraft:picked_up":{"minecraft:wooden_axe":1,"contagion:contagious_flesh":21,"minecraft:stone_slab":1,"minecraft:diamond_sword":1,"minecraft:amethyst_block":2,"minecraft:string":23,"minecraft:dark_oak_trapdoor":2,"minecraft:soul_soil":1,"minecraft:raw_copper":49,"universal_graves:grave_compass":1,"minecraft:pufferfish":2,"minecraft:gold_nugget":3,"minecraft:cobbled_deepslate":34,"biomesoplenty:fir_planks":37,"minecraft:spruce_planks":16,"toughasnails:copper_water_canteen":1,"minecraft:calcite":1,"minecraft:iron_pickaxe":1,"minecraft:melon_slice":31,"minecraft:furnace":5,"minecraft:golden_helmet":1,"minecraft:stick":80,"minecraft:deepslate_brick_wall":10,"minecraft:oak_fence":12,"minecraft:torch":33,"minecraft:porkchop":2,"biomesoplenty:mahogany_fence":16,"minecraft:light_gray_bed":2,"minecraft:rotten_flesh":236,"biomesoplenty:mahogany_sapling":13,"biomesoplenty:fir_slab":354,"plentyofarmors:copper_chestplate":1,"minecraft:cod":27,"minecraft:cobblestone":175,"minecraft:leather_chestplate":2,"minecraft:dark_oak_boat":1,"minecraft:golden_leggings":1,"minecraft:potato":3,"biomesoplenty:fir_sapling":105,"biomesoplenty:fir_log":596,"minecraft:tuff":6,"biomesoplenty:mahogany_boat":6,"hwg:pistol":1,"minecraft:lapis_lazuli":32,"minecraft:dirt":225,"minecraft:lantern":3,"minecraft:name_tag":1,"minecraft:leather_boots":2,"minecraft:bone":27,"minecraft:bow":2,"minecraft:raw_gold":18,"minecraft:oak_planks":16,"biomesoplenty:mahogany_planks":12,"minecraft:black_terracotta":2,"minecraft:jungle_planks":31,"minecraft:sand":4,"biomesoplenty:fir_fence":6,"toughasnails:leather_water_canteen":2,"minecraft:dark_oak_log":8,"minecraft:sugar":1,"minecraft:diamond":4,"minecraft:emerald":10,"hwg:bullets":9,"minecraft:oak_sapling":12,"minecraft:light_gray_carpet":1,"minecraft:dark_oak_fence":4,"minecraft:crafting_table":4,"minecraft:ladder":5,"minecraft:nether_wart":4,"minecraft:clay_ball":48,"minecraft:leather_leggings":3,"minecraft:wooden_pickaxe":1,"minecraft:shield":1,"minecraft:red_bed":4,"minecraft:iron_axe":3,"minecraft:beef":3,"minecraft:iron_nugget":7,"minecraft:chest":3,"minecraft:phantom_membrane":8,"minecraft:raw_iron":40,"minecraft:copper_ingot":4,"minecraft:note_block":2,"mozombies_wave:disco_glasses":1,"minecraft:carrot":1,"minecraft:redstone":5,"minecraft:dark_oak_planks":48,"minecraft:jungle_stairs":9,"minecraft:hay_block":2,"biomesoplenty:mahogany_stairs":16,"minecraft:saddle":1,"minecraft:gold_ingot":6,"minecraft:mutton":4,"minecraft:white_wool":3,"minecraft:salmon":3,"minecraft:leather":3,"minecraft:oak_log":11,"minecraft:lily_pad":1,"plentyofarmors:lapis_chestplate":1,"minecraft:gunpowder":50,"biomesoplenty:mahogany_slab":36,"minecraft:apple":3,"travelersbackpack:cow":1,"minecraft:kelp":36,"minecraft:iron_ingot":4,"minecraft:stone_pickaxe":1,"plentyofarmors:ice_shard":2,"hwg:shotgun":1,"minecraft:dark_oak_stairs":80,"minecraft:book":3,"minecraft:oak_slab":4,"minecraft:smooth_basalt":3,"minecraft:dark_oak_slab":43,"minecraft:gravel":22,"minecraft:soul_torch":8,"minecraft:spruce_log":52,"minecraft:spider_eye":9,"minecraft:leather_helmet":1,"biomesoplenty:mahogany_log":74,"minecraft:diamond_shovel":1,"minecraft:stone_axe":3,"tacz:modern_kinetic_gun":6,"minecraft:iron_helmet":1,"minecraft:diamond_axe":1,"minecraft:coal":77,"minecraft:ender_pearl":4}},"DataVersion":3465}