{"stats":{"minecraft:dropped":{"biomesoplenty:mahogany_log":5,"minecraft:iron_sword":1,"minecraft:leather":1,"minecraft:copper_ingot":1,"minecraft:leather_helmet":1,"minecraft:cod":12,"minecraft:pufferfish":1,"minecraft:wooden_axe":1,"minecraft:iron_axe":1,"minecraft:wooden_sword":1,"minecraft:sand":1,"toughasnails:leather_water_canteen":1,"minecraft:stone_axe":6,"minecraft:kelp":2,"minecraft:stone_sword":1,"universal_graves:grave_compass":2,"minecraft:filled_map":1,"minecraft:spider_eye":4,"minecraft:leather_boots":1,"biomesoplenty:mahogany_sapling":1},"minecraft:crafted":{"minecraft:wooden_sword":1,"minecraft:oak_planks":44,"biomesoplenty:mahogany_fence":33,"biomesoplenty:mahogany_planks":140,"toughasnails:empty_gold_canteen":1,"minecraft:soul_torch":4,"minecraft:furnace":1,"minecraft:bone_meal":3,"biomesoplenty:mahogany_slab":36,"minecraft:dark_oak_fence":6,"biomesoplenty:fir_slab":30,"minecraft:ladder":12,"minecraft:stone_pickaxe":1,"biomesoplenty:mahogany_stairs":16,"minecraft:dark_oak_planks":32,"minecraft:oak_fence":12,"minecraft:wheat":18,"plentyofarmors:lapis_boots":1,"minecraft:cooked_cod":2,"minecraft:oak_slab":6,"minecraft:crafting_table":2,"minecraft:wooden_pickaxe":1,"minecraft:iron_sword":1,"plentyofarmors:lapis_chestplate":1,"plentyofarmors:lapis_leggings":1,"minecraft:copper_ingot":3,"minecraft:stone_axe":1,"minecraft:air":0,"minecraft:bread":13,"biomesoplenty:fir_fence":12,"minecraft:iron_chestplate":1,"minecraft:dark_oak_slab":24,"minecraft:stick":104,"minecraft:iron_ingot":10,"minecraft:gold_ingot":11,"minecraft:wooden_axe":1,"minecraft:stone_sword":3,"biomesoplenty:mahogany_boat":2,"plentyofarmors:lapis_helmet":1,"minecraft:torch":4},"minecraft:killed":{"zombies_plus:slow_zombie":1,"mozombies_wave:zombie_king":2,"mozombies_wave:zombie_chef":1,"zombies_plus:runner_zombie":5,"minecraft:cod":2,"zombies_plus:weak_zombie":1,"mozombies_wave:zombie_pa":1,"zombies_plus:cave_zombie":2,"minecraft:drowned":10,"zombies_plus:sword_zombie":2,"mozombies_wave:disco_zombie":1,"undeadnights:horde_zombie":1,"zombies_plus:crawler_zombie":2,"minecraft:zombie_villager":3,"zombies_plus:leaper_zombie":1,"mozombies_wave:zombie_creeper":1,"mozombies_wave:zombie_miner":1,"zombies_plus:crossbow_zombie":1,"minecraft:zombie":132,"mozombies_wave:zombie_dwarf":1,"minecraft:player":7,"zombies_plus:bow_zombie":1},"minecraft:picked_up":{"minecraft:wooden_axe":1,"contagion:contagious_flesh":6,"minecraft:crafting_table":2,"minecraft:nether_wart":2,"minecraft:ladder":5,"minecraft:shield":1,"minecraft:iron_axe":1,"minecraft:string":14,"minecraft:red_bed":2,"minecraft:soul_soil":1,"minecraft:raw_copper":32,"minecraft:pufferfish":2,"minecraft:cobbled_deepslate":18,"biomesoplenty:fir_planks":32,"minecraft:iron_nugget":7,"minecraft:iron_pickaxe":1,"minecraft:melon_slice":31,"minecraft:chest":3,"minecraft:phantom_membrane":3,"minecraft:furnace":4,"minecraft:stick":5,"minecraft:raw_iron":13,"minecraft:deepslate_brick_wall":10,"minecraft:copper_ingot":1,"minecraft:torch":13,"minecraft:note_block":2,"minecraft:porkchop":2,"minecraft:carrot":1,"minecraft:redstone":5,"minecraft:dark_oak_planks":19,"minecraft:rotten_flesh":121,"minecraft:light_gray_bed":1,"minecraft:jungle_stairs":8,"biomesoplenty:mahogany_sapling":7,"minecraft:hay_block":2,"biomesoplenty:fir_slab":2,"biomesoplenty:mahogany_stairs":1,"minecraft:saddle":1,"minecraft:gold_ingot":1,"plentyofarmors:copper_chestplate":1,"minecraft:cod":25,"minecraft:cobblestone":130,"minecraft:salmon":3,"minecraft:leather":2,"minecraft:dark_oak_boat":1,"minecraft:potato":2,"minecraft:oak_log":11,"biomesoplenty:mahogany_boat":3,"minecraft:lily_pad":1,"minecraft:gunpowder":26,"minecraft:lapis_lazuli":32,"minecraft:dirt":37,"minecraft:lantern":3,"minecraft:name_tag":1,"biomesoplenty:mahogany_slab":1,"minecraft:leather_boots":1,"minecraft:bone":11,"minecraft:kelp":9,"minecraft:bow":2,"minecraft:raw_gold":18,"minecraft:stone_pickaxe":1,"biomesoplenty:mahogany_planks":11,"minecraft:dark_oak_stairs":48,"minecraft:book":3,"minecraft:dark_oak_slab":27,"minecraft:gravel":19,"minecraft:sand":4,"minecraft:jungle_planks":14,"biomesoplenty:fir_fence":1,"minecraft:soul_torch":6,"toughasnails:leather_water_canteen":2,"minecraft:leather_helmet":1,"minecraft:spider_eye":4,"minecraft:dark_oak_log":8,"biomesoplenty:mahogany_log":46,"minecraft:diamond_shovel":1,"minecraft:stone_axe":3,"minecraft:dark_oak_fence":2,"minecraft:coal":20,"minecraft:ender_pearl":1},"minecraft:custom":{"minecraft:mob_kills":172,"minecraft:interact_with_crafting_table":46,"minecraft:open_barrel":1,"minecraft:leave_game":2,"minecraft:time_since_death":256,"minecraft:climb_one_cm":5901,"minecraft:sprint_one_cm":269876,"minecraft:walk_one_cm":215310,"minecraft:damage_blocked_by_shield":1991,"minecraft:drop":27,"minecraft:damage_dealt_absorbed":241,"minecraft:talked_to_villager":17,"minecraft:play_time":187251,"minecraft:sneak_time":21340,"minecraft:deaths":27,"minecraft:walk_under_water_one_cm":26878,"minecraft:boat_one_cm":406675,"minecraft:jump":2181,"minecraft:interact_with_blast_furnace":14,"minecraft:walk_on_water_one_cm":42746,"minecraft:total_world_time":187251,"minecraft:interact_with_furnace":14,"minecraft:sleep_in_bed":2,"minecraft:time_since_rest":280,"minecraft:damage_taken":8364,"minecraft:damage_dealt":28516,"minecraft:swim_one_cm":191476,"minecraft:fly_one_cm":270659,"minecraft:player_kills":7,"minecraft:open_chest":45,"minecraft:crouch_one_cm":59080,"minecraft:interact_with_smoker":4,"minecraft:fish_caught":32,"minecraft:fall_one_cm":52991},"minecraft:killed_by":{"minecraft:player":8,"zombies_plus:runner_zombie":4,"zombies_plus:bow_zombie":2,"mozombies_wave:zombie_chef":1,"mozombies_wave:zombie_dwarf":1,"mozombies_wave:zombie_herobrine":1,"mozombies_wave:disco_zombie":3,"zombies_plus:axe_zombie":1},"minecraft:used":{"minecraft:oak_fence":12,"biomesoplenty:mahogany_planks":32,"minecraft:stone_sword":296,"biomesoplenty:mahogany_slab":37,"minecraft:ladder":14,"minecraft:chest":3,"minecraft:shield":53,"minecraft:iron_sword":249,"minecraft:rotten_flesh":1,"minecraft:torch":17,"minecraft:dirt":37,"minecraft:jungle_planks":14,"plentyofarmors:copper_chestplate":1,"biomesoplenty:mahogany_stairs":17,"minecraft:dark_oak_planks":1,"minecraft:wooden_axe":10,"minecraft:lantern":3,"minecraft:iron_axe":5,"minecraft:dark_oak_slab":51,"biomesoplenty:mahogany_sapling":5,"toughasnails:leather_water_canteen":52,"minecraft:dark_oak_boat":1,"minecraft:furnace":6,"minecraft:cooked_cod":6,"biomesoplenty:fir_fence":13,"minecraft:deepslate_brick_wall":10,"minecraft:dark_oak_stairs":48,"minecraft:stone_pickaxe":142,"minecraft:oak_planks":18,"minecraft:wooden_pickaxe":4,"minecraft:sandstone":1,"biomesoplenty:mahogany_log":6,"minecraft:salmon":1,"minecraft:sand":3,"biomesoplenty:fir_slab":30,"biomesoplenty:mahogany_fence":20,"minecraft:oak_slab":6,"minecraft:crafting_table":5,"minecraft:red_bed":2,"toughasnails:gold_water_canteen":10,"toughasnails:empty_gold_canteen":1,"minecraft:apple":2,"minecraft:string":1,"minecraft:melon_slice":11,"minecraft:bread":15,"minecraft:iron_pickaxe":76,"minecraft:map":1,"minecraft:jungle_stairs":8,"minecraft:gravel":19,"biomesoplenty:mahogany_boat":5,"minecraft:stone_axe":270,"minecraft:fishing_rod":105,"minecraft:wooden_sword":1,"minecraft:cobblestone":106,"minecraft:dark_oak_fence":8,"minecraft:bone_meal":3,"minecraft:soul_torch":9},"minecraft:broken":{"minecraft:stone_pickaxe":1},"minecraft:mined":{"minecraft:dark_oak_planks":21,"minecraft:jungle_leaves":1,"minecraft:dark_oak_log":8,"minecraft:ladder":5,"minecraft:dark_oak_fence":2,"biomesoplenty:fir_slab":5,"minecraft:grass_block":7,"minecraft:jungle_planks":14,"minecraft:light_gray_bed":1,"minecraft:soul_campfire":1,"biomesoplenty:mahogany_sapling":1,"minecraft:kelp":2,"minecraft:hay_block":2,"minecraft:furnace":4,"minecraft:cobbled_deepslate":1,"minecraft:suspicious_sand":1,"minecraft:deepslate_lapis_ore":4,"minecraft:dark_oak_stairs":48,"minecraft:bookshelf":1,"minecraft:deepslate_iron_ore":13,"biomesoplenty:mahogany_leaves":23,"minecraft:lantern":2,"minecraft:stone":117,"minecraft:deepslate_redstone_ore":1,"minecraft:soul_wall_torch":3,"minecraft:red_bed":2,"minecraft:kelp_plant":3,"minecraft:deepslate_brick_wall":12,"minecraft:soul_torch":2,"minecraft:crafting_table":2,"minecraft:torch":5,"minecraft:jungle_stairs":8,"minecraft:melon":8,"biomesoplenty:mahogany_planks":11,"minecraft:chest":3,"minecraft:tall_grass":4,"minecraft:cobblestone":17,"biomesoplenty:sprout":1,"minecraft:deepslate_gold_ore":18,"biomesoplenty:mahogany_slab":3,"minecraft:wall_torch":3,"minecraft:deepslate_copper_ore":4,"minecraft:dark_oak_slab":24,"biomesoplenty:fir_fence":1,"biomesoplenty:mahogany_log":26,"minecraft:yellow_stained_glass_pane":3,"biomesoplenty:mahogany_stairs":1,"minecraft:oak_log":9,"minecraft:coal_ore":9,"minecraft:gravel":2,"minecraft:sand":4,"minecraft:dirt":28,"minecraft:cobweb":8,"minecraft:deepslate":17,"minecraft:fern":5}},"DataVersion":3465}