{"stats":{"minecraft:dropped":{"minecraft:spruce_sign":12,"minecraft:porkchop":3,"minecraft:lapis_lazuli":1,"minecraft:diamond":2,"minecraft:jungle_fence":1,"minecraft:leather":3,"minecraft:jungle_planks":2,"minecraft:flint":1,"minecraft:dirt":38,"minecraft:yellow_dye":1,"minecraft:gravel":7,"minecraft:stone_axe":1,"minecraft:blackstone":2,"minecraft:cobbled_deepslate":284,"universal_graves:grave_compass":1,"toughasnails:copper_water_canteen":1,"minecraft:white_bed":1,"minecraft:salmon":1,"minecraft:jungle_stairs":2,"minecraft:chest":1,"minecraft:wheat_seeds":1,"minecraft:mossy_cobblestone":1,"minecraft:feather":1,"minecraft:cobblestone":134,"minecraft:melon_slice":2,"minecraft:iron_axe":3,"minecraft:smooth_stone":2,"minecraft:string":5,"minecraft:lily_pad":1,"hwg:grenade_frag":3,"minecraft:stone_sword":1,"minecraft:raw_copper":9,"minecraft:chicken":1,"minecraft:potato":3,"minecraft:cobblestone_slab":12,"minecraft:stone":3,"minecraft:barrel":1,"minecraft:stone_pickaxe":1,"minecraft:wooden_pickaxe":1},"minecraft:crafted":{"minecraft:cobblestone_slab":6,"toughasnails:empty_iron_canteen":2,"minecraft:stone":3,"minecraft:cooked_mutton":8,"minecraft:iron_bars":16,"minecraft:diamond_leggings":1,"minecraft:iron_boots":1,"hwg:grenade_frag":6,"minecraft:chest":2,"minecraft:cooked_porkchop":11,"minecraft:crafting_table":4,"minecraft:iron_helmet":2,"minecraft:wooden_pickaxe":2,"minecraft:baked_potato":64,"hwg:gun_table":1,"minecraft:copper_ingot":77,"minecraft:tnt":3,"minecraft:charcoal":1,"toughasnails:water_purifier":1,"minecraft:shield":1,"minecraft:stick":96,"minecraft:stone_slab":6,"minecraft:iron_ingot":225,"minecraft:iron_pickaxe":4,"minecraft:stone_sword":1,"biomesoplenty:mahogany_boat":1,"minecraft:gold_ingot":86,"minecraft:raw_iron":36,"minecraft:stone_shovel":1,"minecraft:coal":18,"minecraft:iron_nugget":27,"biomesoplenty:mahogany_planks":88,"minecraft:furnace":1,"minecraft:bone_meal":87,"minecraft:iron_axe":1,"minecraft:stone_pickaxe":12,"minecraft:diamond_boots":1,"minecraft:cooked_beef":13,"minecraft:diamond_sword":1,"minecraft:bucket":1,"minecraft:stone_axe":2,"minecraft:bread":16,"minecraft:air":0,"minecraft:jungle_planks":60,"minecraft:iron_shovel":1,"minecraft:torch":88,"minecraft:diamond_chestplate":1},"minecraft:killed":{"zombies_plus:slow_zombie":2,"mozombies_wave:zombie_chef":6,"zombies_plus:cave_zombie":5,"mozombies_wave:zombie_knight":1,"mozombies_wave:disco_zombie":1,"minecraft:parrot":1,"minecraft:pig":3,"undeadnights:horde_zombie":3,"minecraft:zombie_villager":3,"mozombies_wave:zombie_miner":1,"minecraft:sheep":9,"zombies_plus:crossbow_zombie":1,"minecraft:zombie":136,"mozombies_wave:zombie_dwarf":6,"minecraft:cow":5,"zombies_plus:runner_zombie":13,"undeadnights:demolition_zombie":1,"zombies_plus:weak_zombie":2,"mozombies_wave:zombie_pa":3,"minecraft:drowned":3,"zombies_plus:sword_zombie":9,"mozombies_wave:zombie_pirate":1,"minecraft:husk":8,"zombies_plus:crawler_zombie":3,"zombies_plus:leaper_zombie":6,"zombies_plus:axe_zombie":2,"zombies_plus:bow_zombie":3},"minecraft:picked_up":{"contagion:contagious_flesh":11,"minecraft:wheat":48,"minecraft:flower_pot":1,"minecraft:enchanted_book":2,"minecraft:brewing_stand":2,"minecraft:string":17,"minecraft:dead_tube_coral_block":2,"minecraft:raw_copper":86,"universal_graves:grave_compass":1,"minecraft:beetroot":16,"minecraft:cobbled_deepslate":1053,"minecraft:gold_nugget":30,"minecraft:smooth_stone":3,"minecraft:cobblestone_slab":9,"minecraft:melon_slice":281,"minecraft:coal_block":2,"minecraft:furnace":18,"minecraft:stick":35,"minecraft:jukebox":6,"minecraft:torch":55,"minecraft:green_bed":2,"minecraft:porkchop":6,"minecraft:golden_chestplate":2,"minecraft:cauldron":5,"minecraft:stone_sword":1,"minecraft:rotten_flesh":201,"biomesoplenty:mahogany_sapling":4,"minecraft:iron_block":16,"endrem:rogue_eye":1,"minecraft:obsidian":22,"minecraft:iron_bars":18,"minecraft:cobblestone":795,"minecraft:feather":2,"minecraft:cooked_beef":13,"minecraft:water_bucket":1,"minecraft:andesite":5,"minecraft:jungle_log":17,"minecraft:brown_wool":4,"minecraft:golden_leggings":2,"minecraft:potato":378,"minecraft:flint":2,"minecraft:tuff":114,"biomesoplenty:mahogany_boat":1,"fwaystones:stone_brick_waystone":1,"minecraft:lapis_lazuli":136,"minecraft:dirt":135,"minecraft:lantern":30,"minecraft:name_tag":5,"minecraft:leather_boots":2,"minecraft:bone":15,"minecraft:glass":33,"minecraft:stonecutter":1,"minecraft:wheat_seeds":177,"minecraft:raw_gold":18,"minecraft:bell":2,"minecraft:oak_planks":49,"biomesoplenty:mahogany_planks":24,"biomesoplenty:magic_sapling":4,"minecraft:cooked_porkchop":11,"hwg:gun_table":1,"minecraft:jungle_planks":8,"minecraft:jungle_slab":2,"minecraft:barrel":16,"minecraft:mossy_cobblestone":5,"toughasnails:water_purifier":1,"minecraft:green_concrete":7,"minecraft:diamond":23,"minecraft:emerald":18,"minecraft:spruce_sign":12,"minecraft:bread":278,"minecraft:oak_sapling":31,"minecraft:cocoa_beans":260,"minecraft:charcoal":74,"minecraft:crafting_table":23,"minecraft:chicken":1,"minecraft:leather_leggings":3,"minecraft:wooden_pickaxe":1,"minecraft:gold_block":8,"minecraft:jungle_trapdoor":8,"minecraft:red_bed":1,"minecraft:iron_axe":3,"minecraft:blackstone":2,"minecraft:candle":12,"minecraft:beef":13,"minecraft:jungle_sapling":40,"minecraft:iron_nugget":28,"minecraft:light_gray_wool":1,"minecraft:lectern":1,"minecraft:chest":58,"minecraft:phantom_membrane":7,"minecraft:egg":2,"minecraft:dark_oak_sapling":5,"minecraft:raw_iron":48,"minecraft:stone":4,"minecraft:copper_ingot":1,"minecraft:cookie":298,"minecraft:carrot":196,"minecraft:redstone":127,"minecraft:tnt":2,"minecraft:beetroot_seeds":26,"minecraft:jungle_stairs":3,"minecraft:hay_block":77,"minecraft:saddle":1,"minecraft:gold_ingot":23,"minecraft:mutton":5,"minecraft:white_wool":14,"biomesoplenty:orange_sand":151,"minecraft:glow_ink_sac":7,"minecraft:salmon":3,"minecraft:leather":10,"minecraft:yellow_dye":1,"minecraft:jungle_fence":7,"minecraft:oak_log":33,"minecraft:lily_pad":1,"biomesoplenty:jacaranda_planks":4,"minecraft:gunpowder":31,"minecraft:paper":4,"minecraft:cooked_mutton":8,"minecraft:apple":6,"minecraft:stone_bricks":2,"minecraft:iron_ingot":19,"minecraft:stone_pickaxe":1,"biomesoplenty:magic_log":18,"minecraft:soul_sand":9,"minecraft:book":469,"minecraft:black_candle":7,"minecraft:raw_iron_block":4,"minecraft:gravel":27,"minecraft:spruce_sapling":4,"minecraft:red_banner":16,"minecraft:blast_furnace":1,"minecraft:white_bed":7,"minecraft:spruce_log":50,"minecraft:spider_eye":1,"minecraft:leather_helmet":2,"minecraft:stripped_jungle_log":4,"biomesoplenty:mahogany_log":22,"minecraft:stone_axe":1,"minecraft:iron_helmet":1,"minecraft:damaged_anvil":1,"minecraft:coal":219,"minecraft:hopper":1,"minecraft:ender_pearl":1},"minecraft:custom":{"minecraft:interact_with_crafting_table":49,"minecraft:open_barrel":21,"minecraft:leave_game":8,"minecraft:time_since_death":6534,"minecraft:sprint_one_cm":330364,"minecraft:damage_blocked_by_shield":1275,"minecraft:drop":60,"minecraft:play_time":356581,"minecraft:deaths":6,"minecraft:jump":2725,"minecraft:walk_on_water_one_cm":165182,"minecraft:interact_with_furnace":101,"minecraft:sleep_in_bed":12,"minecraft:damage_dealt":37617,"minecraft:crouch_one_cm":29385,"minecraft:inspect_dispenser":3,"minecraft:interact_with_smithing_table":1,"minecraft:mob_kills":241,"minecraft:climb_one_cm":446,"minecraft:walk_one_cm":785607,"minecraft:sneak_time":17637,"minecraft:walk_under_water_one_cm":67288,"minecraft:boat_one_cm":137718,"minecraft:total_world_time":356581,"minecraft:time_since_rest":6689,"minecraft:damage_taken":13112,"minecraft:swim_one_cm":3664,"minecraft:fly_one_cm":283763,"minecraft:open_chest":304,"minecraft:fall_one_cm":45562},"minecraft:killed_by":{"zombies_plus:bow_zombie":1,"undeadnights:horde_zombie":1,"minecraft:zombie":1,"zombies_plus:leaper_zombie":1},"minecraft:used":{"minecraft:iron_shovel":34,"minecraft:chest":16,"minecraft:shield":26,"minecraft:rotten_flesh":3,"minecraft:jungle_planks":2,"toughasnails:iron_dirty_water_canteen":164,"minecraft:lantern":3,"minecraft:oak_sapling":3,"minecraft:furnace":18,"minecraft:egg":2,"minecraft:damaged_anvil":1,"minecraft:stone_pickaxe":1571,"minecraft:wooden_pickaxe":23,"minecraft:cookie":1,"minecraft:bread":6,"minecraft:melon_slice":69,"minecraft:diamond_sword":590,"toughasnails:iron_water_canteen":22,"minecraft:bone_meal":47,"biomesoplenty:mahogany_planks":18,"minecraft:stone_sword":133,"toughasnails:water_purifier":2,"minecraft:stone_shovel":138,"minecraft:torch":109,"minecraft:dirt":13,"toughasnails:empty_iron_canteen":13,"minecraft:iron_axe":253,"minecraft:diamond_chestplate":1,"minecraft:cobbled_deepslate":128,"minecraft:water_bucket":40,"minecraft:baked_potato":15,"minecraft:green_bed":1,"minecraft:cobblestone_slab":3,"minecraft:crafting_table":25,"minecraft:red_bed":1,"minecraft:white_bed":1,"minecraft:spruce_log":2,"minecraft:stripped_jungle_log":1,"minecraft:iron_pickaxe":792,"minecraft:jungle_stairs":1,"biomesoplenty:mahogany_boat":2,"minecraft:stone_axe":135,"minecraft:cobblestone":307,"minecraft:bucket":40,"hwg:gun_table":2,"minecraft:diamond_leggings":1},"minecraft:broken":{"minecraft:stone_pickaxe":12,"minecraft:stone_shovel":1,"toughasnails:iron_dirty_water_canteen":11,"minecraft:iron_pickaxe":3,"toughasnails:iron_water_canteen":1},"minecraft:mined":{"minecraft:white_bed":6,"minecraft:jungle_leaves":4,"minecraft:brewing_stand":2,"minecraft:grass_block":12,"minecraft:dead_tube_coral_block":2,"minecraft:brown_wool":2,"minecraft:jungle_log":11,"minecraft:coal_block":2,"minecraft:green_concrete":10,"minecraft:hopper":1,"minecraft:raw_iron_block":4,"minecraft:iron_ore":42,"minecraft:cobbled_deepslate":18,"minecraft:barrel":16,"minecraft:deepslate_lapis_ore":9,"minecraft:dirt_path":1,"minecraft:black_candle":3,"minecraft:iron_block":16,"minecraft:green_bed":2,"minecraft:jungle_trapdoor":4,"minecraft:deepslate_redstone_ore":23,"hwg:gun_table":1,"minecraft:red_bed":1,"minecraft:blackstone":2,"biomesoplenty:jacaranda_planks":4,"minecraft:torch":21,"minecraft:jungle_stairs":3,"minecraft:blast_furnace":1,"minecraft:melon":40,"minecraft:chest":61,"minecraft:cobblestone":29,"minecraft:damaged_anvil":1,"minecraft:wall_torch":30,"minecraft:deepslate_copper_ore":2,"minecraft:jukebox":3,"minecraft:grass":15,"biomesoplenty:clover":1,"minecraft:oak_log":3,"minecraft:dirt":84,"minecraft:stonecutter":1,"minecraft:oak_leaves":6,"minecraft:deepslate":1066,"minecraft:diamond_ore":10,"minecraft:tuff":116,"biomesoplenty:watergrass":1,"minecraft:mossy_cobblestone":3,"minecraft:deepslate_diamond_ore":13,"minecraft:candle":4,"minecraft:jungle_planks":10,"biomesoplenty:mahogany_sapling":1,"minecraft:hay_block":30,"minecraft:redstone_ore":4,"minecraft:spruce_sapling":2,"minecraft:furnace":18,"minecraft:andesite":5,"minecraft:gold_block":8,"biomesoplenty:magic_log":1,"minecraft:bell":1,"minecraft:bookshelf":121,"biomesoplenty:high_grass":9,"minecraft:deepslate_iron_ore":6,"minecraft:cobblestone_slab":3,"biomesoplenty:mahogany_leaves":2,"minecraft:lantern":19,"minecraft:stripped_jungle_log":4,"minecraft:stone":760,"minecraft:white_wool":12,"biomesoplenty:orange_sand":75,"toughasnails:water_purifier":1,"minecraft:crafting_table":24,"biomesoplenty:mahogany_planks":3,"minecraft:lectern":1,"minecraft:campfire":38,"biomesoplenty:high_grass_plant":15,"minecraft:tall_grass":4,"minecraft:copper_ore":24,"biomesoplenty:huge_clover_petal":1,"biomesoplenty:sprout":2,"minecraft:lapis_ore":5,"minecraft:deepslate_gold_ore":18,"minecraft:lily_pad":1,"biomesoplenty:mahogany_log":4,"minecraft:jungle_fence":3,"minecraft:red_wall_banner":2,"minecraft:coal_ore":122,"minecraft:gravel":19,"minecraft:stone_bricks":1,"minecraft:fern":31}},"DataVersion":3465}