{"stats":{"minecraft:dropped":{"minecraft:wheat_seeds":1,"minecraft:mossy_cobblestone":1,"minecraft:diamond":2,"minecraft:cobblestone":134,"minecraft:jungle_planks":1,"minecraft:flint":1,"minecraft:dirt":38,"minecraft:melon_slice":2,"minecraft:iron_axe":1,"minecraft:string":5,"minecraft:lily_pad":1,"minecraft:gravel":7,"hwg:grenade_frag":3,"minecraft:blackstone":2,"minecraft:stone_sword":1,"minecraft:cobbled_deepslate":282,"minecraft:raw_copper":9,"toughasnails:copper_water_canteen":1,"minecraft:white_bed":1,"minecraft:cobblestone_slab":12,"minecraft:potato":3,"minecraft:stone_pickaxe":1,"minecraft:wooden_pickaxe":1},"minecraft:crafted":{"minecraft:cobblestone_slab":6,"minecraft:stone_shovel":1,"minecraft:iron_nugget":27,"biomesoplenty:mahogany_planks":88,"toughasnails:empty_iron_canteen":2,"minecraft:furnace":1,"minecraft:stone":3,"minecraft:iron_bars":16,"minecraft:diamond_leggings":1,"minecraft:iron_boots":1,"minecraft:stone_pickaxe":12,"hwg:grenade_frag":6,"minecraft:chest":2,"minecraft:diamond_boots":1,"minecraft:cooked_beef":6,"minecraft:diamond_sword":1,"minecraft:cooked_porkchop":3,"minecraft:crafting_table":3,"minecraft:iron_helmet":1,"minecraft:wooden_pickaxe":2,"minecraft:baked_potato":64,"hwg:gun_table":1,"minecraft:copper_ingot":77,"minecraft:bucket":1,"minecraft:stone_axe":1,"minecraft:air":0,"minecraft:bread":16,"minecraft:jungle_planks":56,"minecraft:tnt":3,"minecraft:charcoal":1,"toughasnails:water_purifier":1,"minecraft:shield":1,"minecraft:stick":92,"minecraft:stone_slab":6,"minecraft:iron_ingot":38,"minecraft:iron_pickaxe":3,"minecraft:stone_sword":1,"biomesoplenty:mahogany_boat":1,"minecraft:gold_ingot":13,"minecraft:torch":80,"minecraft:diamond_chestplate":1},"minecraft:killed":{"zombies_plus:slow_zombie":1,"mozombies_wave:zombie_chef":5,"zombies_plus:runner_zombie":10,"undeadnights:demolition_zombie":1,"mozombies_wave:zombie_pa":3,"zombies_plus:cave_zombie":5,"minecraft:drowned":3,"zombies_plus:sword_zombie":5,"minecraft:parrot":1,"minecraft:husk":2,"undeadnights:horde_zombie":3,"zombies_plus:crawler_zombie":3,"minecraft:zombie_villager":3,"zombies_plus:leaper_zombie":1,"zombies_plus:axe_zombie":1,"mozombies_wave:zombie_miner":1,"minecraft:sheep":3,"zombies_plus:crossbow_zombie":1,"minecraft:zombie":108,"mozombies_wave:zombie_dwarf":3,"zombies_plus:bow_zombie":3},"minecraft:picked_up":{"minecraft:charcoal":16,"contagion:contagious_flesh":9,"minecraft:cocoa_beans":61,"minecraft:crafting_table":21,"minecraft:wheat":48,"minecraft:leather_leggings":1,"minecraft:wooden_pickaxe":1,"minecraft:jungle_trapdoor":8,"minecraft:string":14,"minecraft:raw_copper":86,"minecraft:iron_axe":2,"minecraft:blackstone":2,"minecraft:beetroot":8,"minecraft:gold_nugget":10,"minecraft:cobbled_deepslate":1049,"minecraft:beef":6,"minecraft:cobblestone_slab":9,"minecraft:jungle_sapling":25,"minecraft:iron_nugget":3,"minecraft:light_gray_wool":1,"minecraft:melon_slice":176,"minecraft:chest":22,"minecraft:furnace":16,"minecraft:phantom_membrane":6,"minecraft:egg":2,"minecraft:dark_oak_sapling":5,"minecraft:stick":6,"minecraft:raw_iron":27,"minecraft:jukebox":4,"minecraft:copper_ingot":1,"minecraft:torch":32,"minecraft:porkchop":3,"minecraft:cookie":54,"minecraft:carrot":98,"minecraft:redstone":121,"minecraft:cauldron":5,"minecraft:tnt":2,"minecraft:stone_sword":1,"minecraft:rotten_flesh":140,"minecraft:beetroot_seeds":13,"minecraft:jungle_stairs":1,"biomesoplenty:mahogany_sapling":4,"minecraft:hay_block":48,"minecraft:iron_block":2,"minecraft:gold_ingot":13,"minecraft:saddle":1,"endrem:rogue_eye":1,"minecraft:obsidian":20,"minecraft:mutton":5,"minecraft:iron_bars":18,"biomesoplenty:orange_sand":151,"minecraft:white_wool":14,"minecraft:cobblestone":587,"minecraft:salmon":1,"minecraft:water_bucket":1,"minecraft:jungle_log":17,"minecraft:brown_wool":4,"minecraft:jungle_fence":6,"minecraft:potato":108,"minecraft:flint":2,"minecraft:tuff":113,"biomesoplenty:mahogany_boat":1,"minecraft:lily_pad":1,"minecraft:gunpowder":22,"minecraft:lapis_lazuli":64,"minecraft:dirt":95,"minecraft:paper":2,"minecraft:lantern":7,"minecraft:name_tag":5,"minecraft:leather_boots":1,"minecraft:glass":33,"minecraft:bone":11,"minecraft:wheat_seeds":83,"minecraft:raw_gold":10,"minecraft:bell":1,"minecraft:iron_ingot":12,"minecraft:stone_pickaxe":1,"minecraft:oak_planks":36,"biomesoplenty:mahogany_planks":24,"minecraft:soul_sand":9,"minecraft:book":208,"hwg:gun_table":1,"minecraft:gravel":27,"minecraft:jungle_planks":5,"minecraft:white_bed":6,"minecraft:mossy_cobblestone":5,"minecraft:jungle_slab":2,"minecraft:spider_eye":1,"minecraft:barrel":4,"minecraft:leather_helmet":1,"minecraft:stripped_jungle_log":3,"biomesoplenty:mahogany_log":22,"toughasnails:water_purifier":1,"minecraft:diamond":23,"minecraft:emerald":4,"minecraft:bread":94,"minecraft:oak_sapling":1,"minecraft:damaged_anvil":1,"minecraft:coal":156,"minecraft:ender_pearl":1},"minecraft:custom":{"minecraft:mob_kills":169,"minecraft:interact_with_crafting_table":46,"minecraft:open_barrel":2,"minecraft:leave_game":4,"minecraft:time_since_death":26085,"minecraft:climb_one_cm":57,"minecraft:sprint_one_cm":135223,"minecraft:damage_blocked_by_shield":1275,"minecraft:walk_one_cm":456947,"minecraft:drop":37,"minecraft:play_time":249091,"minecraft:sneak_time":12579,"minecraft:deaths":3,"minecraft:walk_under_water_one_cm":53993,"minecraft:boat_one_cm":137718,"minecraft:jump":1435,"minecraft:walk_on_water_one_cm":112184,"minecraft:total_world_time":249091,"minecraft:interact_with_furnace":67,"minecraft:sleep_in_bed":2,"minecraft:time_since_rest":26331,"minecraft:damage_taken":2181,"minecraft:damage_dealt":25810,"minecraft:swim_one_cm":3151,"minecraft:fly_one_cm":123250,"minecraft:open_chest":136,"minecraft:crouch_one_cm":22749,"minecraft:fall_one_cm":18021},"minecraft:killed_by":{"zombies_plus:bow_zombie":1,"undeadnights:horde_zombie":1,"zombies_plus:leaper_zombie":1},"minecraft:used":{"biomesoplenty:mahogany_planks":18,"minecraft:stone_sword":133,"toughasnails:water_purifier":2,"minecraft:stone_shovel":129,"minecraft:chest":13,"minecraft:shield":26,"minecraft:rotten_flesh":3,"minecraft:torch":63,"minecraft:dirt":6,"toughasnails:empty_iron_canteen":13,"minecraft:jungle_planks":2,"toughasnails:iron_dirty_water_canteen":164,"minecraft:lantern":1,"minecraft:iron_axe":148,"minecraft:diamond_chestplate":1,"minecraft:furnace":17,"minecraft:egg":1,"minecraft:cobbled_deepslate":128,"minecraft:water_bucket":35,"minecraft:damaged_anvil":1,"minecraft:baked_potato":2,"minecraft:stone_pickaxe":1571,"minecraft:wooden_pickaxe":23,"minecraft:cobblestone_slab":3,"minecraft:cookie":1,"minecraft:crafting_table":23,"minecraft:white_bed":1,"minecraft:stripped_jungle_log":1,"minecraft:bread":6,"minecraft:melon_slice":69,"minecraft:iron_pickaxe":409,"minecraft:jungle_stairs":1,"minecraft:stone_axe":31,"biomesoplenty:mahogany_boat":2,"minecraft:diamond_sword":346,"minecraft:cobblestone":225,"minecraft:bucket":36,"hwg:gun_table":2,"toughasnails:iron_water_canteen":14,"minecraft:diamond_leggings":1},"minecraft:broken":{"toughasnails:iron_dirty_water_canteen":11,"minecraft:stone_pickaxe":12,"minecraft:iron_pickaxe":1},"minecraft:mined":{"minecraft:diamond_ore":10,"minecraft:tuff":115,"biomesoplenty:watergrass":1,"minecraft:white_bed":5,"minecraft:mossy_cobblestone":3,"minecraft:deepslate_diamond_ore":13,"minecraft:jungle_leaves":4,"minecraft:grass_block":6,"minecraft:jungle_planks":5,"minecraft:brown_wool":2,"minecraft:jungle_log":11,"biomesoplenty:mahogany_sapling":1,"minecraft:hay_block":29,"minecraft:redstone_ore":4,"minecraft:furnace":16,"minecraft:iron_ore":22,"minecraft:barrel":4,"minecraft:cobbled_deepslate":18,"minecraft:deepslate_lapis_ore":5,"minecraft:bookshelf":34,"biomesoplenty:mahogany_leaves":2,"minecraft:cobblestone_slab":3,"minecraft:deepslate_iron_ore":5,"minecraft:lantern":3,"minecraft:stripped_jungle_log":3,"minecraft:stone":551,"minecraft:iron_block":2,"minecraft:white_wool":12,"minecraft:jungle_trapdoor":4,"minecraft:deepslate_redstone_ore":23,"hwg:gun_table":1,"minecraft:blackstone":2,"toughasnails:water_purifier":1,"biomesoplenty:orange_sand":75,"minecraft:torch":11,"minecraft:crafting_table":22,"minecraft:jungle_stairs":1,"minecraft:melon":40,"biomesoplenty:mahogany_planks":3,"minecraft:chest":23,"minecraft:campfire":9,"minecraft:copper_ore":24,"minecraft:cobblestone":26,"minecraft:deepslate_gold_ore":10,"minecraft:lily_pad":1,"minecraft:damaged_anvil":1,"minecraft:wall_torch":21,"minecraft:deepslate_copper_ore":2,"biomesoplenty:mahogany_log":4,"minecraft:jukebox":2,"minecraft:jungle_fence":2,"minecraft:grass":2,"minecraft:coal_ore":67,"minecraft:gravel":19,"minecraft:dirt":51,"minecraft:oak_leaves":1,"minecraft:deepslate":1061,"minecraft:fern":27}},"DataVersion":3465}