{"stats":{"minecraft:dropped":{"minecraft:wheat_seeds":1,"minecraft:mossy_cobblestone":1,"minecraft:diamond":2,"minecraft:cobblestone":134,"minecraft:flint":1,"minecraft:dirt":38,"minecraft:melon_slice":2,"minecraft:string":5,"minecraft:lily_pad":1,"minecraft:gravel":7,"minecraft:blackstone":2,"minecraft:stone_sword":1,"minecraft:cobbled_deepslate":282,"minecraft:raw_copper":9,"minecraft:white_bed":1,"minecraft:potato":3,"minecraft:cobblestone_slab":12,"minecraft:wooden_pickaxe":1,"minecraft:stone_pickaxe":1},"minecraft:crafted":{"minecraft:cobblestone_slab":6,"minecraft:stone_shovel":1,"biomesoplenty:mahogany_planks":88,"toughasnails:empty_iron_canteen":1,"minecraft:furnace":1,"minecraft:diamond_leggings":1,"minecraft:iron_boots":1,"minecraft:stone_pickaxe":12,"minecraft:chest":2,"minecraft:diamond_boots":1,"minecraft:cooked_beef":6,"minecraft:diamond_sword":1,"minecraft:cooked_porkchop":3,"minecraft:crafting_table":2,"minecraft:wooden_pickaxe":2,"minecraft:iron_helmet":1,"minecraft:copper_ingot":77,"minecraft:bucket":1,"minecraft:stone_axe":1,"minecraft:air":0,"minecraft:jungle_planks":56,"minecraft:charcoal":1,"toughasnails:water_purifier":1,"minecraft:shield":1,"minecraft:stick":88,"minecraft:iron_ingot":20,"minecraft:iron_pickaxe":2,"biomesoplenty:mahogany_boat":1,"minecraft:stone_sword":1,"minecraft:gold_ingot":13,"minecraft:torch":72,"minecraft:diamond_chestplate":1},"minecraft:killed":{"zombies_plus:slow_zombie":1,"mozombies_wave:zombie_chef":5,"zombies_plus:runner_zombie":9,"mozombies_wave:zombie_pa":3,"zombies_plus:cave_zombie":5,"minecraft:drowned":3,"zombies_plus:sword_zombie":3,"minecraft:husk":2,"undeadnights:horde_zombie":1,"zombies_plus:crawler_zombie":3,"zombies_plus:leaper_zombie":1,"zombies_plus:axe_zombie":1,"mozombies_wave:zombie_miner":1,"minecraft:sheep":3,"zombies_plus:crossbow_zombie":1,"minecraft:zombie":80,"mozombies_wave:zombie_dwarf":2,"zombies_plus:bow_zombie":3},"minecraft:picked_up":{"minecraft:cocoa_beans":40,"contagion:contagious_flesh":8,"minecraft:charcoal":14,"minecraft:crafting_table":21,"minecraft:wheat":48,"minecraft:wooden_pickaxe":1,"minecraft:jungle_trapdoor":4,"minecraft:string":10,"minecraft:raw_copper":86,"minecraft:iron_axe":1,"minecraft:blackstone":2,"minecraft:beetroot":8,"minecraft:gold_nugget":5,"minecraft:cobbled_deepslate":1049,"minecraft:beef":6,"minecraft:cobblestone_slab":9,"minecraft:jungle_sapling":15,"minecraft:light_gray_wool":1,"minecraft:melon_slice":176,"minecraft:chest":8,"minecraft:phantom_membrane":6,"minecraft:furnace":4,"minecraft:stick":6,"minecraft:raw_iron":27,"minecraft:jukebox":1,"minecraft:copper_ingot":1,"minecraft:torch":26,"minecraft:porkchop":3,"minecraft:cookie":38,"minecraft:carrot":98,"minecraft:redstone":121,"minecraft:rotten_flesh":74,"minecraft:stone_sword":1,"minecraft:beetroot_seeds":13,"biomesoplenty:mahogany_sapling":4,"minecraft:hay_block":19,"minecraft:iron_block":2,"minecraft:mutton":5,"biomesoplenty:orange_sand":44,"minecraft:white_wool":14,"minecraft:cobblestone":439,"minecraft:water_bucket":1,"minecraft:salmon":1,"minecraft:jungle_log":17,"minecraft:jungle_fence":2,"minecraft:potato":87,"minecraft:flint":1,"minecraft:tuff":113,"biomesoplenty:mahogany_boat":1,"minecraft:lily_pad":1,"minecraft:gunpowder":13,"minecraft:lapis_lazuli":32,"minecraft:dirt":92,"minecraft:lantern":4,"minecraft:glass":18,"minecraft:bone":7,"minecraft:wheat_seeds":83,"minecraft:raw_gold":10,"minecraft:stone_pickaxe":1,"minecraft:iron_ingot":12,"minecraft:oak_planks":18,"minecraft:book":45,"minecraft:gravel":7,"minecraft:jungle_planks":3,"minecraft:white_bed":5,"minecraft:barrel":4,"minecraft:spider_eye":1,"minecraft:jungle_slab":2,"minecraft:mossy_cobblestone":5,"minecraft:stripped_jungle_log":3,"biomesoplenty:mahogany_log":22,"minecraft:diamond":23,"minecraft:emerald":4,"minecraft:bread":37,"minecraft:oak_sapling":1,"minecraft:coal":94,"minecraft:ender_pearl":1},"minecraft:custom":{"minecraft:mob_kills":130,"minecraft:interact_with_crafting_table":35,"minecraft:open_barrel":2,"minecraft:leave_game":3,"minecraft:time_since_death":193432,"minecraft:climb_one_cm":57,"minecraft:sprint_one_cm":118303,"minecraft:walk_one_cm":349246,"minecraft:damage_blocked_by_shield":990,"minecraft:drop":33,"minecraft:play_time":195505,"minecraft:deaths":2,"minecraft:sneak_time":10132,"minecraft:walk_under_water_one_cm":44143,"minecraft:boat_one_cm":137718,"minecraft:jump":1154,"minecraft:walk_on_water_one_cm":64976,"minecraft:total_world_time":195505,"minecraft:interact_with_furnace":42,"minecraft:sleep_in_bed":2,"minecraft:time_since_rest":13253,"minecraft:damage_taken":1839,"minecraft:damage_dealt":19060,"minecraft:swim_one_cm":2193,"minecraft:fly_one_cm":118519,"minecraft:open_chest":37,"minecraft:crouch_one_cm":19997,"minecraft:fall_one_cm":16200},"minecraft:killed_by":{"zombies_plus:bow_zombie":1,"zombies_plus:leaper_zombie":1},"minecraft:used":{"minecraft:stone_sword":133,"toughasnails:water_purifier":1,"minecraft:stone_shovel":99,"minecraft:chest":2,"minecraft:shield":16,"minecraft:rotten_flesh":3,"minecraft:torch":53,"minecraft:dirt":6,"toughasnails:empty_iron_canteen":12,"minecraft:jungle_planks":2,"toughasnails:iron_dirty_water_canteen":164,"minecraft:lantern":1,"minecraft:iron_axe":105,"minecraft:diamond_chestplate":1,"minecraft:furnace":5,"minecraft:cobbled_deepslate":128,"minecraft:water_bucket":29,"minecraft:stone_pickaxe":1571,"minecraft:wooden_pickaxe":23,"minecraft:cobblestone_slab":3,"minecraft:crafting_table":22,"minecraft:stripped_jungle_log":1,"minecraft:bread":5,"minecraft:melon_slice":69,"minecraft:iron_pickaxe":252,"minecraft:stone_axe":31,"biomesoplenty:mahogany_boat":2,"minecraft:diamond_sword":225,"minecraft:cobblestone":201,"minecraft:bucket":30,"toughasnails:iron_water_canteen":11,"minecraft:diamond_leggings":1},"minecraft:broken":{"toughasnails:iron_dirty_water_canteen":11,"minecraft:stone_pickaxe":12,"minecraft:iron_pickaxe":1},"minecraft:mined":{"minecraft:diamond_ore":10,"minecraft:tuff":115,"biomesoplenty:watergrass":1,"minecraft:white_bed":4,"minecraft:mossy_cobblestone":3,"minecraft:deepslate_diamond_ore":13,"minecraft:jungle_leaves":4,"minecraft:grass_block":6,"minecraft:jungle_planks":4,"minecraft:jungle_log":11,"biomesoplenty:mahogany_sapling":1,"minecraft:hay_block":19,"minecraft:redstone_ore":4,"minecraft:furnace":4,"minecraft:barrel":4,"minecraft:iron_ore":22,"minecraft:cobbled_deepslate":18,"minecraft:deepslate_lapis_ore":5,"minecraft:bookshelf":15,"minecraft:deepslate_iron_ore":5,"minecraft:cobblestone_slab":3,"biomesoplenty:mahogany_leaves":2,"minecraft:lantern":3,"minecraft:stripped_jungle_log":3,"minecraft:stone":428,"minecraft:iron_block":2,"minecraft:white_wool":12,"minecraft:jungle_trapdoor":4,"minecraft:deepslate_redstone_ore":23,"minecraft:blackstone":2,"biomesoplenty:orange_sand":45,"minecraft:crafting_table":21,"minecraft:torch":8,"minecraft:melon":40,"minecraft:chest":9,"minecraft:campfire":8,"minecraft:copper_ore":24,"minecraft:cobblestone":26,"minecraft:deepslate_gold_ore":10,"minecraft:lily_pad":1,"minecraft:wall_torch":18,"minecraft:deepslate_copper_ore":2,"biomesoplenty:mahogany_log":4,"minecraft:jukebox":1,"minecraft:jungle_fence":1,"minecraft:grass":2,"minecraft:coal_ore":48,"minecraft:gravel":19,"minecraft:dirt":48,"minecraft:oak_leaves":1,"minecraft:deepslate":1061,"minecraft:fern":25}},"DataVersion":3465}