{"stats":{"minecraft:dropped":{"minecraft:wheat_seeds":1,"minecraft:mossy_cobblestone":1,"minecraft:diamond":2,"minecraft:cobblestone":134,"minecraft:flint":1,"minecraft:dirt":38,"minecraft:melon_slice":2,"minecraft:string":5,"minecraft:lily_pad":1,"minecraft:gravel":7,"minecraft:blackstone":2,"minecraft:stone_sword":1,"minecraft:cobbled_deepslate":282,"minecraft:raw_copper":9,"toughasnails:copper_water_canteen":1,"minecraft:white_bed":1,"minecraft:potato":3,"minecraft:cobblestone_slab":12,"minecraft:wooden_pickaxe":1,"minecraft:stone_pickaxe":1},"minecraft:crafted":{"minecraft:cobblestone_slab":6,"minecraft:stone_shovel":1,"minecraft:iron_nugget":18,"biomesoplenty:mahogany_planks":88,"toughasnails:empty_iron_canteen":2,"minecraft:furnace":1,"minecraft:stone":3,"minecraft:iron_bars":16,"minecraft:diamond_leggings":1,"minecraft:iron_boots":1,"minecraft:stone_pickaxe":12,"hwg:grenade_frag":6,"minecraft:chest":2,"minecraft:diamond_boots":1,"minecraft:cooked_beef":6,"minecraft:diamond_sword":1,"minecraft:cooked_porkchop":3,"minecraft:crafting_table":2,"minecraft:baked_potato":64,"minecraft:wooden_pickaxe":2,"minecraft:iron_helmet":1,"hwg:gun_table":1,"minecraft:copper_ingot":77,"minecraft:bucket":1,"minecraft:stone_axe":1,"minecraft:bread":16,"minecraft:air":0,"minecraft:jungle_planks":56,"minecraft:tnt":3,"minecraft:charcoal":1,"toughasnails:water_purifier":1,"minecraft:shield":1,"minecraft:stick":92,"minecraft:stone_slab":6,"minecraft:iron_ingot":38,"minecraft:iron_pickaxe":3,"biomesoplenty:mahogany_boat":1,"minecraft:stone_sword":1,"minecraft:gold_ingot":13,"minecraft:torch":72,"minecraft:diamond_chestplate":1},"minecraft:killed":{"zombies_plus:slow_zombie":1,"mozombies_wave:zombie_chef":5,"zombies_plus:runner_zombie":10,"mozombies_wave:zombie_pa":3,"zombies_plus:cave_zombie":5,"minecraft:drowned":3,"zombies_plus:sword_zombie":3,"minecraft:parrot":1,"minecraft:husk":2,"undeadnights:horde_zombie":1,"zombies_plus:crawler_zombie":3,"zombies_plus:leaper_zombie":1,"zombies_plus:axe_zombie":1,"mozombies_wave:zombie_miner":1,"minecraft:sheep":3,"zombies_plus:crossbow_zombie":1,"minecraft:zombie":104,"mozombies_wave:zombie_dwarf":3,"zombies_plus:bow_zombie":3},"minecraft:picked_up":{"minecraft:cocoa_beans":45,"contagion:contagious_flesh":8,"minecraft:charcoal":14,"minecraft:crafting_table":21,"minecraft:wheat":48,"minecraft:wooden_pickaxe":1,"minecraft:jungle_trapdoor":4,"minecraft:string":14,"minecraft:raw_copper":86,"minecraft:iron_axe":1,"minecraft:blackstone":2,"minecraft:beetroot":8,"minecraft:gold_nugget":5,"minecraft:cobbled_deepslate":1049,"minecraft:beef":6,"minecraft:cobblestone_slab":9,"minecraft:jungle_sapling":15,"minecraft:light_gray_wool":1,"minecraft:melon_slice":176,"minecraft:chest":9,"minecraft:egg":1,"minecraft:phantom_membrane":6,"minecraft:furnace":5,"minecraft:stick":6,"minecraft:raw_iron":27,"minecraft:jukebox":2,"minecraft:copper_ingot":1,"minecraft:torch":27,"minecraft:porkchop":3,"minecraft:cookie":42,"minecraft:carrot":98,"minecraft:redstone":121,"minecraft:rotten_flesh":99,"minecraft:stone_sword":1,"minecraft:beetroot_seeds":13,"biomesoplenty:mahogany_sapling":4,"minecraft:hay_block":19,"minecraft:iron_block":2,"minecraft:mutton":5,"biomesoplenty:orange_sand":74,"minecraft:white_wool":14,"minecraft:cobblestone":439,"minecraft:water_bucket":1,"minecraft:salmon":1,"minecraft:jungle_log":17,"minecraft:brown_wool":2,"minecraft:jungle_fence":2,"minecraft:potato":89,"minecraft:flint":1,"minecraft:tuff":113,"biomesoplenty:mahogany_boat":1,"minecraft:lily_pad":1,"minecraft:gunpowder":18,"minecraft:lapis_lazuli":32,"minecraft:dirt":93,"minecraft:lantern":4,"minecraft:glass":18,"minecraft:bone":10,"minecraft:wheat_seeds":83,"minecraft:raw_gold":10,"minecraft:stone_pickaxe":1,"minecraft:iron_ingot":12,"biomesoplenty:mahogany_planks":1,"minecraft:oak_planks":18,"minecraft:book":45,"minecraft:gravel":7,"minecraft:jungle_planks":3,"minecraft:white_bed":5,"minecraft:barrel":4,"minecraft:spider_eye":1,"minecraft:jungle_slab":2,"minecraft:mossy_cobblestone":5,"minecraft:stripped_jungle_log":3,"biomesoplenty:mahogany_log":22,"minecraft:diamond":23,"minecraft:emerald":4,"minecraft:bread":37,"minecraft:oak_sapling":1,"minecraft:coal":95,"minecraft:ender_pearl":1},"minecraft:custom":{"minecraft:mob_kills":157,"minecraft:interact_with_crafting_table":46,"minecraft:open_barrel":2,"minecraft:leave_game":3,"minecraft:time_since_death":217432,"minecraft:climb_one_cm":57,"minecraft:sprint_one_cm":124815,"minecraft:walk_one_cm":381718,"minecraft:damage_blocked_by_shield":1125,"minecraft:drop":34,"minecraft:play_time":219505,"minecraft:deaths":2,"minecraft:sneak_time":11555,"minecraft:walk_under_water_one_cm":44143,"minecraft:boat_one_cm":137718,"minecraft:jump":1242,"minecraft:walk_on_water_one_cm":69591,"minecraft:total_world_time":219505,"minecraft:interact_with_furnace":52,"minecraft:sleep_in_bed":2,"minecraft:time_since_rest":37253,"minecraft:damage_taken":1880,"minecraft:damage_dealt":23416,"minecraft:swim_one_cm":2193,"minecraft:fly_one_cm":120923,"minecraft:open_chest":64,"minecraft:crouch_one_cm":21389,"minecraft:fall_one_cm":17071},"minecraft:killed_by":{"zombies_plus:bow_zombie":1,"zombies_plus:leaper_zombie":1},"minecraft:used":{"biomesoplenty:mahogany_planks":4,"minecraft:stone_sword":133,"toughasnails:water_purifier":1,"minecraft:stone_shovel":129,"minecraft:chest":4,"minecraft:shield":20,"minecraft:rotten_flesh":3,"minecraft:torch":54,"minecraft:dirt":6,"toughasnails:empty_iron_canteen":13,"minecraft:jungle_planks":2,"toughasnails:iron_dirty_water_canteen":164,"minecraft:lantern":1,"minecraft:iron_axe":109,"minecraft:diamond_chestplate":1,"minecraft:furnace":6,"minecraft:cobbled_deepslate":128,"minecraft:water_bucket":29,"minecraft:baked_potato":1,"minecraft:stone_pickaxe":1571,"minecraft:wooden_pickaxe":23,"minecraft:cobblestone_slab":3,"minecraft:crafting_table":22,"minecraft:stripped_jungle_log":1,"minecraft:bread":6,"minecraft:melon_slice":69,"minecraft:iron_pickaxe":253,"minecraft:stone_axe":31,"biomesoplenty:mahogany_boat":2,"minecraft:diamond_sword":301,"minecraft:cobblestone":213,"minecraft:bucket":30,"hwg:gun_table":1,"toughasnails:iron_water_canteen":13,"minecraft:diamond_leggings":1},"minecraft:broken":{"toughasnails:iron_dirty_water_canteen":11,"minecraft:stone_pickaxe":12,"minecraft:iron_pickaxe":1},"minecraft:mined":{"minecraft:diamond_ore":10,"minecraft:tuff":115,"biomesoplenty:watergrass":1,"minecraft:white_bed":4,"minecraft:mossy_cobblestone":3,"minecraft:deepslate_diamond_ore":13,"minecraft:jungle_leaves":4,"minecraft:grass_block":6,"minecraft:brown_wool":2,"minecraft:jungle_planks":4,"minecraft:jungle_log":11,"biomesoplenty:mahogany_sapling":1,"minecraft:hay_block":19,"minecraft:redstone_ore":4,"minecraft:furnace":5,"minecraft:barrel":4,"minecraft:iron_ore":22,"minecraft:cobbled_deepslate":18,"minecraft:deepslate_lapis_ore":5,"minecraft:bookshelf":15,"minecraft:deepslate_iron_ore":5,"minecraft:cobblestone_slab":3,"biomesoplenty:mahogany_leaves":2,"minecraft:lantern":3,"minecraft:stripped_jungle_log":3,"minecraft:stone":428,"minecraft:iron_block":2,"minecraft:white_wool":12,"minecraft:jungle_trapdoor":4,"minecraft:deepslate_redstone_ore":23,"minecraft:blackstone":2,"biomesoplenty:orange_sand":75,"minecraft:crafting_table":21,"minecraft:torch":9,"minecraft:melon":40,"biomesoplenty:mahogany_planks":1,"minecraft:chest":10,"minecraft:campfire":8,"minecraft:copper_ore":24,"minecraft:cobblestone":26,"minecraft:deepslate_gold_ore":10,"minecraft:lily_pad":1,"minecraft:wall_torch":18,"minecraft:deepslate_copper_ore":2,"biomesoplenty:mahogany_log":4,"minecraft:jukebox":2,"minecraft:jungle_fence":1,"minecraft:grass":2,"minecraft:coal_ore":48,"minecraft:gravel":19,"minecraft:dirt":50,"minecraft:oak_leaves":1,"minecraft:deepslate":1061,"minecraft:fern":27}},"DataVersion":3465}