{"stats":{"minecraft:custom":{"minecraft:interact_with_crafting_table":76,"minecraft:open_barrel":21,"minecraft:leave_game":13,"minecraft:time_since_death":67911,"minecraft:sprint_one_cm":491220,"minecraft:damage_blocked_by_shield":2317,"minecraft:drop":76,"minecraft:play_time":504056,"minecraft:deaths":12,"minecraft:jump":3572,"minecraft:walk_on_water_one_cm":175747,"minecraft:interact_with_furnace":126,"minecraft:sleep_in_bed":16,"minecraft:damage_dealt":49352,"minecraft:crouch_one_cm":62869,"minecraft:interact_with_smoker":6,"minecraft:inspect_dispenser":3,"minecraft:interact_with_smithing_table":12,"minecraft:mob_kills":335,"minecraft:climb_one_cm":9850,"minecraft:walk_one_cm":1105280,"minecraft:sneak_time":27667,"minecraft:walk_under_water_one_cm":68220,"minecraft:boat_one_cm":137718,"minecraft:interact_with_blast_furnace":31,"minecraft:total_world_time":504056,"minecraft:time_since_rest":22769,"minecraft:damage_taken":35124,"minecraft:swim_one_cm":3664,"minecraft:fly_one_cm":399697,"minecraft:open_chest":595,"minecraft:fall_one_cm":62626},"minecraft:used":{"minecraft:iron_shovel":34,"travelersbackpack:lapis":2,"minecraft:chest":16,"minecraft:shield":61,"minecraft:rotten_flesh":3,"toughasnails:iron_purified_water_canteen":7,"minecraft:jungle_planks":2,"toughasnails:iron_dirty_water_canteen":164,"minecraft:lantern":3,"minecraft:oak_sapling":3,"minecraft:furnace":18,"minecraft:egg":5,"minecraft:damaged_anvil":1,"minecraft:oak_planks":2,"minecraft:stone_pickaxe":1571,"minecraft:wooden_pickaxe":23,"minecraft:cookie":1,"minecraft:blast_furnace":4,"biomesoplenty:jacaranda_planks":1,"minecraft:melon_slice":69,"minecraft:bread":6,"minecraft:diamond_sword":808,"minecraft:smithing_table":1,"toughasnails:iron_water_canteen":25,"minecraft:bone_meal":47,"biomesoplenty:mahogany_planks":18,"minecraft:stone_sword":133,"toughasnails:water_purifier":2,"minecraft:stone_shovel":138,"minecraft:torch":197,"minecraft:dirt":13,"toughasnails:empty_iron_canteen":14,"minecraft:iron_axe":268,"minecraft:diamond_chestplate":1,"minecraft:cobbled_deepslate":135,"minecraft:water_bucket":48,"minecraft:baked_potato":32,"minecraft:green_bed":1,"minecraft:cobblestone_slab":3,"minecraft:rail":1,"minecraft:crafting_table":28,"minecraft:red_bed":2,"minecraft:white_bed":1,"minecraft:spruce_log":8,"minecraft:smoker":3,"minecraft:stripped_jungle_log":1,"minecraft:iron_pickaxe":1525,"minecraft:jungle_stairs":1,"biomesoplenty:mahogany_boat":2,"minecraft:stone_axe":135,"minecraft:cobblestone":417,"travelersbackpack:standard":3,"minecraft:bucket":49,"hwg:gun_table":2,"minecraft:diamond_leggings":1},"minecraft:crafted":{"minecraft:smooth_stone":15,"minecraft:cobblestone_slab":6,"toughasnails:empty_iron_canteen":2,"minecraft:stone":103,"minecraft:cooked_mutton":8,"minecraft:iron_bars":16,"minecraft:diamond_leggings":1,"minecraft:iron_boots":1,"hwg:grenade_frag":6,"minecraft:chest":2,"minecraft:smoker":4,"travelersbackpack:iron_tier_upgrade":1,"minecraft:cooked_porkchop":11,"minecraft:crafting_table":4,"travelersbackpack:lapis":2,"minecraft:spruce_planks":12,"minecraft:iron_helmet":2,"minecraft:baked_potato":64,"minecraft:wooden_pickaxe":2,"travelersbackpack:standard":1,"hwg:gun_table":1,"minecraft:copper_ingot":133,"minecraft:tnt":3,"minecraft:charcoal":1,"toughasnails:water_purifier":1,"minecraft:shield":2,"minecraft:stick":108,"minecraft:stone_slab":6,"minecraft:iron_ingot":480,"minecraft:iron_pickaxe":8,"minecraft:stone_sword":1,"biomesoplenty:mahogany_boat":1,"minecraft:gold_ingot":147,"minecraft:coal":18,"minecraft:raw_iron":36,"minecraft:stone_shovel":1,"minecraft:iron_nugget":45,"biomesoplenty:mahogany_planks":88,"minecraft:furnace":1,"minecraft:blast_furnace":1,"minecraft:bone_meal":87,"travelersbackpack:blank_upgrade":4,"travelersbackpack:gold_tier_upgrade":1,"travelersbackpack:white_sleeping_bag":1,"minecraft:iron_axe":1,"minecraft:stone_pickaxe":12,"minecraft:diamond_boots":1,"minecraft:cooked_beef":13,"minecraft:diamond_sword":1,"travelersbackpack:backpack_tank":4,"minecraft:bucket":1,"minecraft:stone_axe":2,"minecraft:bread":16,"minecraft:air":0,"minecraft:jungle_planks":60,"minecraft:iron_shovel":1,"minecraft:torch":144,"minecraft:lapis_block":4,"minecraft:diamond_chestplate":1},"minecraft:broken":{"minecraft:stone_pickaxe":12,"minecraft:stone_shovel":1,"toughasnails:iron_dirty_water_canteen":11,"minecraft:shield":1,"minecraft:iron_pickaxe":6,"toughasnails:iron_water_canteen":2},"minecraft:killed_by":{"zombies_plus:bow_zombie":1,"undeadnights:horde_zombie":1,"minecraft:zombie":1,"zombies_plus:runner_zombie":2,"mozombies_wave:disco_zombie":1,"zombies_plus:leaper_zombie":1,"zombies_plus:axe_zombie":1},"minecraft:mined":{"minecraft:white_bed":6,"minecraft:jungle_leaves":4,"minecraft:brewing_stand":2,"minecraft:grass_block":12,"minecraft:dead_tube_coral_block":2,"minecraft:brown_wool":2,"minecraft:jungle_log":11,"minecraft:coal_block":2,"minecraft:green_concrete":10,"minecraft:hopper":1,"minecraft:raw_iron_block":4,"minecraft:iron_ore":96,"minecraft:cobbled_deepslate":22,"minecraft:fire":1,"minecraft:barrel":16,"minecraft:deepslate_lapis_ore":14,"minecraft:dirt_path":1,"minecraft:black_candle":3,"minecraft:iron_block":16,"minecraft:green_bed":2,"minecraft:jungle_trapdoor":4,"minecraft:deepslate_redstone_ore":24,"hwg:gun_table":1,"minecraft:red_bed":2,"minecraft:blackstone":2,"biomesoplenty:jacaranda_planks":5,"minecraft:torch":31,"minecraft:jungle_stairs":3,"minecraft:blast_furnace":2,"minecraft:melon":40,"minecraft:chest":65,"minecraft:cobblestone":52,"minecraft:oak_planks":2,"minecraft:damaged_anvil":1,"minecraft:wall_torch":34,"minecraft:deepslate_copper_ore":2,"minecraft:jukebox":4,"minecraft:grass":15,"biomesoplenty:clover":1,"minecraft:oak_log":3,"minecraft:dirt":84,"minecraft:stonecutter":1,"minecraft:oak_leaves":6,"minecraft:deepslate":1112,"minecraft:diamond_ore":10,"minecraft:tuff":119,"biomesoplenty:watergrass":1,"minecraft:mossy_cobblestone":3,"travelersbackpack:lapis":2,"minecraft:deepslate_diamond_ore":14,"minecraft:candle":4,"minecraft:glow_lichen":1,"minecraft:jungle_planks":10,"biomesoplenty:mahogany_sapling":1,"minecraft:hay_block":30,"minecraft:redstone_ore":11,"minecraft:spruce_sapling":2,"minecraft:furnace":32,"minecraft:andesite":5,"minecraft:gold_block":8,"biomesoplenty:magic_log":1,"minecraft:bell":1,"minecraft:bookshelf":121,"biomesoplenty:high_grass":9,"minecraft:deepslate_iron_ore":29,"minecraft:cobblestone_slab":3,"biomesoplenty:mahogany_leaves":2,"minecraft:rail":1,"minecraft:lantern":19,"minecraft:stripped_jungle_log":4,"minecraft:stone":1189,"minecraft:white_wool":12,"minecraft:smithing_table":1,"biomesoplenty:orange_sand":75,"toughasnails:water_purifier":1,"minecraft:crafting_table":29,"biomesoplenty:mahogany_planks":3,"minecraft:lectern":1,"minecraft:campfire":38,"biomesoplenty:high_grass_plant":15,"minecraft:tall_grass":4,"minecraft:copper_ore":56,"biomesoplenty:sprout":2,"biomesoplenty:huge_clover_petal":1,"minecraft:lapis_ore":18,"minecraft:deepslate_gold_ore":36,"minecraft:lily_pad":1,"biomesoplenty:mahogany_log":4,"minecraft:jungle_fence":3,"minecraft:red_wall_banner":2,"minecraft:coal_ore":176,"minecraft:gravel":20,"minecraft:cobweb":1,"minecraft:stone_bricks":1,"minecraft:fern":32},"minecraft:killed":{"zombies_plus:slow_zombie":2,"mozombies_wave:zombie_king":1,"mozombies_wave:zombie_chef":6,"mozombies_wave:nether_zombie":3,"zombies_plus:cave_zombie":7,"mozombies_wave:zombie_knight":1,"mozombies_wave:disco_zombie":2,"minecraft:parrot":1,"minecraft:pig":3,"undeadnights:horde_zombie":5,"minecraft:zombie_villager":5,"mozombies_wave:zombie_miner":1,"minecraft:sheep":9,"zombies_plus:crossbow_zombie":1,"minecraft:zombie":202,"mozombies_wave:zombie_dwarf":7,"minecraft:cow":5,"zombies_plus:runner_zombie":18,"undeadnights:demolition_zombie":1,"zombies_plus:weak_zombie":2,"mozombies_wave:zombie_pa":4,"minecraft:drowned":3,"zombies_plus:sword_zombie":9,"mozombies_wave:zombie_pirate":1,"minecraft:husk":14,"zombies_plus:crawler_zombie":4,"zombies_plus:leaper_zombie":7,"zombies_plus:axe_zombie":2,"zombies_plus:bow_zombie":3},"minecraft:dropped":{"minecraft:spruce_sign":12,"minecraft:porkchop":3,"minecraft:lapis_lazuli":1,"minecraft:diamond":3,"minecraft:jungle_fence":1,"minecraft:leather":7,"minecraft:jungle_planks":2,"travelersbackpack:iron_tier_upgrade":2,"travelersbackpack:standard":1,"minecraft:flint":1,"minecraft:dirt":38,"minecraft:yellow_dye":1,"minecraft:gravel":7,"minecraft:stone_axe":1,"minecraft:blackstone":2,"minecraft:cobbled_deepslate":286,"universal_graves:grave_compass":1,"toughasnails:copper_water_canteen":1,"minecraft:white_bed":1,"minecraft:salmon":1,"minecraft:jungle_stairs":2,"minecraft:chest":1,"minecraft:wheat_seeds":1,"minecraft:golden_helmet":1,"minecraft:mossy_cobblestone":1,"minecraft:iron_helmet":2,"minecraft:feather":1,"minecraft:cobblestone":313,"minecraft:melon_slice":2,"travelersbackpack:blank_upgrade":4,"tacz:modern_kinetic_gun":1,"minecraft:iron_axe":3,"minecraft:smooth_stone":2,"minecraft:string":5,"minecraft:lily_pad":1,"hwg:grenade_frag":3,"minecraft:stone_sword":1,"minecraft:raw_copper":9,"minecraft:chicken":1,"minecraft:cobblestone_slab":12,"minecraft:potato":3,"minecraft:stone":3,"travelersbackpack:lapis":2,"minecraft:barrel":1,"minecraft:stone_pickaxe":1,"minecraft:wooden_pickaxe":1},"minecraft:picked_up":{"contagion:contagious_flesh":16,"minecraft:wheat":48,"minecraft:flower_pot":5,"minecraft:smithing_table":1,"minecraft:stone_slab":3,"minecraft:enchanted_book":2,"minecraft:brewing_stand":2,"minecraft:string":21,"minecraft:dead_tube_coral_block":2,"minecraft:raw_copper":208,"universal_graves:grave_compass":1,"minecraft:beetroot":16,"minecraft:cobbled_deepslate":1095,"minecraft:gold_nugget":30,"minecraft:smooth_stone":4,"minecraft:cobblestone_slab":13,"minecraft:melon_slice":281,"minecraft:coal_block":2,"minecraft:furnace":32,"minecraft:stick":35,"minecraft:jukebox":10,"minecraft:torch":69,"minecraft:green_bed":3,"travelersbackpack:iron_tier_upgrade":1,"minecraft:porkchop":6,"minecraft:golden_chestplate":2,"minecraft:cauldron":5,"minecraft:stone_sword":1,"minecraft:rotten_flesh":243,"biomesoplenty:mahogany_sapling":8,"minecraft:iron_block":16,"endrem:rogue_eye":1,"minecraft:obsidian":22,"minecraft:iron_bars":34,"minecraft:cobblestone":1469,"minecraft:feather":2,"minecraft:cooked_beef":13,"minecraft:water_bucket":1,"minecraft:andesite":5,"minecraft:jungle_log":17,"minecraft:brown_wool":4,"minecraft:golden_leggings":2,"minecraft:potato":378,"minecraft:flint":2,"minecraft:tuff":117,"biomesoplenty:mahogany_boat":1,"fwaystones:stone_brick_waystone":1,"minecraft:lapis_lazuli":247,"minecraft:dirt":199,"minecraft:lantern":30,"minecraft:name_tag":5,"minecraft:leather_boots":2,"minecraft:bone":20,"minecraft:glass":33,"minecraft:stonecutter":1,"minecraft:wheat_seeds":259,"minecraft:raw_gold":36,"minecraft:bell":4,"minecraft:oak_planks":76,"biomesoplenty:mahogany_planks":45,"biomesoplenty:magic_sapling":4,"minecraft:cooked_porkchop":11,"hwg:gun_table":1,"minecraft:jungle_planks":8,"minecraft:jungle_slab":5,"minecraft:barrel":16,"minecraft:mossy_cobblestone":9,"toughasnails:water_purifier":1,"minecraft:green_concrete":7,"minecraft:diamond":25,"minecraft:emerald":18,"minecraft:spruce_sign":12,"minecraft:bread":278,"minecraft:oak_sapling":47,"minecraft:cocoa_beans":260,"minecraft:charcoal":74,"minecraft:crafting_table":29,"minecraft:chicken":1,"minecraft:leather_leggings":5,"minecraft:wooden_pickaxe":1,"minecraft:gold_block":8,"minecraft:jungle_trapdoor":12,"minecraft:red_bed":2,"minecraft:iron_axe":3,"tacz:ammo":54,"minecraft:blackstone":2,"minecraft:candle":37,"travelersbackpack:lapis":3,"minecraft:beef":13,"minecraft:jungle_sapling":40,"minecraft:iron_nugget":28,"minecraft:light_gray_wool":1,"minecraft:lectern":1,"minecraft:chest":62,"minecraft:phantom_membrane":7,"minecraft:egg":2,"minecraft:dark_oak_sapling":5,"minecraft:raw_iron":125,"minecraft:stone":4,"minecraft:copper_ingot":1,"minecraft:cookie":298,"minecraft:carrot":197,"minecraft:redstone":164,"minecraft:tnt":2,"minecraft:beetroot_seeds":26,"minecraft:jungle_stairs":3,"minecraft:hay_block":77,"minecraft:saddle":1,"minecraft:gold_ingot":23,"minecraft:mutton":5,"minecraft:rail":1,"biomesoplenty:orange_sand":151,"minecraft:white_wool":14,"minecraft:glow_ink_sac":7,"minecraft:salmon":3,"minecraft:leather":16,"minecraft:yellow_dye":1,"minecraft:jungle_fence":10,"minecraft:oak_log":33,"minecraft:lily_pad":1,"minecraft:golden_boots":1,"biomesoplenty:jacaranda_planks":9,"minecraft:gunpowder":38,"minecraft:paper":4,"minecraft:cooked_mutton":8,"minecraft:apple":6,"minecraft:stone_bricks":4,"minecraft:iron_ingot":19,"minecraft:stone_pickaxe":1,"biomesoplenty:magic_log":18,"travelersbackpack:blank_upgrade":4,"minecraft:soul_sand":9,"minecraft:book":469,"minecraft:black_candle":14,"minecraft:raw_iron_block":4,"minecraft:gravel":28,"minecraft:spruce_sapling":4,"minecraft:red_banner":32,"minecraft:blast_furnace":5,"minecraft:white_bed":7,"minecraft:spruce_log":50,"minecraft:spider_eye":2,"minecraft:leather_helmet":2,"minecraft:stripped_jungle_log":4,"travelersbackpack:standard":1,"biomesoplenty:mahogany_log":22,"minecraft:stone_axe":1,"tacz:modern_kinetic_gun":4,"minecraft:iron_helmet":1,"minecraft:damaged_anvil":1,"minecraft:coal":395,"minecraft:hopper":1,"minecraft:ender_pearl":1}},"DataVersion":3465}