{
  "mowziesmobs:root": {
    "criteria": {
      "custom_test_name": "2024-10-08 03:07:58 +0000"
    },
    "done": true
  },
  "betterdungeons:root": {
    "criteria": {
      "always": "2024-10-08 03:07:58 +0000"
    },
    "done": true
  },
  "betterdeserttemples:root": {
    "criteria": {
      "always": "2024-10-08 03:07:58 +0000"
    },
    "done": true
  },
  "cataclysm:root": {
    "criteria": {
      "custom_test_name": "2024-10-08 03:07:58 +0000"
    },
    "done": true
  },
  "minecraft:adventure/adventuring_time": {
    "criteria": {
      "minecraft:old_growth_pine_taiga": "2024-10-08 04:24:39 +0000",
      "minecraft:taiga": "2024-10-08 03:11:36 +0000",
      "minecraft:frozen_river": "2024-10-08 18:11:23 +0000",
      "minecraft:windswept_hills": "2024-10-08 03:07:59 +0000",
      "minecraft:beach": "2024-10-08 22:12:24 +0000",
      "minecraft:river": "2024-10-08 04:24:55 +0000",
      "minecraft:dripstone_caves": "2024-10-08 03:14:39 +0000",
      "minecraft:snowy_taiga": "2024-10-08 18:11:29 +0000",
      "minecraft:swamp": "2024-10-08 22:12:32 +0000",
      "minecraft:cold_ocean": "2024-10-08 22:11:14 +0000",
      "minecraft:forest": "2024-10-08 03:09:13 +0000",
      "minecraft:frozen_ocean": "2024-10-08 18:16:48 +0000",
      "minecraft:windswept_forest": "2024-10-08 04:52:04 +0000",
      "minecraft:old_growth_spruce_taiga": "2024-10-08 04:25:04 +0000",
      "minecraft:snowy_beach": "2024-10-08 18:08:18 +0000",
      "minecraft:plains": "2024-10-08 17:53:21 +0000"
    },
    "done": false
  },
  "tombstone:adventure/root": {
    "criteria": {
      "auto": "2024-10-08 03:07:59 +0000"
    },
    "done": true
  },
  "minecraft:story/root": {
    "criteria": {
      "crafting_table": "2024-10-08 03:10:14 +0000"
    },
    "done": true
  },
  "soulsweapons:root": {
    "criteria": {
      "crafting_table": "2024-10-08 03:10:14 +0000"
    },
    "done": true
  },
  "minecraft:adventure/root": {
    "criteria": {
      "killed_something": "2024-10-08 03:10:48 +0000"
    },
    "done": true
  },
  "minecraft:story/mine_stone": {
    "criteria": {
      "get_stone": "2024-10-08 03:14:06 +0000"
    },
    "done": true
  },
  "minecraft:story/upgrade_tools": {
    "criteria": {
      "stone_pickaxe": "2024-10-08 03:15:01 +0000"
    },
    "done": true
  },
  "minecraft:story/smelt_iron": {
    "criteria": {
      "iron": "2024-10-08 03:16:56 +0000"
    },
    "done": true
  },
  "tombstone:adventure/first_grave": {
    "criteria": {
      "coded_trigger": "2024-10-08 03:17:23 +0000"
    },
    "done": true
  },
  "tombstone:recipes/from_grave_key": {
    "criteria": {
      "has_ingredient": "2024-10-08 03:17:24 +0000"
    },
    "done": true
  },
  "minecraft:adventure/kill_all_mobs": {
    "criteria": {
      "minecraft:pillager": "2024-10-08 18:13:29 +0000",
      "minecraft:skeleton": "2024-10-08 03:56:35 +0000",
      "minecraft:magma_cube": "2024-10-08 04:23:47 +0000",
      "minecraft:spider": "2024-10-08 03:50:31 +0000",
      "minecraft:creeper": "2024-10-08 16:51:32 +0000",
      "minecraft:slime": "2024-10-08 16:43:52 +0000",
      "minecraft:zombie": "2024-10-08 03:19:47 +0000",
      "minecraft:drowned": "2024-10-08 18:19:36 +0000"
    },
    "done": false
  },
  "minecraft:adventure/kill_a_mob": {
    "criteria": {
      "minecraft:zombie": "2024-10-08 03:19:47 +0000"
    },
    "done": true
  },
  "tombstone:adventure/find_grave_dust": {
    "criteria": {
      "from_undead": "2024-10-08 03:20:44 +0000"
    },
    "done": true
  },
  "tombstone:recipes/from_grave_dust": {
    "criteria": {
      "has_ingredient": "2024-10-08 03:20:47 +0000"
    },
    "done": true
  },
  "tombstone:adventure/first_knowledge": {
    "criteria": {
      "coded_trigger": "2024-10-08 03:21:24 +0000"
    },
    "done": true
  },
  "tombstone:adventure/ashes_and_bones": {
    "criteria": {
      "coded_trigger": "2024-10-08 03:21:24 +0000"
    },
    "done": true
  },
  "tombstone:adventure/choose_knowledge": {
    "criteria": {
      "coded_trigger": "2024-10-08 03:21:41 +0000"
    },
    "done": true
  },
  "minecraft:husbandry/balanced_diet": {
    "criteria": {
      "cooked_porkchop": "2024-10-08 04:19:08 +0000",
      "sweet_berries": "2024-10-08 04:31:27 +0000",
      "cooked_beef": "2024-10-08 22:15:41 +0000",
      "porkchop": "2024-10-08 05:08:22 +0000",
      "mutton": "2024-10-08 03:40:56 +0000",
      "bread": "2024-10-08 04:06:28 +0000",
      "rotten_flesh": "2024-10-08 03:22:43 +0000",
      "carrot": "2024-10-08 16:27:20 +0000"
    },
    "done": false
  },
  "minecraft:husbandry/root": {
    "criteria": {
      "consumed_item": "2024-10-08 03:22:43 +0000"
    },
    "done": true
  },
  "minecraft:story/mine_diamond": {
    "criteria": {
      "diamond": "2024-10-08 03:23:30 +0000"
    },
    "done": true
  },
  "minecraft:story/shiny_gear": {
    "criteria": {
      "diamond_chestplate": "2024-10-08 03:26:20 +0000"
    },
    "done": true
  },
  "minecraft:story/obtain_armor": {
    "criteria": {
      "iron_leggings": "2024-10-08 03:26:58 +0000"
    },
    "done": true
  },
  "minecraft:story/iron_tools": {
    "criteria": {
      "iron_pickaxe": "2024-10-08 03:27:32 +0000"
    },
    "done": true
  },
  "tombstone:adventure/chain_death": {
    "criteria": {
      "coded_trigger": "2024-10-08 03:29:43 +0000"
    },
    "done": true
  },
  "tombstone:adventure/enchant_grave_key": {
    "criteria": {
      "has_upgraded_grave_key": "2024-10-08 03:29:45 +0000"
    },
    "done": true
  },
  "tombstone:adventure/cancel_ghostly_shape": {
    "criteria": {
      "coded_trigger": "2024-10-08 03:30:56 +0000"
    },
    "done": true
  },
  "betterdungeons:all_dungeons": {
    "criteria": {
      "in_better_zombie_dungeon": "2024-10-08 03:44:35 +0000",
      "in_better_monster_room": "2024-10-08 16:19:09 +0000"
    },
    "done": false
  },
  "betterdungeons:zombie_dungeon": {
    "criteria": {
      "in_better_zombie_dungeon": "2024-10-08 03:44:35 +0000"
    },
    "done": true
  },
  "soulsweapons:verglas": {
    "criteria": {
      "item": "2024-10-08 03:54:31 +0000"
    },
    "done": true
  },
  "tombstone:adventure/bone_crusher": {
    "criteria": {
      "coded_trigger": "2024-10-08 04:01:47 +0000"
    },
    "done": true
  },
  "tombstone:adventure/teleport_to_grave": {
    "criteria": {
      "coded_trigger": "2024-10-08 04:23:17 +0000"
    },
    "done": true
  },
  "minecraft:adventure/sleep_in_bed": {
    "criteria": {
      "slept_in_bed": "2024-10-08 04:26:30 +0000"
    },
    "done": true
  },
  "soulsweapons:all_weapons": {
    "criteria": {
      "darkmoon_longbow": "2024-10-08 05:07:29 +0000",
      "draugr": "2024-10-08 04:45:01 +0000",
      "nightfall": "2024-10-08 05:15:52 +0000"
    },
    "done": false
  },
  "soulsweapons:draugr_boss": {
    "criteria": {
      "soulsweapons:draugr_boss": "2024-10-08 04:45:01 +0000",
      "soulsweapons:night_shade": "2024-10-08 04:49:27 +0000"
    },
    "done": true
  },
  "soulsweapons:lord_soul": {
    "criteria": {
      "soul": "2024-10-08 04:49:28 +0000"
    },
    "done": true
  },
  "soulsweapons:hunter_pistol": {
    "criteria": {
      "weapon": "2024-10-08 05:12:26 +0000"
    },
    "done": true
  },
  "soulsweapons:nightfall": {
    "criteria": {
      "weapon": "2024-10-08 05:15:52 +0000"
    },
    "done": true
  },
  "minecraft:husbandry/tame_an_animal": {
    "criteria": {
      "tamed_animal": "2024-10-08 16:11:12 +0000"
    },
    "done": true
  },
  "soulsweapons:moonstone": {
    "criteria": {
      "item": "2024-10-08 16:12:38 +0000"
    },
    "done": true
  },
  "betterdungeons:small_dungeon": {
    "criteria": {
      "in_better_monster_room": "2024-10-08 16:19:09 +0000"
    },
    "done": true
  },
  "tombstone:adventure/strong_or_careful": {
    "criteria": {
      "coded_trigger": "2024-10-08 16:33:40 +0000"
    },
    "done": true
  },
  "tombstone:adventure/create_familiar_receptacle": {
    "criteria": {
      "has_receptacle_of_familiar": "2024-10-08 17:32:28 +0000"
    },
    "done": true
  },
  "tombstone:adventure/create_magic_scroll": {
    "criteria": {
      "has_magic_scroll": "2024-10-08 18:09:54 +0000"
    },
    "done": true
  },
  "minecraft:story/deflect_arrow": {
    "criteria": {
      "deflected_projectile": "2024-10-08 18:11:49 +0000"
    },
    "done": true
  },
  "DataVersion": 3465
}