{
  "mowziesmobs:root": {
    "criteria": {
      "custom_test_name": "2024-10-08 02:40:20 +0000"
    },
    "done": true
  },
  "betterdungeons:root": {
    "criteria": {
      "always": "2024-10-08 02:40:20 +0000"
    },
    "done": true
  },
  "betterdeserttemples:root": {
    "criteria": {
      "always": "2024-10-08 02:40:20 +0000"
    },
    "done": true
  },
  "cataclysm:root": {
    "criteria": {
      "custom_test_name": "2024-10-08 02:40:20 +0000"
    },
    "done": true
  },
  "minecraft:adventure/adventuring_time": {
    "criteria": {
      "minecraft:old_growth_pine_taiga": "2024-10-08 04:22:52 +0000",
      "minecraft:taiga": "2024-10-08 02:54:46 +0000",
      "minecraft:windswept_hills": "2024-10-08 02:40:21 +0000",
      "minecraft:river": "2024-10-08 04:24:29 +0000",
      "minecraft:snowy_plains": "2024-10-08 18:16:40 +0000",
      "minecraft:dripstone_caves": "2024-10-08 02:58:17 +0000",
      "minecraft:snowy_taiga": "2024-10-08 18:16:27 +0000",
      "minecraft:swamp": "2024-10-08 18:29:16 +0000",
      "minecraft:forest": "2024-10-08 02:40:47 +0000",
      "minecraft:windswept_forest": "2024-10-08 04:18:01 +0000",
      "minecraft:old_growth_spruce_taiga": "2024-10-08 04:24:35 +0000",
      "minecraft:windswept_gravelly_hills": "2024-10-08 04:10:51 +0000",
      "minecraft:plains": "2024-10-08 04:10:11 +0000"
    },
    "done": false
  },
  "tombstone:adventure/root": {
    "criteria": {
      "auto": "2024-10-08 02:40:21 +0000"
    },
    "done": true
  },
  "endrem:main/lost_eye": {
    "criteria": {
      "lost_eye": "2024-10-08 02:41:11 +0000"
    },
    "done": true
  },
  "endrem:main/root": {
    "criteria": {
      "lost_eye": "2024-10-08 02:41:11 +0000"
    },
    "done": true
  },
  "minecraft:story/root": {
    "criteria": {
      "crafting_table": "2024-10-08 02:52:24 +0000"
    },
    "done": true
  },
  "soulsweapons:root": {
    "criteria": {
      "crafting_table": "2024-10-08 02:52:24 +0000"
    },
    "done": true
  },
  "minecraft:story/mine_stone": {
    "criteria": {
      "get_stone": "2024-10-08 02:52:51 +0000"
    },
    "done": true
  },
  "minecraft:story/upgrade_tools": {
    "criteria": {
      "stone_pickaxe": "2024-10-08 02:53:32 +0000"
    },
    "done": true
  },
  "minecraft:adventure/root": {
    "criteria": {
      "killed_something": "2024-10-08 02:54:48 +0000"
    },
    "done": true
  },
  "minecraft:story/smelt_iron": {
    "criteria": {
      "iron": "2024-10-08 03:00:12 +0000"
    },
    "done": true
  },
  "minecraft:story/iron_tools": {
    "criteria": {
      "iron_pickaxe": "2024-10-08 03:00:15 +0000"
    },
    "done": true
  },
  "minecraft:husbandry/root": {
    "criteria": {
      "consumed_item": "2024-10-08 03:04:53 +0000"
    },
    "done": true
  },
  "minecraft:husbandry/balanced_diet": {
    "criteria": {
      "cooked_porkchop": "2024-10-08 20:21:12 +0000",
      "cooked_mutton": "2024-10-08 17:49:15 +0000",
      "cooked_beef": "2024-10-08 03:05:00 +0000",
      "apple": "2024-10-08 03:38:49 +0000",
      "bread": "2024-10-08 03:35:06 +0000",
      "rotten_flesh": "2024-10-08 03:41:18 +0000",
      "salmon": "2024-10-08 17:41:21 +0000",
      "cooked_rabbit": "2024-10-08 20:39:27 +0000",
      "carrot": "2024-10-08 04:00:01 +0000"
    },
    "done": false
  },
  "quark:mine_toretoise": {
    "criteria": {
      "mine_toretoise": "2024-10-08 03:05:06 +0000"
    },
    "done": true
  },
  "tombstone:adventure/first_grave": {
    "criteria": {
      "coded_trigger": "2024-10-08 03:05:50 +0000"
    },
    "done": true
  },
  "tombstone:recipes/from_grave_key": {
    "criteria": {
      "has_ingredient": "2024-10-08 03:05:51 +0000"
    },
    "done": true
  },
  "tombstone:adventure/cancel_ghostly_shape": {
    "criteria": {
      "coded_trigger": "2024-10-08 03:06:59 +0000"
    },
    "done": true
  },
  "soulsweapons:verglas": {
    "criteria": {
      "item": "2024-10-08 03:07:44 +0000"
    },
    "done": true
  },
  "minecraft:story/mine_diamond": {
    "criteria": {
      "diamond": "2024-10-08 03:12:07 +0000"
    },
    "done": true
  },
  "minecraft:story/obtain_armor": {
    "criteria": {
      "iron_boots": "2024-10-08 03:12:40 +0000"
    },
    "done": true
  },
  "soulsweapons:moonstone": {
    "criteria": {
      "item": "2024-10-08 03:13:19 +0000"
    },
    "done": true
  },
  "minecraft:adventure/kill_all_mobs": {
    "criteria": {
      "minecraft:skeleton": "2024-10-08 03:37:38 +0000",
      "minecraft:vindicator": "2024-10-08 04:31:10 +0000",
      "minecraft:spider": "2024-10-08 03:30:34 +0000",
      "minecraft:endermite": "2024-10-08 18:44:25 +0000",
      "minecraft:zombie": "2024-10-08 03:17:06 +0000"
    },
    "done": false
  },
  "minecraft:adventure/kill_a_mob": {
    "criteria": {
      "minecraft:zombie": "2024-10-08 03:17:06 +0000"
    },
    "done": true
  },
  "tombstone:recipes/from_grave_dust": {
    "criteria": {
      "has_ingredient": "2024-10-08 03:19:44 +0000"
    },
    "done": true
  },
  "tombstone:adventure/find_grave_dust": {
    "criteria": {
      "from_undead": "2024-10-08 03:21:37 +0000"
    },
    "done": true
  },
  "tombstone:adventure/first_knowledge": {
    "criteria": {
      "coded_trigger": "2024-10-08 03:21:37 +0000"
    },
    "done": true
  },
  "tombstone:adventure/ashes_and_bones": {
    "criteria": {
      "coded_trigger": "2024-10-08 03:21:46 +0000"
    },
    "done": true
  },
  "tombstone:adventure/create_magic_scroll": {
    "criteria": {
      "has_magic_scroll": "2024-10-08 03:25:57 +0000"
    },
    "done": true
  },
  "minecraft:story/shiny_gear": {
    "criteria": {
      "diamond_leggings": "2024-10-08 03:25:58 +0000"
    },
    "done": true
  },
  "tombstone:adventure/use_true_sight": {
    "criteria": {
      "has_magic_scroll": "2024-10-08 03:26:03 +0000"
    },
    "done": true
  },
  "tombstone:adventure/choose_knowledge": {
    "criteria": {
      "coded_trigger": "2024-10-08 03:26:05 +0000"
    },
    "done": true
  },
  "tombstone:adventure/use_feather_fall": {
    "criteria": {
      "has_magic_scroll": "2024-10-08 03:38:57 +0000"
    },
    "done": true
  },
  "tombstone:adventure/bone_crusher": {
    "criteria": {
      "coded_trigger": "2024-10-08 03:41:07 +0000"
    },
    "done": true
  },
  "tombstone:adventure/enchant_grave_key": {
    "criteria": {
      "has_upgraded_grave_key": "2024-10-08 03:43:09 +0000"
    },
    "done": true
  },
  "tombstone:adventure/teleport_to_grave": {
    "criteria": {
      "coded_trigger": "2024-10-08 03:43:14 +0000"
    },
    "done": true
  },
  "betterdungeons:all_dungeons": {
    "criteria": {
      "in_better_zombie_dungeon": "2024-10-08 04:06:24 +0000"
    },
    "done": false
  },
  "betterdungeons:zombie_dungeon": {
    "criteria": {
      "in_better_zombie_dungeon": "2024-10-08 04:06:24 +0000"
    },
    "done": true
  },
  "tombstone:adventure/chain_death": {
    "criteria": {
      "coded_trigger": "2024-10-08 04:45:22 +0000"
    },
    "done": true
  },
  "soulsweapons:all_weapons": {
    "criteria": {
      "draugr": "2024-10-08 04:50:03 +0000",
      "nightfall": "2024-10-08 20:32:30 +0000"
    },
    "done": false
  },
  "minecraft:adventure/sleep_in_bed": {
    "criteria": {
      "slept_in_bed": "2024-10-08 17:42:16 +0000"
    },
    "done": true
  },
  "minecraft:story/form_obsidian": {
    "criteria": {
      "obsidian": "2024-10-08 18:29:45 +0000"
    },
    "done": true
  },
  "quark:get_all_blossom_saplings": {
    "criteria": {
      "yellow": "2024-10-08 18:42:56 +0000"
    },
    "done": false
  },
  "minecraft:adventure/shoot_arrow": {
    "criteria": {
      "shot_arrow": "2024-10-08 20:27:20 +0000"
    },
    "done": true
  },
  "soulsweapons:nightfall": {
    "criteria": {
      "weapon": "2024-10-08 20:32:30 +0000"
    },
    "done": true
  },
  "soulsweapons:returning_knight": {
    "criteria": {
      "soulsweapons:returning_knight": "2024-10-08 20:32:30 +0000"
    },
    "done": true
  },
  "soulsweapons:lord_soul": {
    "criteria": {
      "soul": "2024-10-08 20:32:32 +0000"
    },
    "done": true
  },
  "DataVersion": 3465
}